#usda 1.0
(
    defaultPrim = "Forest"
    upAxis = "Y"
    metersPerUnit = 1
)

def Xform "Forest"
{
    def Mesh "Ground"
    {
        point3f[] points = [(-43, -0.1, -43), (43, -0.1, -43), (43, 0, -43), (-43, 0, -43), (-43, -0.1, 43), (43, -0.1, 43), (43, 0, 43), (-43, 0, 43)]
        int[] faceVertexCounts = [4, 4, 4, 4, 4, 4]
        int[] faceVertexIndices = [0, 3, 2, 1, 4, 5, 6, 7, 0, 1, 5, 4, 1, 2, 6, 5, 2, 3, 7, 6, 3, 0, 4, 7]
        uniform token subdivisionScheme = "none"
    }
    def PointInstancer "Trees"
    {
        rel prototypes = [</Forest/Trees/Prototypes/Pine>, </Forest/Trees/Prototypes/Stone>]
        int[] protoIndices = [1, 0, 1, 0, 0, 0, 0, 0, 0, 0, 0, 0, 0, 0, 0, 0, 1, 0, 0, 1, 0, 1, 1, 0, 0, 0, 0, 1, 0, 1, 0, 0, 0, 1, 0, 0, 0, 0, 0, 0, 0, 0, 0, 0, 1, 0, 0, 0, 0, 0, 0, 0, 1, 0, 0, 0, 0, 1, 1, 0, 0, 0, 0, 0, 1, 1, 0, 0, 0, 0, 0, 0, 0, 0, 0, 0, 0, 0, 0, 0, 1, 0, 0, 1, 0, 1, 0, 0, 0, 0, 1, 0, 0, 0, 0, 0, 0, 0, 1, 0, 0, 0, 0, 0, 0, 0, 0, 0, 1, 0, 0, 0, 0, 0, 0, 0, 0, 0, 0, 1, 1, 0, 0, 0, 1, 0, 0, 0, 0, 0, 0, 0, 0, 0, 0, 1, 0, 0, 0, 0, 0, 1, 0, 0, 0, 1, 1, 0, 0, 0, 0, 0, 0, 1, 0, 0, 1, 0, 0, 0, 0, 0, 0, 0, 0, 0, 0, 0, 1, 0, 0, 1, 0, 0, 1, 0, 0, 0, 0, 0, 0, 0, 0, 0, 0, 0, 0, 0, 0, 0, 0, 0, 0, 0, 0, 0, 0, 0, 0, 0, 0, 1, 0, 0, 0, 0, 0, 0, 0, 0, 0, 0, 0, 0, 0, 0, 0, 0, 0, 0, 0, 0, 0, 0, 1, 0, 0, 0, 1, 0, 0, 1, 0, 0, 0, 0, 0, 1, 0, 0, 1, 0, 0, 0, 0, 0, 1, 0, 1, 0, 0, 1, 1, 0, 0, 0, 1, 0, 0, 0, 0, 0, 0, 0, 1, 0, 1, 1, 0, 1, 0, 1, 0, 0, 0, 0, 0, 0, 0, 0, 1, 0, 0, 0, 0, 0, 0, 0, 0, 0, 1, 0, 0, 0, 0, 0, 0, 0, 0, 1, 0, 0, 0, 0, 0, 0, 0, 0, 0, 0, 0, 0, 0, 0, 0, 0, 0, 1, 1, 0, 0, 0, 0, 0, 0, 0, 0, 1, 0, 0, 0, 0, 0, 0, 1, 0, 0, 0, 0, 1, 0, 0, 1, 0, 1, 0, 0, 0, 0, 0, 0, 0, 1, 0, 0, 0, 0, 0, 0, 1, 0, 0, 0, 0, 0, 0, 0, 0, 0, 0, 0, 1, 0, 0, 0, 0, 0, 0, 0, 1, 0, 0, 0, 0, 0, 0, 1, 0, 0, 0, 0, 0, 0, 0, 0, 1, 0, 0, 0, 0, 1, 0, 0, 0, 0, 0, 0, 1, 0, 0, 1, 0, 0, 0, 0, 0, 0, 0, 0, 1, 0, 0, 1, 0, 0, 1, 0, 0, 0, 0, 0, 0, 0, 0, 0, 0, 0, 0, 0, 0, 0, 0, 0, 0, 0, 0, 0, 0, 0, 1, 1, 1, 0, 0, 0, 0, 0, 0, 0, 0, 0, 1, 0, 0, 0, 0, 0, 0, 0, 0, 0, 0, 0, 0, 0, 0, 1, 0, 0, 0, 0, 1, 0, 1, 0, 0, 0, 0, 0, 0, 0, 0, 0, 1, 0, 0, 0, 1, 0, 0, 0, 1, 0, 0, 0, 0, 0, 0, 0, 1, 0, 0, 0, 0, 0, 0, 0, 0, 0, 1, 0, 1, 0, 1, 0, 1, 0, 0, 0, 0, 0, 0, 0, 1, 1, 0, 0, 0, 0, 0, 0, 0, 1, 0, 0, 0, 0, 0, 0, 0, 0, 0, 0, 0, 0, 1, 0, 0, 0, 0, 0, 0, 0, 0, 0, 0, 0, 0, 0, 0, 1, 0, 0, 1, 0, 1, 0, 0, 0, 0, 0, 1, 0, 0, 0, 0, 0, 0, 0, 0, 0, 1, 0, 0, 0, 0, 1, 0, 0, 0, 0, 0, 0, 0, 0, 0, 1, 0, 1, 0, 0, 1, 0, 1, 0, 0, 0, 0, 0, 1, 0, 0, 0, 0, 0, 0, 0, 0, 0, 0, 0, 0, 0, 0, 1, 0, 0, 0, 0, 0, 0, 0, 0, 0, 0, 1, 0, 0, 0, 0, 0, 0, 0, 0, 0, 0, 0, 0, 0, 0, 0, 0, 0, 0, 0, 0, 0, 0, 0, 0, 0, 1, 0, 1, 0, 0, 0, 1, 0, 0, 0, 0, 0, 0, 0, 0, 0, 0, 0, 0, 1, 0, 1, 0, 0, 0, 0, 0, 0, 0, 0, 0, 0, 0, 1, 0, 1, 0, 0, 0, 0, 0, 0, 0, 0, 0, 0, 0, 0, 1, 0, 0, 1, 0, 0, 0, 0, 0, 0, 0, 0, 0, 0, 1, 0, 0, 0, 0, 0, 0, 0, 0, 0, 0, 0, 0, 0, 0, 1, 0, 0, 0, 0, 0, 0, 0, 0, 0, 0, 1, 0, 0, 0, 0, 0, 1, 1, 0, 0, 0, 0, 0, 0, 0, 0, 0, 0, 0, 0, 0, 0, 0, 0, 1, 0, 0, 0, 0, 0, 1, 1, 0, 0, 1, 1, 0, 1, 0, 0, 0, 0, 0, 0, 0, 0, 0, 0, 0, 0, 0, 1, 1, 0, 0, 0, 0, 0, 0, 1, 0, 1, 0, 0, 0, 1, 0, 0, 0, 0, 0, 0, 0, 0, 0, 0, 0, 0, 0, 0, 0, 0, 0, 1, 0, 0, 0, 1, 0, 0, 0, 0, 0, 0, 0, 1, 0, 0, 1, 0, 0, 0, 0, 1, 0, 0, 0, 0, 0, 0, 0, 0, 0, 0, 0, 0, 0, 0, 1, 0, 1, 0, 1, 0, 0, 0, 0, 1, 0, 0, 0, 0, 0, 0, 0, 0, 0, 0, 0, 0, 0, 0, 0, 0, 0, 0, 0, 0, 0, 0, 0, 1, 0, 0, 1, 0, 0, 1, 1, 1, 0, 0, 1, 0, 0, 1, 0, 0, 0, 0, 0, 1, 1, 1, 0, 0, 0, 0, 1, 0, 0, 0, 0, 1, 0, 0, 0, 0, 0, 0, 0, 0, 0, 1, 0, 0, 0, 1, 0, 0, 0, 0, 0, 0, 0, 0, 0, 0, 0, 0, 0, 0, 0, 0, 0, 0, 0, 0, 0, 0, 0, 0, 0, 0, 1, 0, 1, 0, 0, 0, 0, 0, 1, 0, 0, 0, 0, 0, 1, 0, 0, 0, 0, 1, 0, 0, 1, 1, 0, 0, 0, 0, 0, 0, 0, 1, 1, 0, 0, 0, 1, 0, 0, 0, 0, 0, 0, 0, 0, 1, 0, 0, 0, 0, 0, 0, 0, 0, 0, 0, 0, 0, 0, 0, 0, 0, 1, 0, 0, 0, 0, 0, 0, 0, 0, 0, 0, 0, 1, 0, 0, 0, 1, 0, 0, 1, 0, 0, 0, 0, 0, 0, 0, 0, 1, 0, 0, 0, 0, 0, 0, 0, 0, 0, 0, 0, 0, 0, 0, 0, 1, 1, 0, 0, 0, 0, 0, 0, 0, 0, 0, 0, 0, 0, 0, 0, 0, 0, 0, 1, 0, 0, 0, 0, 1, 0, 0, 0, 0, 0, 0, 0, 0, 0, 0, 0, 0, 1, 1, 0, 1, 0, 0, 1, 1, 0, 1, 0, 0, 0, 0, 0, 0, 1, 0, 0, 0, 0, 0, 1, 0, 0, 1, 0, 0, 1, 0, 0, 0, 0, 1, 0, 0, 0, 0, 0, 1, 0, 1, 0, 1, 0, 0, 0, 1, 0, 1, 1, 0, 0, 0, 0, 0, 0, 0, 0, 0, 0, 0, 0, 0, 0, 0, 0, 0, 0, 0, 0, 0, 1, 0, 0, 0, 0, 0, 0, 0, 0, 0, 0, 0, 0, 0, 0, 0, 0, 1, 0, 1, 0, 0, 0, 0, 0, 0, 0, 0, 0, 0, 0, 0, 1, 0, 0, 0, 1, 1, 0, 0, 0, 0, 0, 0, 1, 0, 0, 0, 0, 0, 0, 0, 0, 0, 1, 0, 1, 0, 0, 0, 0, 1, 0, 0, 1, 0, 1, 0, 0, 0, 0, 0, 0, 0, 0, 0, 0, 0, 0, 0, 1, 0, 0, 0, 0, 0, 0, 0, 0, 0, 0, 1, 0, 0, 0, 0, 1, 0, 0, 1, 0, 0, 0, 0, 0, 0, 0, 0, 0, 0, 0, 0, 1, 1, 1, 1, 0, 1, 0, 0, 0, 0, 0, 0, 0, 0, 0, 0, 0, 0, 0, 0, 0, 0, 0, 1, 0, 0, 0, 1, 1, 0, 0, 0, 0, 0, 0, 0, 0, 0, 0, 1, 0, 0, 1, 0, 0, 0, 0, 0, 0, 0, 0, 0, 0, 0, 0, 0, 0, 0, 1, 1, 0, 1, 1, 1, 0, 0, 0, 0, 0, 0, 0, 0, 0, 0, 0, 0, 0, 0, 0, 0, 0, 0, 1, 0, 1, 1, 0, 1, 1, 0, 0, 0, 0, 1, 0, 0, 0, 0, 0, 0, 0, 0, 1, 0, 0, 0, 0, 0, 1, 1, 0, 0, 0, 0, 0, 0, 1, 0, 0, 0, 0, 0, 0, 0, 0, 0, 0, 0, 0, 0, 0, 0, 0, 0, 0, 0, 0, 0, 0, 0, 0, 0, 0, 0, 0, 0, 0, 0, 0, 0, 0, 0, 0, 0, 1, 0, 0, 0, 1, 0, 1, 0, 0, 1, 0, 0, 0, 0, 0, 0, 0, 0, 0, 0, 1, 0, 1, 1, 1, 0, 0, 0, 0, 0, 0, 0, 1, 1, 0, 0, 0, 0, 0, 1, 0, 0, 0, 0, 0, 0, 1, 0, 1, 0, 0, 0, 0, 0, 0, 1, 1, 0, 0, 0, 0, 1, 0, 0, 0, 0, 1, 0, 0, 0, 0, 0, 0, 0, 1, 0, 0, 0, 0, 0, 0, 0, 0, 0, 1, 0, 0, 0, 0, 0, 0, 1, 1, 0, 0, 0, 0, 1, 0, 0, 1, 1, 0, 1, 0, 1, 0, 0, 0, 1, 0, 0, 0, 0, 0, 0, 0, 0, 0, 0, 1, 0, 0, 0, 0, 0, 0, 1, 1, 0, 0, 0, 0, 0, 0, 0, 1, 0, 0, 0, 0, 0, 0, 0, 0, 1, 0, 0, 0, 0, 0, 0, 1, 0, 0, 0, 0, 0, 0, 0, 0, 1, 0, 0, 0, 0, 0, 1, 0, 0, 0, 0, 1, 0, 1, 0, 0, 1, 0, 0, 1, 0, 0, 0, 0, 0, 0, 0, 0, 0, 0, 0, 0, 0, 0, 0, 0, 0, 0, 0, 0, 1, 0, 0, 0, 0, 0, 1, 0, 1, 1, 0, 0, 0, 0, 0, 0, 0, 0, 0, 0, 1, 0, 0, 0, 0, 0, 0, 1, 1, 0, 0, 0, 0, 0, 0, 0, 0, 1, 0, 0, 1, 0, 0, 1, 0, 0, 0, 0, 0, 0, 0, 0, 0, 0, 0, 0, 0, 0, 0, 0, 0, 0, 0, 0, 0, 1, 0, 0, 0, 0, 1, 0, 1, 0, 0, 0, 0, 0, 0, 1, 0, 0, 1, 0, 0, 0, 0, 0, 0, 0, 0, 0, 0, 1, 0, 1, 0, 0, 0, 0, 0, 0, 0, 0, 1, 0, 0, 0, 0, 1, 0, 0, 1, 0, 0, 0, 1, 0, 0, 1, 0, 1, 0, 0, 1, 1, 0, 0, 0, 0, 0, 0, 0, 0, 0, 0, 0, 0, 0, 0, 0, 1, 0, 0, 0, 0, 0, 0, 0, 0, 0, 0, 1, 0, 0, 0, 1, 0, 0, 0, 1, 0, 0, 0, 0, 0, 0, 0, 0, 0, 0, 0, 0, 0, 0, 0, 0, 0, 0, 0, 0, 0, 0, 0, 0, 0, 0, 0, 0, 0, 0, 0, 0, 1, 0, 0, 0, 0, 0, 1, 1, 0, 0, 0, 0, 0, 0, 0, 0, 0, 0, 0, 0, 0, 0, 0, 0, 0, 1, 0, 0, 0, 0, 0, 0, 0, 0, 0, 0, 0, 0, 0, 0, 0, 0, 0, 0, 0, 0, 0, 0, 0, 0, 0, 0, 0, 1, 0, 0, 0, 0, 0, 0, 0, 0, 0, 0, 0, 0, 1, 0, 1, 0, 0, 0, 0, 0, 0, 0, 0, 0, 0, 0, 0, 1, 0, 0, 0, 1, 0, 0, 0, 0, 0, 0, 0, 0, 0, 0, 0, 1, 1, 0, 0, 0, 0, 0, 1, 0, 1, 0, 1, 1, 0, 0, 1, 1, 0, 0, 1, 1, 0, 1, 0, 1, 0, 1, 0, 0, 0, 0, 0, 0, 0, 0, 1, 0, 0, 0, 0, 1, 0, 0, 0, 0, 0, 0, 0, 0, 0, 0, 0, 0, 0, 0, 0, 0, 0, 0, 0, 0, 0, 0, 0, 0, 1, 0, 0, 0, 0, 0, 0, 0, 0, 0, 0, 0, 1, 0, 0, 0, 0, 0, 0, 1, 0, 0, 0, 0, 0, 0, 0, 0, 1, 0, 0, 1, 0, 0, 0, 0, 0, 0, 0, 0, 0, 0, 0, 0, 0, 0, 0, 0, 1, 0, 0, 0, 1, 0, 0, 1, 0, 0, 0, 0, 0, 1, 0, 0, 0, 0, 0, 0, 0, 0, 0, 0, 0, 1, 0, 0, 0, 1, 0, 1, 0, 1, 0, 1, 1, 0, 0, 0, 1, 0, 0, 1, 1, 0, 0, 0, 0, 0, 0, 0, 0, 0, 0, 0, 1, 0, 0, 1, 0, 0, 1, 0, 0, 0, 1, 0, 0, 0, 0, 0, 0, 0, 0, 0, 0, 0, 0, 0, 0, 1, 0, 0, 1, 0, 0, 0, 0, 0, 0, 0, 0, 0, 1, 0, 1, 0, 0, 0, 0, 0, 0, 1, 0, 0, 1, 0, 0, 0, 0, 0, 0, 0, 1, 0, 0, 0, 0, 1, 0, 1, 0, 0, 0, 0, 0, 0, 1, 0, 0, 0, 0, 0, 0, 0, 1, 0, 1, 1, 0, 0, 0, 0, 0, 0, 0, 1, 1, 0, 0, 0, 0, 0, 0, 0, 0, 1, 0, 0, 0, 0, 0, 0, 0, 0, 0, 0, 0, 1, 0, 0, 1, 0, 0, 0, 0, 0, 0, 0, 0, 0, 0, 0, 0, 0, 0, 0, 1, 0, 0, 0, 0, 0, 0, 0, 0, 0, 0, 1, 1, 0, 0, 0, 0, 0, 0, 0, 0, 0, 0, 0, 0, 0, 0, 0, 0, 0, 0, 0, 0, 0, 0, 0, 0, 0, 0, 1, 0, 1, 0, 0, 0, 0, 0, 0, 0, 0, 0, 0, 0, 0, 0, 0, 1, 0, 0, 0, 0, 1, 0, 0, 0, 0, 1, 0, 0, 0, 1, 0, 0, 0, 1, 0, 0, 0, 0, 0, 0, 0, 0, 0, 0, 0, 0, 0, 0, 1, 0, 0, 0, 0, 1, 0, 0, 0, 0, 0, 0, 0, 0, 0, 0, 0, 0, 0, 0, 0, 0, 0, 0, 1, 0, 0, 0, 0, 0, 0, 0, 0, 0, 0, 0, 0, 0, 0, 0, 0, 0, 1, 1, 1, 0, 0, 0, 0, 0, 1, 0, 0, 0, 0, 0, 0, 0, 1, 0, 0, 0, 0, 0, 0, 1, 0, 0, 1, 0, 0, 0, 1, 0, 0, 0, 0, 1, 0, 0, 0, 0, 0, 0, 0, 0, 1, 1, 0, 0, 0, 0, 0, 0, 0, 0, 0, 0, 0, 0, 1, 1, 0, 0, 0, 0, 0, 0, 0, 0, 0, 0, 0, 0, 0, 0, 0, 0, 0, 0, 0, 0, 0, 1, 0, 0, 0, 0, 0, 0, 0, 0, 0, 1, 0, 1, 0, 0, 0, 0, 0, 0, 0, 0, 0, 0, 0, 1, 0, 0, 0, 0, 0, 0, 0, 0, 0, 0, 0, 0, 0, 0, 0, 0, 0, 0, 0, 1, 0, 1, 0, 0, 0, 0, 0, 0, 0, 0, 0, 0, 0, 0, 0, 0, 0, 0, 0, 1, 1, 0, 0, 0, 0, 1, 0, 0, 0, 0, 0, 0, 0, 0, 0, 0, 0, 0, 0, 0, 0, 0, 0, 0, 0, 0, 0, 0, 0, 0, 0, 0, 1, 1, 1, 0, 0, 0, 0, 0, 0, 1, 0, 0, 0, 0, 0, 1, 0, 0, 0, 0, 0, 0, 0, 0, 0, 0, 0, 0, 0, 1, 0, 0, 0, 0, 0, 0, 0, 0, 0, 0, 1, 1, 0, 0, 0, 1, 1, 0, 0, 0, 0, 0, 0, 0, 0, 0, 0, 0, 0, 0, 1, 0, 0, 0, 0, 0, 0, 0, 0, 0, 0, 0, 0, 0, 0, 0, 0, 1, 0, 0, 0, 0, 0, 0, 0, 1, 0, 0, 0, 0, 0, 0, 0, 0, 0, 0, 0, 0, 0, 0, 0, 0, 0, 0, 0, 0, 0, 0, 0, 0, 0, 0, 0, 0, 0, 0, 0, 1, 0, 0, 0, 0, 1, 0, 0, 0, 0, 0, 0, 1, 0, 0, 0, 0, 0, 0, 0, 0, 0, 1, 0, 0, 0, 0, 0, 1, 0, 0, 0, 0, 0, 1, 1, 0, 0, 0, 0, 0, 0, 0, 0, 0, 0, 0, 1, 0, 1, 1, 0, 0, 0, 0, 0, 0, 0, 0, 0, 0, 0, 0, 0, 0, 0, 0, 0, 1, 0, 0, 0, 0, 0, 0, 0, 0, 0, 0, 0, 1, 0, 0, 0, 0, 0, 0, 1, 0, 0, 0, 0, 0, 0, 0, 0, 0, 0, 0, 1, 0, 0, 0, 0, 0, 0, 0, 1, 1, 0, 0, 0, 0, 0, 0, 0, 0, 0, 0, 0, 0, 0, 0, 0, 0, 0, 0, 0, 0, 0, 0, 0, 0, 0, 0, 0, 0, 0, 0, 0, 0, 0, 0, 0, 1, 1, 0, 0, 0, 0, 0, 0, 0, 0, 0, 1, 0, 0, 0, 0, 0, 0, 0, 1, 0, 0, 0, 0, 1, 0, 0, 0, 1, 1, 0, 0, 1, 0, 0, 0, 0, 0, 0, 0, 0, 0, 0, 0, 0, 0, 0, 0, 0, 0, 0, 0, 0, 0, 0, 1, 0, 0, 0, 0, 0, 0, 0, 0, 0, 0, 0, 0, 0, 0, 0, 0, 0, 0, 1, 0, 0, 0, 0, 0, 0, 1, 0, 0, 0, 0, 0, 1, 0, 0, 1, 0, 0, 0, 0, 0, 0, 0, 0, 0, 0, 0, 0, 1, 0, 1, 0, 0, 0, 0, 0, 0, 0, 1, 1, 0, 0, 0, 0, 0, 0, 0, 0, 0, 0, 0, 0, 0, 1, 0, 0, 0, 0, 0, 0, 0, 0, 0, 0, 0, 0, 0, 0, 0, 0, 0, 0, 0, 0, 0, 1, 0, 1, 0, 0, 0, 0, 0, 0, 1, 0, 0, 0, 0, 0, 0, 1, 0, 0, 0, 1, 1, 0, 1, 0, 0, 0, 0, 0, 0, 0, 0, 0, 0, 0, 0, 1, 0, 0, 1, 1, 0, 0, 0, 0, 0, 1, 0, 0, 0, 0, 0, 1, 0, 0, 0, 0, 0, 0, 0, 0, 0, 0, 0, 0, 1, 0, 1, 1, 0, 0, 0, 0, 0, 1, 1, 0, 0, 0, 1, 0, 1, 0, 0, 0, 0, 0, 0, 0, 0, 1, 0, 0, 0, 0, 1, 1, 0, 0, 0, 0, 0, 0, 0, 0, 0, 0, 1, 0, 0, 0, 0, 0, 1, 0, 1, 0, 0, 0, 0, 0, 1, 0, 0, 0, 0, 1, 1, 0, 0, 0, 0, 1, 0, 0, 0, 1, 0, 0, 1, 0, 0, 0, 0, 0, 0, 0, 0, 0, 0, 1, 1, 1, 0, 0, 0, 0, 0, 0, 0, 0, 0, 0, 0, 0, 0, 0, 0, 0, 0, 0, 0, 1, 0, 0, 0, 0, 0, 0, 0, 0, 0, 0, 0, 0, 0, 0, 0, 0, 0, 0, 0, 0, 0, 0, 1, 1, 0, 0, 0, 0, 1, 0, 1, 0, 0, 0, 0, 0, 0, 0, 0, 0, 0, 0, 0, 1, 0, 0, 0, 0, 0, 0, 0, 0, 0, 0, 0, 0, 0, 0, 1, 0, 1, 0, 0, 0, 0, 0, 0, 0, 0, 0, 0, 0, 0, 0, 0, 1, 1, 0, 0, 0, 0, 0, 0, 0, 1, 0, 0, 1, 0, 0, 0, 0, 0, 0, 0, 0, 0, 1, 0, 0, 0, 0, 1, 0, 1, 0, 0, 0, 0, 0, 0, 0, 0, 0, 0, 0, 0, 0, 0, 0, 0, 1, 0, 0, 0, 1, 0, 0, 0, 0, 0, 0, 1, 0, 0, 0, 0, 0, 0, 0, 1, 0, 0, 0, 0, 0, 0, 0, 0, 0, 1, 0, 1, 0, 0, 1, 0, 1, 0, 0, 0, 0, 0, 0, 0, 0, 0, 0, 0, 1, 0, 0, 0, 1, 0, 0, 0, 0, 0, 0, 0, 1, 0, 0, 0, 0, 1, 0, 1, 0, 0, 0, 0, 0, 0, 0, 0, 0, 0, 1, 0, 1, 0, 0, 0, 0, 0, 0, 0, 0, 0, 0, 0, 0, 0, 0, 0, 0, 0, 0, 0, 0, 0, 0, 0, 0, 0, 0, 0, 0, 0, 0, 0, 1, 0, 0, 0, 1, 0, 0, 0, 0, 0, 1, 0, 0, 0, 0, 0, 0, 0, 0, 0, 0, 0, 0, 0, 0, 0, 0, 0, 1, 0, 0, 0, 1, 0, 1, 0, 0, 0, 0, 0, 1, 0, 1, 0, 0, 0, 0, 0, 0, 0, 0, 0, 0, 0, 0, 0, 0, 0, 0, 0, 0, 0, 0, 0, 1, 0, 1, 1, 0, 1, 0, 0, 1, 0, 0, 0, 1, 0, 0, 0, 0, 0, 1, 1, 0, 0, 0, 0, 0, 1, 0, 0, 0, 0, 0, 0, 0, 0, 0, 1, 0, 1, 0, 0, 0, 0, 0, 0, 0, 0, 0, 0, 1, 0, 0, 1, 0, 0, 0, 0, 0, 0, 0, 0, 0, 0, 0, 0, 1, 0, 0, 0, 1, 0, 0, 0, 0, 0, 0, 0, 0, 0, 0, 0, 0, 1, 0, 0, 0, 0, 0, 0, 0, 0, 0, 0, 1, 0, 0, 0, 0, 0, 0, 0, 0, 1, 0, 0, 0, 0, 0, 0, 0, 1, 0, 0, 0, 0, 0, 1, 0, 0, 0, 1, 0, 1, 0, 0, 0, 0, 0, 0, 0, 0, 0, 1, 0, 1, 0, 1, 0, 0, 0, 1, 0, 0, 0, 0, 0, 0, 0, 0, 1, 0, 0, 0, 1, 0, 0, 0, 0, 0, 0, 0, 0, 0, 0, 0, 0, 0, 0, 0, 0, 1, 0, 0, 0, 0, 0, 0, 0, 0, 1, 0, 0, 0, 0, 0, 0, 0, 0, 1, 0, 0, 0, 0, 0, 0, 0, 0, 0, 1, 0, 1, 0, 0, 0, 0, 0, 1, 0, 0, 0, 0, 0, 0, 0, 0, 0, 0, 0, 0, 0, 0, 0, 0, 0, 0, 0, 0, 0, 0, 0, 1, 0, 0, 1, 0, 0, 0, 0, 0, 0, 0, 0, 0, 0, 0, 0, 0, 1, 0, 1, 0, 0, 0, 0, 0, 0, 0, 0, 1, 0, 0, 1, 0, 0, 0, 0, 0, 0, 0, 1, 1, 0, 0, 0, 0, 0, 0, 0, 0, 0, 0, 0, 0, 0, 0, 0, 0, 0, 0, 0, 0, 0, 0, 0, 0, 0, 0, 0, 0, 0, 0, 1, 0, 0, 0, 0, 1, 0, 0, 0, 1, 0, 0, 0, 0, 1, 0, 0, 0, 1, 1, 0, 0, 0, 0, 0, 0, 0, 0, 0, 0, 0, 0, 0, 0, 1, 0, 0, 0, 0, 0, 0, 0, 0, 0, 0, 0, 0, 0, 0, 0, 0, 0, 0, 0, 0, 0, 0, 0, 0, 0, 0, 1, 0, 0, 0, 0, 1, 0, 0, 0, 0, 0, 0, 0, 0, 0, 0, 0, 1, 0, 0, 0, 0, 0, 0, 0, 0, 0, 0, 0, 0, 0, 0, 0, 0, 0, 0, 0, 0, 1, 0, 0, 0, 1, 0, 0, 0, 0, 0, 0, 0, 0, 1, 0, 0, 0, 1, 0, 0, 0, 0, 1, 0, 0, 0, 0, 0, 1, 0, 0, 0, 0, 0, 0, 0, 0, 0, 0, 0, 0, 0, 0, 0, 0, 0, 0, 0, 0, 0, 0, 0, 0, 0, 0, 0, 0, 0, 0, 1, 0, 0, 0, 0, 0, 0, 0, 1, 0, 1, 0, 1, 0, 0, 0, 0, 0, 0, 0, 0, 0, 0, 0, 0, 0, 0, 1, 0, 1, 0, 0, 0, 0, 0, 0, 0, 0, 0, 0, 0, 0, 0, 0, 0, 0, 0, 1, 0, 0, 0, 0, 0, 0, 0, 0, 0, 0, 1, 0, 0, 0, 0, 0, 0, 0, 0, 0, 0, 0, 0, 0, 0, 0, 0, 0, 0, 0, 0, 1, 0, 0, 0, 0, 0, 0, 0, 1, 0, 1, 1, 0, 0, 0, 1, 0, 0, 1, 0, 0, 1, 0, 0, 0, 0, 0, 0, 0, 0, 0, 0, 0, 0, 0, 0, 0, 0, 0, 0, 0, 0, 0, 0, 0, 1, 1, 0, 0, 0, 0, 0, 0, 0, 0, 0, 0, 0, 0, 1, 0, 0, 0, 0, 0, 1, 0, 0, 0, 0, 0, 0, 0, 0, 0, 0, 0, 0, 0, 0, 0, 0, 0, 1, 0, 0, 1, 0, 0, 0, 0, 0, 0, 0, 0, 0, 0, 0, 0, 0, 1, 0, 1, 0, 0, 1, 0, 0, 1, 0, 1, 0, 0, 1, 1, 1, 0, 0, 0, 1, 0, 1, 0, 0, 1, 0, 0, 0, 0, 0, 0, 0, 0, 0, 0, 0, 0, 0, 0, 0, 0, 0, 1, 0, 0, 0, 0, 0, 0, 0, 0, 0, 1, 0, 1, 0, 0, 0, 0, 0, 0, 0, 1, 0, 0, 1, 0, 0, 0, 0, 1, 0, 0, 1, 0, 0, 1, 0, 0, 0, 0, 0, 0, 1, 0, 0, 0, 0, 0, 0, 0, 0, 0, 1, 0, 1, 0, 0, 0, 0, 0, 1, 0, 0, 0, 0, 0, 1, 0, 0, 0, 0, 0, 0, 1, 0, 0, 1, 0, 0, 0, 0, 0, 0, 0, 0, 0, 1, 0, 0, 0, 1, 0, 0, 0, 0, 0, 0, 0, 0, 0, 0, 1, 0, 0, 0, 1, 0, 0, 0, 1, 0, 0, 0, 0, 0, 0, 0, 0, 0, 0, 0, 0, 0, 0, 0, 0, 0, 0, 0, 0, 0, 0, 1, 0, 0, 0, 0, 1, 0, 0, 0, 1, 0, 0, 1, 0, 0, 0, 1, 0, 0, 0, 1, 0, 1, 0, 0, 0, 1, 0, 0, 0, 0, 0, 0, 0, 0, 0, 1, 0, 0, 0, 0, 0, 1, 0, 0, 0, 1, 0, 0, 1, 0, 0, 0, 0, 1, 1, 0, 1, 0, 0, 1, 0, 0, 0, 0, 0, 1, 0, 0, 0, 1, 1, 0, 0, 0, 0, 0, 0, 0, 0, 0, 0, 0, 0, 1, 0, 0, 0, 0, 1, 0, 0, 0, 0, 0, 0, 0, 0, 0, 0, 0, 1, 0, 0, 0, 0, 1, 0, 1, 0, 0, 0, 0, 0, 0, 0, 0, 0, 0, 0, 0, 0, 0, 0, 1, 1, 0, 0, 0, 0, 0, 0, 0, 0, 0, 0, 0, 0, 0, 1, 0, 0, 0, 1, 0, 1, 0, 0, 0, 0, 0, 0, 0, 0, 0, 0, 1, 0, 0, 0, 0, 0, 0, 1, 0, 1, 0, 0, 0, 0, 1, 0, 0, 0, 0, 0, 0, 0, 0, 0, 0, 0, 0, 0, 0, 0, 0, 0, 0, 0, 0, 0, 0, 0, 0, 0, 0, 0, 1, 0, 0, 0, 0, 0, 0, 0, 0, 0, 0, 0, 0, 0, 0, 0, 0, 0, 0, 0, 0, 0, 0, 1, 0, 1, 0, 0, 0, 0, 0, 0, 0, 0, 0, 0, 0, 0, 0, 1, 0, 0, 0, 0, 0, 1, 1, 1, 0, 1, 0, 0, 0, 0, 0, 0, 1, 0, 0, 0, 0, 1, 0, 0, 0, 1, 1, 0, 0, 0, 0, 0, 0, 0, 0, 0, 0, 1, 1, 1, 0, 0, 1, 0, 0, 1, 0, 0, 0, 0, 0, 0, 0, 0, 0, 1, 0, 0, 1, 0, 0, 0, 0, 0, 0, 0, 0, 0, 0, 0, 0, 0, 0, 1, 0, 0, 0, 0, 1, 0, 0, 0, 1, 0, 0, 0, 0, 0, 0, 1, 0, 0, 0, 0, 0, 0, 0, 0, 0, 0, 0, 0, 0, 0, 0, 0, 0, 0, 0, 0, 0, 0, 1, 0, 0, 0, 0, 0, 0, 1, 0, 0, 0, 0, 0, 0, 0, 1, 0, 0, 0, 0, 0, 0, 0, 1, 0, 0, 0, 0, 0, 0, 1, 0, 0, 0, 0, 0, 0, 1, 0, 1, 0, 0, 1, 0, 0, 0, 0, 1, 0, 0, 1, 0, 0, 0, 0, 1, 0, 0, 0, 0, 1, 1, 1, 0, 0, 0, 0, 0, 0, 0, 1, 0, 0, 0, 0, 1, 0, 0, 0, 0, 0, 0, 0, 0, 0, 0, 0, 0, 0, 1, 0, 0, 1, 0, 0, 0, 1, 0, 1, 0, 0, 0, 0, 0, 1, 0, 0, 0, 0, 0, 1, 0, 1, 0, 0, 0, 0, 0, 0, 0, 0, 0, 0, 0, 0, 0, 0, 0, 1, 0, 0, 0, 1, 0, 0, 0, 1, 0, 0, 0, 0, 0, 0, 0, 0, 0, 1, 1, 1, 0, 0, 0, 0, 1, 0, 1, 0, 1, 1, 0, 0, 0, 0, 0, 0, 0, 0, 0, 0, 0, 0, 0, 1, 0, 1, 0, 0, 0, 0, 1, 0, 0, 1, 0, 1, 0, 0, 0, 0, 0, 1, 1, 1, 0, 0, 0, 0, 0, 0, 0, 0, 0, 0, 0, 0, 0, 0, 1, 0, 0, 0, 1, 0, 0, 1, 1, 0, 0, 0, 0, 0, 1, 0, 0, 1, 0, 0, 0, 0, 0, 0, 0, 0, 0, 0, 0, 0, 0, 0, 0, 0, 0, 0, 0, 1, 1, 0, 0, 0, 0, 0, 0, 0, 0, 0, 0, 0, 0, 0, 0, 0, 0, 0, 0, 0, 0, 0, 0, 0, 1, 0, 0, 0, 0, 0, 0, 0, 1, 0, 0, 0, 0, 0, 0, 0, 0, 1, 0, 0, 0, 0, 0, 0, 0]
        point3f[] positions = [(-40.9521, 0, -41.2962), (-40.9236, 0, -40.4374), (-40.9555, 0, -39.3103), (-41.6735, 0, -37.7548), (-41.1725, 0, -36.8586), (-41.8336, 0, -35.1333), (-41.7625, 0, -34.1872), (-41.4435, 0, -32.5578), (-41.1954, 0, -31.7151), (-40.909, 0, -31.033), (-41.9351, 0, -29.6943), (-41.048, 0, -27.7697), (-41.9939, 0, -26.6713), (-40.9296, 0, -25.2191), (-41.5269, 0, -24.7542), (-40.9995, 0, -23.879), (-41.4451, 0, -22.3746), (-41.5614, 0, -21.5495), (-41.7644, 0, -20.1396), (-41.9619, 0, -19.0587), (-41.4863, 0, -17.9562), (-41.2331, 0, -16.1699), (-41.081, 0, -15.1792), (-41.684, 0, -13.5796), (-40.8139, 0, -12.8488), (-41.9351, 0, -11.1343), (-41.1055, 0, -9.9029), (-41.0004, 0, -9.4978), (-41.0732, 0, -7.5713), (-41.886, 0, -6.5852), (-40.9377, 0, -5.0607), (-41.285, 0, -4.6844), (-40.9428, 0, -3.19), (-41.2564, 0, -1.9113), (-41.1331, 0, -0.2421), (-41.5753, 0, 0.1326), (-41.2944, 0, 2.2374), (-41.5835, 0, 3.5951), (-41.5681, 0, 4.3912), (-41.1742, 0, 5.4133), (-41.8442, 0, 6.2909), (-41.9599, 0, 7.5038), (-40.86, 0, 8.4706), (-41.8519, 0, 9.8653), (-41.0574, 0, 11.6114), (-41.5946, 0, 12.33), (-41.7163, 0, 14.1538), (-41.8174, 0, 14.6946), (-41.1946, 0, 16.5193), (-41.1818, 0, 17.3307), (-41.7297, 0, 18.2032), (-41.5903, 0, 20.0069), (-41.6853, 0, 21.3573), (-41.6819, 0, 22.6948), (-41.9677, 0, 23.4477), (-41.3713, 0, 25.0255), (-40.8825, 0, 26.118), (-41.4565, 0, 26.8043), (-41.2231, 0, 28.0623), (-41.9571, 0, 29.8602), (-41.8783, 0, 30.0095), (-41.5431, 0, 31.9406), (-40.9113, 0, 32.9988), (-41.3386, 0, 34.1342), (-41.6513, 0, 35.4421), (-41.3588, 0, 36.1119), (-41.0437, 0, 37.8475), (-41.6445, 0, 38.5468), (-41.7096, 0, 39.9884), (-41.5592, 0, 41.9982), (-40.4276, 0, -41.5468), (-40.1896, 0, -40.7191), (-40.3098, 0, -39.1067), (-39.6688, 0, -38.3785), (-39.8955, 0, -36.1918), (-39.7409, 0, -35.1456), (-39.9223, 0, -33.9611), (-40.151, 0, -32.4053), (-40.1002, 0, -32.0941), (-39.9383, 0, -31.1495), (-40.7645, 0, -28.8341), (-40.3794, 0, -27.6255), (-40.441, 0, -27.2471), (-40.7824, 0, -26.335), (-39.8949, 0, -24.1289), (-40.6423, 0, -23.796), (-40.2116, 0, -22.3825), (-40.42, 0, -21.0884), (-39.6256, 0, -19.9519), (-40.2034, 0, -19.1135), (-40.3504, 0, -17.4135), (-39.7852, 0, -16.3379), (-40.6038, 0, -15.5925), (-40.2153, 0, -13.3298), (-39.9075, 0, -12.3614), (-40.625, 0, -11.6612), (-39.7962, 0, -10.4672), (-40.2775, 0, -8.7263), (-39.7884, 0, -7.6008), (-40.599, 0, -6.6006), (-40.1187, 0, -5.3805), (-39.9116, 0, -4.2345), (-40.2132, 0, -2.6339), (-40.2764, 0, -2.3724), (-40.2014, 0, -0.0391), (-40.3874, 0, 1.1061), (-40.6602, 0, 1.6827), (-40.7429, 0, 2.7491), (-39.9139, 0, 4.2686), (-39.7138, 0, 5.9382), (-40.2305, 0, 6.4055), (-39.7417, 0, 8.0634), (-40.2216, 0, 9.0114), (-40.1265, 0, 9.62), (-40.1369, 0, 11.3189), (-40.4438, 0, 12.2903), (-40.5613, 0, 13.9154), (-40.7332, 0, 14.6685), (-40.1621, 0, 16.1606), (-39.8633, 0, 17.5447), (-40.1532, 0, 18.4196), (-40.1602, 0, 20.37), (-39.8406, 0, 20.9726), (-40.5266, 0, 22.181), (-40.4817, 0, 23.8305), (-39.8184, 0, 24.396), (-40.1114, 0, 25.3441), (-40.0446, 0, 26.9827), (-39.6815, 0, 28.0548), (-40.3516, 0, 29.4428), (-39.6162, 0, 30.795), (-40.3576, 0, 31.4343), (-40.2123, 0, 32.9881), (-40.1884, 0, 34.054), (-40.2525, 0, 34.9296), (-40.1158, 0, 36.5699), (-39.7718, 0, 37.5265), (-39.7905, 0, 39.394), (-40.1424, 0, 40.1267), (-40.6984, 0, 41.6156), (-38.4165, 0, -41.8304), (-38.8747, 0, -40.72), (-38.419, 0, -39.4936), (-38.7406, 0, -38.1634), (-39.1333, 0, -36.5788), (-38.9055, 0, -35.5936), (-39.5177, 0, -34.4237), (-38.8654, 0, -33.1642), (-38.7183, 0, -31.4246), (-38.9532, 0, -30.3761), (-38.8674, 0, -29.5643), (-38.9824, 0, -28.5205), (-38.7309, 0, -27.5721), (-39.4861, 0, -25.5897), (-39.5669, 0, -24.1553), (-38.4558, 0, -23.4896), (-39.3664, 0, -22.3478), (-39.4736, 0, -21.2092), (-38.7506, 0, -20.2013), (-38.7978, 0, -18.0208), (-39.1144, 0, -17.8322), (-39.4943, 0, -15.7537), (-39.5159, 0, -14.7194), (-39.526, 0, -13.8001), (-39.3048, 0, -12.638), (-38.74, 0, -10.9358), (-38.8461, 0, -9.9152), (-39.1587, 0, -8.6034), (-39.2818, 0, -7.857), (-38.9497, 0, -6.6114), (-38.544, 0, -5.9587), (-39.4389, 0, -3.6482), (-39.1084, 0, -2.6725), (-38.5961, 0, -1.8071), (-39.3395, 0, -0.868), (-39.0868, 0, 0.7658), (-38.4251, 0, 1.6701), (-38.8925, 0, 2.5309), (-38.5241, 0, 3.7976), (-39.2193, 0, 5.2683), (-39.3249, 0, 6.3733), (-38.4295, 0, 7.7825), (-39.4407, 0, 9.0115), (-39.2464, 0, 9.9382), (-39.582, 0, 11.6954), (-39.2374, 0, 12.2384), (-38.9834, 0, 13.7506), (-38.5661, 0, 14.7591), (-38.4174, 0, 16.78), (-39.1961, 0, 17.9826), (-38.9523, 0, 18.5342), (-39.456, 0, 19.4398), (-38.6203, 0, 20.7316), (-38.982, 0, 21.7709), (-38.9901, 0, 23.2793), (-39.5282, 0, 25.0498), (-38.9508, 0, 25.836), (-38.5235, 0, 27.2567), (-38.8446, 0, 28.1474), (-38.4644, 0, 29.796), (-39.365, 0, 30.0856), (-39.4408, 0, 31.3921), (-38.8155, 0, 33.0045), (-38.8088, 0, 34.2188), (-39.2118, 0, 35.4884), (-39.319, 0, 36.1435), (-39.3081, 0, 37.3891), (-39.5797, 0, 38.6506), (-39.4185, 0, 40.7936), (-39.0158, 0, 41.9045), (-37.7301, 0, -41.8559), (-38.005, 0, -40.1388), (-37.4742, 0, -38.7292), (-37.6747, 0, -37.5622), (-37.6479, 0, -36.3648), (-37.87, 0, -35.3189), (-37.8817, 0, -33.6487), (-37.6734, 0, -32.4041), (-37.4644, 0, -32.196), (-37.6369, 0, -30.3927), (-37.8948, 0, -29.0018), (-37.3745, 0, -28.0764), (-38.3338, 0, -27.2821), (-38.2168, 0, -25.6774), (-37.2575, 0, -25.1796), (-37.8865, 0, -23.8414), (-38.27, 0, -22.3706), (-37.2068, 0, -20.7579), (-37.6878, 0, -19.6809), (-37.2232, 0, -18.4656), (-37.9021, 0, -16.8023), (-37.9398, 0, -15.8438), (-37.7991, 0, -15.5862), (-38.1134, 0, -14.2649), (-38.2673, 0, -13.1563), (-38.1704, 0, -11.8004), (-38.0606, 0, -9.9439), (-38.1199, 0, -9.1367), (-37.908, 0, -7.2859), (-38.068, 0, -6.6821), (-38.302, 0, -5.6322), (-38.3848, 0, -4.6661), (-37.9285, 0, -3.2617), (-37.503, 0, -1.6407), (-37.3288, 0, -0.4924), (-37.9265, 0, 0.5122), (-38.35, 0, 1.329), (-37.9869, 0, 3.0238), (-37.2755, 0, 4.5718), (-38.388, 0, 5.1808), (-37.8607, 0, 6.2015), (-37.6552, 0, 8.3963), (-37.5657, 0, 8.9245), (-37.893, 0, 9.9787), (-37.9394, 0, 11.6187), (-37.5973, 0, 12.55), (-37.9904, 0, 13.2239), (-37.9191, 0, 15.1663), (-37.3335, 0, 16.0446), (-37.3907, 0, 17.3316), (-38.0341, 0, 18.0758), (-37.8387, 0, 19.9791), (-37.3157, 0, 21.0658), (-37.5432, 0, 21.6016), (-37.7061, 0, 23.3484), (-37.294, 0, 24.9726), (-38.0149, 0, 26.2766), (-38.1119, 0, 26.9559), (-37.2415, 0, 28.6879), (-38.2981, 0, 29.2447), (-37.3819, 0, 30.6859), (-38.2752, 0, 31.2438), (-37.863, 0, 33.4127), (-37.6409, 0, 33.8796), (-38.1232, 0, 35.0764), (-38.1844, 0, 36.623), (-37.3515, 0, 37.4083), (-38.012, 0, 39.5752), (-38.2496, 0, 40.2379), (-38.1821, 0, 41.7187), (-37.0005, 0, -41.3129), (-36.2793, 0, -40.1779), (-36.3118, 0, -39.2239), (-36.0741, 0, -37.6436), (-36.6943, 0, -36.4774), (-36.3224, 0, -35.1694), (-36.2147, 0, -34.1412), (-36.9819, 0, -32.9522), (-37.0866, 0, -32.3737), (-37.1331, 0, -30.5432), (-36.4556, 0, -29.7976), (-36.2446, 0, -27.6871), (-37.1112, 0, -26.8039), (-36.1806, 0, -25.253), (-36.503, 0, -24.8959), (-36.9957, 0, -23.8265), (-36.4769, 0, -22.1924), (-36.1832, 0, -21.0528), (-36.0369, 0, -19.3774), (-36.6158, 0, -18.7412), (-36.3598, 0, -17.0809), (-36.3749, 0, -16.2964), (-36.6156, 0, -14.5238), (-36.4652, 0, -13.3645), (-36.5455, 0, -12.912), (-37.0875, 0, -11.5888), (-37.0289, 0, -10.3771), (-36.3725, 0, -8.8985), (-36.1606, 0, -8.3357), (-36.6876, 0, -6.9491), (-37.0551, 0, -5.6227), (-37.1352, 0, -4.7713), (-37.0807, 0, -2.8764), (-37.1828, 0, -1.7928), (-37.0973, 0, -0.7833), (-36.5483, 0, 0.758), (-37.1138, 0, 1.7732), (-37.0283, 0, 3.4289), (-36.2408, 0, 4.0799), (-37.0582, 0, 5.0148), (-36.1602, 0, 6.0004), (-36.0639, 0, 8.2323), (-36.4244, 0, 8.7288), (-37.1908, 0, 10.5959), (-36.9463, 0, 11.1139), (-36.0504, 0, 12.8939), (-36.7581, 0, 13.644), (-36.3678, 0, 14.6432), (-36.0321, 0, 15.8831), (-36.0558, 0, 17.8051), (-36.6991, 0, 18.0331), (-37.1227, 0, 19.2241), (-36.9373, 0, 20.9773), (-36.5353, 0, 21.6578), (-36.5927, 0, 23.2022), (-36.4089, 0, 24.1617), (-36.9752, 0, 25.2773), (-36.2095, 0, 27.3013), (-36.7111, 0, 28.2687), (-37.0496, 0, 29.9805), (-37.1548, 0, 30.113), (-36.5664, 0, 31.8728), (-36.6949, 0, 33.1116), (-36.5743, 0, 33.8855), (-36.1135, 0, 35.5636), (-36.067, 0, 36.2455), (-36.9096, 0, 37.2103), (-36.1948, 0, 39.5012), (-36.0526, 0, 39.9122), (-36.7205, 0, 41.6886), (-35.4254, 0, -41.8889), (-34.8373, 0, -39.674), (-35.4886, 0, -39.442), (-35.4634, 0, -37.5783), (-35.4185, 0, -37.0418), (-35.0085, 0, -34.9424), (-35.4482, 0, -34.0101), (-35.6656, 0, -32.7859), (-35.9688, 0, -32.1128), (-34.9876, 0, -30.9115), (-35.0008, 0, -28.8731), (-35.5594, 0, -28.0158), (-34.9173, 0, -26.9096), (-35.9647, 0, -25.9091), (-35.6453, 0, -24.27), (-34.8395, 0, -23.5801), (-34.9004, 0, -22.3098), (-35.7979, 0, -21.2096), (-34.8303, 0, -20.0647), (-35.8004, 0, -18.127), (-35.5859, 0, -17.0852), (-35.9441, 0, -16.3091), (-35.3137, 0, -14.4906), (-35.1585, 0, -14.1641), (-35.5783, 0, -12.1763), (-34.8427, 0, -11.6647), (-34.8565, 0, -9.6312), (-35.0016, 0, -8.6392), (-35.9775, 0, -7.4654), (-35.8858, 0, -6.0587), (-34.8158, 0, -5.5989), (-35.2907, 0, -4.6307), (-34.8793, 0, -2.6479), (-35.0691, 0, -2.275), (-35.8903, 0, -0.0507), (-35.2177, 0, 0.9757), (-35.0505, 0, 1.3049), (-35.992, 0, 3.5373), (-35.0397, 0, 4.62), (-35.7278, 0, 4.8441), (-35.4697, 0, 6.7878), (-34.8422, 0, 7.548), (-35.6188, 0, 9.3587), (-34.9534, 0, 10.6785), (-35.9062, 0, 11.1701), (-35.9207, 0, 12.2358), (-35.8289, 0, 13.4416), (-35.0849, 0, 15.4074), (-35.0245, 0, 16.5464), (-35.9921, 0, 17.8219), (-35.5127, 0, 18.7941), (-34.9674, 0, 19.4359), (-35.6323, 0, 21.5834), (-35.3331, 0, 22.2591), (-35.8938, 0, 22.8033), (-35.6075, 0, 24.6351), (-34.915, 0, 25.212), (-35.735, 0, 26.5379), (-34.9687, 0, 28.1279), (-35.2807, 0, 29.365), (-35.1665, 0, 30.052), (-35.7881, 0, 32.1769), (-35.0935, 0, 33.1054), (-34.9589, 0, 34.2472), (-35.5846, 0, 35.0434), (-35.829, 0, 36.3598), (-35.7528, 0, 38.3027), (-35.3146, 0, 38.7241), (-35.442, 0, 40.1982), (-35.1661, 0, 41.8091), (-34.165, 0, -40.8774), (-33.6208, 0, -40.0036), (-34.3453, 0, -39.5668), (-33.8238, 0, -38.394), (-34.6159, 0, -36.7088), (-34.3218, 0, -35.4853), (-34.0828, 0, -33.7384), (-34.7823, 0, -32.7777), (-33.8783, 0, -31.7004), (-34.5914, 0, -30.6738), (-33.7704, 0, -29.4238), (-34.5792, 0, -27.6237), (-34.5114, 0, -27.4948), (-34.3924, 0, -26.2831), (-33.7561, 0, -24.0581), (-34.7379, 0, -23.676), (-33.7015, 0, -22.7927), (-33.6215, 0, -20.9315), (-34.7738, 0, -19.2153), (-34.0577, 0, -18.0049), (-34.2565, 0, -16.8486), (-34.0999, 0, -16.3268), (-34.5286, 0, -15.3704), (-33.7224, 0, -13.9899), (-33.7984, 0, -12.9899), (-34.5737, 0, -10.8846), (-34.5888, 0, -9.7818), (-34.4652, 0, -8.7333), (-33.7621, 0, -7.4496), (-33.8607, 0, -7.1079), (-33.6035, 0, -5.2112), (-34.73, 0, -4.1177), (-34.1798, 0, -3.1933), (-33.9569, 0, -2.0455), (-34.0884, 0, -0.4611), (-33.7939, 0, 0.6488), (-34.4819, 0, 1.6105), (-33.8355, 0, 2.9642), (-34.7652, 0, 3.7876), (-33.6017, 0, 5.5411), (-33.6525, 0, 6.8996), (-33.8389, 0, 7.4841), (-34.0042, 0, 9.4845), (-33.8613, 0, 10.3217), (-34.0254, 0, 11.7169), (-34.7796, 0, 13.0158), (-34.5787, 0, 14.1599), (-34.4875, 0, 14.9369), (-34.0399, 0, 16.2579), (-34.2555, 0, 17.5264), (-33.6742, 0, 18.1981), (-33.8236, 0, 19.2511), (-34.0145, 0, 20.6502), (-33.8513, 0, 21.6795), (-34.1749, 0, 23.4331), (-33.7241, 0, 25.1164), (-33.906, 0, 25.4119), (-33.7847, 0, 26.9299), (-33.6372, 0, 28.5948), (-34.1628, 0, 29.8044), (-34.487, 0, 30.6851), (-34.5256, 0, 31.7726), (-34.0539, 0, 32.6471), (-34.7195, 0, 34.4513), (-34.071, 0, 34.9148), (-33.8807, 0, 36.7745), (-33.9614, 0, 38.3251), (-33.7224, 0, 39.5679), (-34.4699, 0, 40.0366), (-34.0326, 0, 41.5442), (-33.4304, 0, -40.8351), (-32.7235, 0, -40.6988), (-33.4634, 0, -38.7373), (-33.5786, 0, -37.5533), (-32.4088, 0, -36.5707), (-33.2738, 0, -34.8989), (-32.5521, 0, -34.4344), (-33.428, 0, -33.3169), (-33.1071, 0, -31.3921), (-32.5704, 0, -30.6941), (-33.0857, 0, -29.8552), (-32.6153, 0, -28.3244), (-33.4729, 0, -27.4852), (-32.6912, 0, -25.787), (-32.9496, 0, -25.1992), (-33.422, 0, -23.6773), (-33.1858, 0, -21.7867), (-32.4437, 0, -20.7535), (-32.7976, 0, -19.9157), (-32.9299, 0, -19.0549), (-33.2867, 0, -17.3152), (-33.0909, 0, -15.8068), (-33.2303, 0, -14.4571), (-32.4203, 0, -13.2051), (-33.1243, 0, -12.7645), (-33.3509, 0, -11.1666), (-33.2371, 0, -10.0189), (-33.3728, 0, -8.9946), (-32.6981, 0, -7.5541), (-33.0796, 0, -6.5242), (-33.5133, 0, -4.8729), (-32.8278, 0, -3.8511), (-33.0659, 0, -2.408), (-33.5906, 0, -2.3114), (-32.4753, 0, -1.1071), (-33.5931, 0, 0.248), (-33.5058, 0, 1.396), (-32.6826, 0, 3.1444), (-32.9216, 0, 4.7827), (-32.7201, 0, 4.9435), (-33.1801, 0, 6.2389), (-32.8897, 0, 7.4389), (-33.5693, 0, 9.2013), (-32.612, 0, 10.5881), (-33.1213, 0, 11.4378), (-32.811, 0, 12.1093), (-33.3184, 0, 14.309), (-33.4461, 0, 15.0292), (-32.5771, 0, 15.7306), (-32.9365, 0, 17.9086), (-32.6836, 0, 18.0176), (-32.8536, 0, 20.3578), (-32.4196, 0, 21.5602), (-33.0692, 0, 22.4116), (-32.8658, 0, 23.8114), (-32.9005, 0, 25.1293), (-33.5483, 0, 25.8442), (-32.6282, 0, 26.4014), (-33.4022, 0, 28.7397), (-33.0848, 0, 28.9539), (-33.3243, 0, 30.8009), (-32.4395, 0, 31.5344), (-33.5051, 0, 32.779), (-33.1544, 0, 34.2822), (-32.5732, 0, 34.8521), (-33.0425, 0, 36.5166), (-32.7786, 0, 37.8609), (-33.4755, 0, 39.5227), (-32.5951, 0, 39.899), (-33.2924, 0, 41.7226), (-32.0949, 0, -41.3015), (-31.6235, 0, -40.3435), (-31.6657, 0, -38.62), (-32.3846, 0, -37.4172), (-31.9899, 0, -36.7804), (-31.611, 0, -35.5432), (-31.7378, 0, -34.6938), (-31.2433, 0, -32.6916), (-31.504, 0, -32.1469), (-31.6792, 0, -30.6697), (-32.0823, 0, -28.8673), (-31.7448, 0, -27.8348), (-31.4073, 0, -26.8039), (-31.2954, 0, -26.1892), (-31.4076, 0, -24.3599), (-31.6996, 0, -23.4476), (-31.9368, 0, -22.5877), (-31.3114, 0, -21.188), (-32.1538, 0, -19.4559), (-32.1665, 0, -18.463), (-31.4228, 0, -17.3376), (-31.7703, 0, -16.4137), (-31.2674, 0, -15.2431), (-32.0783, 0, -14.1152), (-31.9037, 0, -12.2829), (-31.5861, 0, -11.2485), (-31.8539, 0, -9.6362), (-32.0106, 0, -9.1555), (-31.445, 0, -7.6646), (-32.0494, 0, -6.1717), (-31.9199, 0, -5.9907), (-32.3421, 0, -4.3709), (-32.1223, 0, -2.5534), (-32.2589, 0, -1.2708), (-32.3235, 0, -0.7001), (-31.4741, 0, 0.8491), (-31.8143, 0, 2.175), (-31.3768, 0, 3.4764), (-32.154, 0, 4.5161), (-32.1647, 0, 5.9883), (-31.6996, 0, 7.0958), (-31.3316, 0, 7.3079), (-31.3135, 0, 8.9254), (-31.9897, 0, 10.1058), (-32.3051, 0, 11.4798), (-31.7641, 0, 12.6813), (-32.151, 0, 13.9209), (-32.1765, 0, 14.7404), (-31.6962, 0, 16.6062), (-31.6722, 0, 17.7703), (-31.5287, 0, 18.1179), (-31.2063, 0, 19.8982), (-31.2826, 0, 20.5017), (-31.3655, 0, 22.6734), (-31.9663, 0, 23.3669), (-31.6301, 0, 24.1039), (-31.4007, 0, 25.7513), (-31.5756, 0, 26.5119), (-31.7294, 0, 27.9135), (-32.147, 0, 29.0501), (-31.5713, 0, 30.5662), (-31.9491, 0, 32.0805), (-32.2667, 0, 33.5505), (-32.0481, 0, 34.145), (-31.5902, 0, 35.0524), (-31.3901, 0, 36.5663), (-31.4284, 0, 38.2986), (-31.327, 0, 38.8616), (-31.9681, 0, 40.4112), (-32.3296, 0, 40.8617), (-30.6591, 0, -41.9391), (-30.1812, 0, -40.0437), (-30.464, 0, -39.3771), (-30.3142, 0, -37.9644), (-30.5053, 0, -36.8511), (-30.0418, 0, -34.9606), (-30.0265, 0, -34.5831), (-30.9338, 0, -33.3902), (-30.2511, 0, -31.7037), (-30.502, 0, -30.9357), (-30.8279, 0, -29.2771), (-30.3314, 0, -28.3215), (-30.4438, 0, -26.9064), (-30.2629, 0, -26.2869), (-30.7631, 0, -24.5423), (-30.2083, 0, -23.3484), (-30.0819, 0, -22.6243), (-30.5863, 0, -20.5993), (-31.0051, 0, -20.3797), (-30.6934, 0, -18.9627), (-30.4196, 0, -17.5517), (-30.0077, 0, -16.104), (-30.2721, 0, -14.5461), (-30.2277, 0, -14.3757), (-31.1637, 0, -13.1054), (-30.0008, 0, -11.0278), (-30.2681, 0, -10.1868), (-30.9502, 0, -8.8348), (-30.487, 0, -8.1944), (-30.5561, 0, -6.5482), (-30.2422, 0, -4.8377), (-30.7887, 0, -4.6849), (-30.6843, 0, -2.9364), (-30.4182, 0, -2.2187), (-30.4553, 0, -0.2242), (-30.9184, 0, 0.3358), (-30.9481, 0, 1.696), (-31.0532, 0, 3.0806), (-30.8911, 0, 3.7191), (-30.7743, 0, 5.1998), (-30.048, 0, 7.1742), (-30.1971, 0, 8.0731), (-30.6943, 0, 9.3195), (-30.6977, 0, 10.0661), (-30.3761, 0, 11.3135), (-30.576, 0, 12.281), (-30.9101, 0, 14.184), (-30.9712, 0, 15.2871), (-30.9534, 0, 16.1555), (-30.2066, 0, 17.1008), (-30.167, 0, 19.0287), (-30.6391, 0, 19.2273), (-30.9273, 0, 20.6088), (-30.942, 0, 21.8354), (-31.1786, 0, 23.9232), (-31.0612, 0, 24.2192), (-30.0454, 0, 25.9337), (-30.2046, 0, 27.5912), (-30.4968, 0, 28.2532), (-30.8196, 0, 28.8344), (-30.8641, 0, 30.0562), (-30.6815, 0, 31.5754), (-31.0003, 0, 33.4523), (-31.1904, 0, 33.9423), (-30.8342, 0, 35.7036), (-31.0606, 0, 37.013), (-30.0445, 0, 37.3123), (-30.2689, 0, 38.6886), (-30.3624, 0, 40.5798), (-31.1891, 0, 41.3865), (-29.084, 0, -41.6088), (-29.4506, 0, -39.7505), (-29.7883, 0, -39.4805), (-29.8156, 0, -38.1619), (-29.5113, 0, -36.5821), (-29.2895, 0, -35.25), (-29.084, 0, -33.6683), (-29.4961, 0, -33.1203), (-28.9082, 0, -32.2083), (-29.619, 0, -30.2037), (-28.9318, 0, -28.98), (-29.0308, 0, -27.943), (-29.4828, 0, -27.1753), (-29.0433, 0, -25.3567), (-29.7472, 0, -24.0718), (-29.0266, 0, -23.94), (-28.8534, 0, -22.2472), (-29.4644, 0, -20.4817), (-29.804, 0, -19.5077), (-29.1936, 0, -18.7745), (-29.5422, 0, -17.2343), (-29.8299, 0, -16.3639), (-28.8692, 0, -15.0488), (-29.3037, 0, -13.8882), (-29.7848, 0, -12.663), (-28.8285, 0, -11.1402), (-28.9885, 0, -10.7804), (-29.2662, 0, -9.3749), (-28.9557, 0, -7.4587), (-29.1566, 0, -6.619), (-29.8612, 0, -4.8174), (-29.8049, 0, -3.7726), (-29.7698, 0, -3.2871), (-29.7013, 0, -1.7468), (-28.962, 0, -0.8853), (-29.4293, 0, 0.7818), (-29.2593, 0, 1.2782), (-29.1178, 0, 2.6591), (-29.2483, 0, 4.5476), (-29.5639, 0, 5.2449), (-29.3125, 0, 6.7071), (-29.8902, 0, 7.5897), (-29.4672, 0, 8.8193), (-29.8623, 0, 9.8599), (-29.2945, 0, 10.9523), (-29.5674, 0, 12.6005), (-29.6411, 0, 13.2218), (-29.2123, 0, 15.5973), (-29.4312, 0, 16.092), (-29.8322, 0, 17.8739), (-29.8511, 0, 18.2899), (-29.745, 0, 19.8697), (-29.2695, 0, 21.226), (-29.3701, 0, 21.7238), (-29.84, 0, 23.2916), (-29.1701, 0, 24.0564), (-28.8846, 0, 26.1206), (-29.4776, 0, 27.1261), (-28.9623, 0, 28.6991), (-29.8801, 0, 29.5304), (-29.7708, 0, 30.0429), (-29.375, 0, 31.5984), (-29.1999, 0, 33.4922), (-29.0751, 0, 33.7616), (-29.4273, 0, 35.427), (-28.9283, 0, 36.4362), (-29.6798, 0, 38.25), (-29.5703, 0, 38.4222), (-29.5949, 0, 39.914), (-29.454, 0, 41.2626), (-28.2995, 0, -41.4632), (-28.31, 0, -40.6901), (-27.9715, 0, -38.7193), (-27.6358, 0, -38.1266), (-28.3158, 0, -36.2774), (-27.819, 0, -35.6918), (-28.3116, 0, -33.7493), (-28.755, 0, -33.0718), (-28.1925, 0, -31.761), (-27.7369, 0, -30.279), (-28.1446, 0, -29.3689), (-27.6727, 0, -28.2955), (-28.5684, 0, -26.8465), (-28.0493, 0, -25.3391), (-27.8755, 0, -24.2085), (-28.0288, 0, -23.6314), (-28.7934, 0, -21.6849), (-28.2195, 0, -21.3949), (-28.4361, 0, -19.5988), (-27.9208, 0, -18.6339), (-27.6314, 0, -17.2549), (-28.5269, 0, -15.7208), (-27.8853, 0, -15.5044), (-28.2523, 0, -14.0813), (-28.5035, 0, -12.548), (-28.0866, 0, -11.7908), (-28.3843, 0, -10.602), (-27.6048, 0, -9.1324), (-28.0386, 0, -7.3809), (-28.2793, 0, -7.1153), (-28.1358, 0, -5.3456), (-27.7114, 0, -4.0859), (-27.9147, 0, -2.4412), (-27.9243, 0, -1.8426), (-28.2191, 0, -1.1571), (-28.0361, 0, 0.3556), (-28.3717, 0, 1.4496), (-28.4241, 0, 2.9383), (-28.6587, 0, 4.5648), (-28.4778, 0, 5.4425), (-28.6771, 0, 6.5497), (-28.7907, 0, 8.0442), (-27.797, 0, 9.0728), (-28.6911, 0, 10.2129), (-28.4281, 0, 11.5212), (-28.7885, 0, 12.2521), (-28.647, 0, 13.3744), (-28.6086, 0, 14.8389), (-28.4993, 0, 16.1457), (-28.6294, 0, 17.7765), (-28.3972, 0, 18.1667), (-28.313, 0, 19.5547), (-28.4928, 0, 20.8392), (-28.0616, 0, 22.4636), (-28.6909, 0, 23.9007), (-28.0883, 0, 24.5749), (-27.6155, 0, 26.0256), (-28.7676, 0, 27.3063), (-28.2573, 0, 28.6607), (-28.6328, 0, 29.0219), (-28.5512, 0, 30.1153), (-28.1225, 0, 32.078), (-27.8455, 0, 32.5141), (-27.8974, 0, 34.0674), (-28.6744, 0, 34.8755), (-27.7114, 0, 36.9561), (-28.3947, 0, 37.4462), (-28.2527, 0, 38.6721), (-28.424, 0, 39.716), (-27.7373, 0, 41.8971), (-26.6649, 0, -40.8346), (-26.4631, 0, -40.6392), (-27.2567, 0, -38.5171), (-27.0038, 0, -37.2791), (-27.4907, 0, -36.8159), (-26.8392, 0, -35.6562), (-26.7175, 0, -34.6285), (-27.2115, 0, -33.2353), (-26.7964, 0, -31.696), (-27.0078, 0, -30.9804), (-27.3672, 0, -29.5935), (-27.4902, 0, -28.0907), (-26.9419, 0, -27.1153), (-26.675, 0, -25.9415), (-27.548, 0, -24.0997), (-26.412, 0, -22.8872), (-26.8084, 0, -22.3962), (-26.4732, 0, -21.2834), (-26.6036, 0, -20.1985), (-26.6329, 0, -18.9538), (-26.975, 0, -17.4139), (-26.7536, 0, -16.4637), (-26.8971, 0, -14.5118), (-27.3061, 0, -13.9644), (-27.4543, 0, -12.6719), (-27.278, 0, -10.8829), (-27.0318, 0, -10.6726), (-26.8746, 0, -9.5761), (-27.0935, 0, -7.9739), (-27.2589, 0, -7.1395), (-27.376, 0, -5.8879), (-26.8026, 0, -3.7183), (-26.6836, 0, -2.6305), (-27.4832, 0, -1.7776), (-27.4273, 0, -0.4665), (-26.5575, 0, 0.1863), (-27.2249, 0, 1.4927), (-26.4377, 0, 3.5271), (-27.1069, 0, 3.753), (-27.1847, 0, 5.9775), (-26.9556, 0, 6.4696), (-27.0654, 0, 7.7279), (-26.5221, 0, 8.4258), (-26.7744, 0, 10.6158), (-26.4906, 0, 11.9996), (-26.8232, 0, 12.6315), (-27.1626, 0, 13.7656), (-27.3452, 0, 15.4762), (-26.4874, 0, 15.9781), (-26.983, 0, 17.3046), (-26.4088, 0, 18.7325), (-26.9819, 0, 19.6015), (-27.4919, 0, 20.6506), (-27.241, 0, 21.6416), (-27.076, 0, 23.6391), (-26.5311, 0, 24.6697), (-27.5072, 0, 26.3629), (-26.5225, 0, 27.3638), (-26.8554, 0, 28.377), (-27.0364, 0, 29.2758), (-26.935, 0, 30.5615), (-27.4278, 0, 31.6758), (-27.3582, 0, 32.4403), (-27.0175, 0, 34.2539), (-26.6522, 0, 35.4893), (-27.1272, 0, 36.7606), (-26.6238, 0, 37.8036), (-27.4049, 0, 39.4243), (-26.5218, 0, 40.0207), (-27.4326, 0, 41.751), (-25.8518, 0, -41.7183), (-25.7384, 0, -39.969), (-25.2922, 0, -39.0398), (-25.3225, 0, -37.4945), (-25.4772, 0, -36.1918), (-25.7656, 0, -35.8342), (-25.2998, 0, -34.5303), (-25.7006, 0, -32.4053), (-25.9709, 0, -31.6965), (-26.0457, 0, -30.546), (-25.2333, 0, -29.751), (-25.3128, 0, -27.7648), (-26.3214, 0, -27.2677), (-26.0969, 0, -25.6554), (-25.5709, 0, -24.8003), (-26.0773, 0, -23.3798), (-25.3288, 0, -21.7013), (-25.9929, 0, -21.5131), (-25.9372, 0, -19.7832), (-25.4774, 0, -18.6999), (-25.965, 0, -16.8655), (-25.827, 0, -16.6158), (-26.2738, 0, -14.7918), (-25.3443, 0, -13.4428), (-26.1044, 0, -12.5128), (-25.8033, 0, -11.6231), (-26.1645, 0, -9.9755), (-25.4717, 0, -8.7915), (-26.107, 0, -7.8601), (-26.0214, 0, -6.5466), (-26.0452, 0, -5.8644), (-26.0422, 0, -3.7336), (-26.0254, 0, -2.8842), (-25.4136, 0, -2.0989), (-25.8431, 0, -0.5032), (-25.9597, 0, 1.0379), (-25.2997, 0, 1.8243), (-25.4569, 0, 3.2201), (-25.5013, 0, 4.7453), (-25.9884, 0, 5.9256), (-25.5606, 0, 6.5925), (-26.1921, 0, 7.7464), (-25.5153, 0, 8.5017), (-25.5282, 0, 10.398), (-25.711, 0, 10.9198), (-25.5443, 0, 12.472), (-25.5428, 0, 13.4566), (-25.6408, 0, 14.872), (-25.7147, 0, 16.549), (-26.1507, 0, 17.6622), (-26.2188, 0, 18.6694), (-25.6502, 0, 19.4592), (-25.293, 0, 20.746), (-25.2436, 0, 21.9973), (-25.5696, 0, 23.1232), (-26.2436, 0, 25.0219), (-25.7545, 0, 25.5149), (-25.9855, 0, 26.9082), (-26.1542, 0, 28.3564), (-26.2052, 0, 29.7041), (-25.7286, 0, 30.6783), (-26.2857, 0, 31.7819), (-26.2228, 0, 32.6261), (-25.901, 0, 34.1215), (-26.2288, 0, 35.8071), (-25.7601, 0, 36.8207), (-26.1434, 0, 37.7739), (-25.322, 0, 38.8722), (-25.8991, 0, 39.7082), (-26.025, 0, 41.1226), (-24.8918, 0, -41.8866), (-24.6363, 0, -40.7808), (-25.1896, 0, -38.9155), (-24.8732, 0, -38.045), (-24.0556, 0, -36.9717), (-25.1825, 0, -35.9687), (-24.0408, 0, -34.271), (-24.6935, 0, -32.7363), (-24.3222, 0, -31.3664), (-25.0019, 0, -30.8507), (-24.2147, 0, -29.683), (-24.3489, 0, -28.3302), (-24.5625, 0, -26.8521), (-25.0607, 0, -25.3332), (-24.961, 0, -24.0664), (-24.9012, 0, -23.8704), (-24.6651, 0, -22.2041), (-24.2637, 0, -20.6265), (-24.6855, 0, -19.7926), (-24.7671, 0, -18.7821), (-25.0534, 0, -17.3153), (-24.2591, 0, -16.0073), (-24.2958, 0, -14.4955), (-25.1266, 0, -14.0154), (-24.5856, 0, -12.1037), (-24.508, 0, -11.4162), (-24.7337, 0, -10.726), (-24.2194, 0, -8.8957), (-24.5565, 0, -7.3903), (-25.0502, 0, -6.8232), (-24.4506, 0, -5.6605), (-24.9304, 0, -4.5922), (-24.4371, 0, -2.6014), (-24.7617, 0, -1.9251), (-24.9523, 0, -0.3045), (-24.1847, 0, 0.7807), (-25.0925, 0, 2.033), (-24.1629, 0, 3.5466), (-24.8377, 0, 3.6735), (-24.0216, 0, 5.691), (-24.3874, 0, 6.1597), (-24.653, 0, 8.0459), (-24.4595, 0, 8.9847), (-25.0932, 0, 10.6177), (-25.0699, 0, 10.8222), (-24.551, 0, 13.0798), (-24.8718, 0, 13.4348), (-25.1687, 0, 15.5579), (-24.2131, 0, 16.5424), (-24.5379, 0, 16.8818), (-24.2664, 0, 18.2134), (-24.7091, 0, 19.8923), (-24.3086, 0, 21.3916), (-24.5339, 0, 22.3106), (-24.8245, 0, 23.8879), (-24.6553, 0, 24.3146), (-24.6861, 0, 25.3022), (-25.131, 0, 26.9055), (-24.3612, 0, 28.5278), (-24.3712, 0, 29.851), (-24.4987, 0, 30.5238), (-24.8917, 0, 32.3095), (-24.2037, 0, 32.9202), (-24.8925, 0, 34.57), (-24.3691, 0, 35.2344), (-24.431, 0, 36.8028), (-24.0268, 0, 37.5499), (-24.5008, 0, 38.9285), (-25.1537, 0, 40.5296), (-24.7002, 0, 41.9543), (-23.5926, 0, -41.5233), (-22.8844, 0, -40.2802), (-23.9072, 0, -38.4521), (-23.4702, 0, -38.0926), (-23.4582, 0, -36.9721), (-23.9447, 0, -35.4686), (-23.2722, 0, -34.3525), (-22.9228, 0, -32.5041), (-23.7768, 0, -32.1956), (-23.3043, 0, -30.8778), (-23.7307, 0, -29.3815), (-23.4383, 0, -28.7962), (-23.9706, 0, -26.8188), (-22.9041, 0, -25.3843), (-23.2091, 0, -25.1959), (-23.1091, 0, -23.0338), (-23.5981, 0, -22.3568), (-22.8341, 0, -20.8369), (-22.8614, 0, -19.4611), (-22.9222, 0, -19.158), (-22.8064, 0, -16.8693), (-23.7074, 0, -16.2183), (-23.3784, 0, -14.5574), (-23.5696, 0, -13.271), (-23.0102, 0, -12.6565), (-23.5303, 0, -11.9136), (-23.3147, 0, -9.7136), (-23.5451, 0, -8.5656), (-23.105, 0, -7.5687), (-23.8162, 0, -6.8641), (-23.0718, 0, -5.3717), (-22.9904, 0, -4.0697), (-23.7064, 0, -3.0466), (-23.7908, 0, -2.368), (-23.5196, 0, -1.1199), (-23.7258, 0, 1.1533), (-23.2318, 0, 1.9107), (-23.6122, 0, 3.2846), (-23.8353, 0, 3.9209), (-23.4018, 0, 4.8606), (-22.9887, 0, 6.0969), (-23.4744, 0, 7.4522), (-23.8438, 0, 8.7486), (-23.217, 0, 10.5809), (-22.8722, 0, 11.4841), (-23.9605, 0, 12.4147), (-23.0986, 0, 14.2648), (-23.5617, 0, 14.7211), (-23.0161, 0, 15.8228), (-23.9163, 0, 16.8426), (-23.1528, 0, 19.0154), (-23.0459, 0, 19.8373), (-23.9735, 0, 20.4521), (-23.7389, 0, 21.9847), (-23.7525, 0, 22.8565), (-23.4433, 0, 24.3083), (-23.6376, 0, 25.9863), (-23.8597, 0, 27.3785), (-23.5106, 0, 28.3309), (-23.4133, 0, 29.2608), (-22.8192, 0, 30.2734), (-23.8071, 0, 31.7086), (-23.0173, 0, 32.722), (-23.9458, 0, 34.2233), (-23.002, 0, 35.4524), (-22.8248, 0, 37.024), (-23.2484, 0, 37.6984), (-22.849, 0, 38.583), (-23.2356, 0, 40.332), (-23.8849, 0, 41.6719), (-21.8174, 0, -41.0792), (-22.3089, 0, -40.3016), (-21.7691, 0, -38.4383), (-22.5607, 0, -37.7946), (-21.6279, 0, -36.8341), (-22.4804, 0, -35.7364), (-22.7944, 0, -33.7066), (-22.6887, 0, -32.7186), (-21.8116, 0, -32.2908), (-21.9147, 0, -30.3949), (-22.7412, 0, -29.858), (-21.9257, 0, -27.8303), (-22.5971, 0, -27.458), (-21.7197, 0, -26.1589), (-22.1851, 0, -24.7658), (-22.7317, 0, -23.1763), (-21.7376, 0, -21.8712), (-21.6984, 0, -20.4203), (-22.1238, 0, -20.3559), (-22.6792, 0, -18.7604), (-21.6192, 0, -17.6406), (-22.2126, 0, -16.0858), (-22.5464, 0, -15.1469), (-22.3595, 0, -13.9426), (-22.6185, 0, -12.454), (-22.1115, 0, -11.6888), (-22.7615, 0, -10.3614), (-22.7199, 0, -8.5825), (-22.4632, 0, -7.5537), (-22.7527, 0, -6.2376), (-22.4829, 0, -5.0644), (-21.7649, 0, -4.3314), (-22.3264, 0, -2.6507), (-22.0491, 0, -1.2613), (-22.5306, 0, -0.9564), (-22.7321, 0, 1.0249), (-21.9346, 0, 1.8991), (-22.3651, 0, 2.6796), (-22.266, 0, 4.4531), (-22.7094, 0, 5.1847), (-22.5954, 0, 7.1875), (-22.6776, 0, 7.884), (-22.427, 0, 9.0841), (-22.1277, 0, 9.8817), (-21.6546, 0, 11.5826), (-22.2179, 0, 12.3259), (-21.688, 0, 14.1667), (-21.703, 0, 14.8842), (-22.6904, 0, 16.5839), (-21.8611, 0, 17.463), (-22.0598, 0, 18.0601), (-22.576, 0, 20.0501), (-22.5753, 0, 20.502), (-21.7885, 0, 22.3469), (-21.9893, 0, 23.228), (-22.6679, 0, 24.9913), (-22.7822, 0, 26.3006), (-22.1503, 0, 26.9732), (-22.5524, 0, 28.1224), (-21.9964, 0, 29.6525), (-22.2685, 0, 30.5103), (-22.5197, 0, 31.4682), (-22.5592, 0, 33.1624), (-22.5214, 0, 34.0237), (-22.3262, 0, 35.9987), (-22.6055, 0, 36.5043), (-21.7509, 0, 38.0895), (-21.6777, 0, 39.4886), (-21.833, 0, 40.4431), (-22.7739, 0, 41.8763), (-21.3876, 0, -41.6272), (-21.1802, 0, -40.3891), (-20.646, 0, -38.8429), (-21.035, 0, -37.2656), (-20.7283, 0, -36.8651), (-20.7754, 0, -35.3723), (-20.5384, 0, -33.7908), (-21.0869, 0, -33.375), (-20.6769, 0, -32.2838), (-21.5034, 0, -31.1911), (-21.4066, 0, -29.5232), (-21.3344, 0, -27.603), (-20.9721, 0, -26.4115), (-21.2271, 0, -25.5549), (-20.4547, 0, -24.6673), (-21.1659, 0, -23.8474), (-20.9949, 0, -21.8117), (-21.0075, 0, -21.4641), (-21.4229, 0, -19.6132), (-21.1138, 0, -18.2452), (-20.4496, 0, -17.8897), (-21.3328, 0, -16.1894), (-20.8299, 0, -15.2255), (-20.4639, 0, -13.8076), (-20.8464, 0, -12.9594), (-21.2031, 0, -11.2204), (-21.1001, 0, -10.4861), (-21.4616, 0, -9.3223), (-20.9102, 0, -7.7752), (-21.368, 0, -6.8554), (-21.3843, 0, -5.9122), (-21.1624, 0, -4.4655), (-21.2951, 0, -3.5469), (-20.6633, 0, -2.3346), (-21.508, 0, -1.09), (-20.8796, 0, 0.1611), (-20.9686, 0, 1.2395), (-21.5988, 0, 3.1291), (-20.4606, 0, 4.5279), (-21.4688, 0, 5.4156), (-20.9151, 0, 6.5437), (-20.4478, 0, 7.9984), (-20.7681, 0, 8.5742), (-21.0101, 0, 10.7216), (-20.7146, 0, 11.7663), (-21.2664, 0, 12.7927), (-21.1694, 0, 14.0364), (-21.3005, 0, 15.5164), (-21.5931, 0, 15.8749), (-21.3347, 0, 17.408), (-21.5518, 0, 18.2208), (-21.5912, 0, 19.3598), (-21.2576, 0, 20.4806), (-20.5476, 0, 22.1479), (-21.5218, 0, 23.2007), (-21.0578, 0, 24.4889), (-20.8553, 0, 26.1757), (-21.0112, 0, 27.5135), (-21.2875, 0, 28.525), (-21.249, 0, 29.6555), (-20.4184, 0, 30.4734), (-21.0322, 0, 31.493), (-21.5023, 0, 33.4819), (-20.5578, 0, 34.764), (-20.554, 0, 34.8163), (-20.436, 0, 36.2019), (-20.5554, 0, 37.3891), (-21.0821, 0, 39.4297), (-20.5649, 0, 39.777), (-21.3388, 0, 41.7114), (-19.3121, 0, -41.8718), (-19.7293, 0, -39.9771), (-19.3306, 0, -38.7122), (-19.2457, 0, -37.3733), (-19.701, 0, -36.5488), (-19.8162, 0, -35.5769), (-20.16, 0, -34.2471), (-20.0367, 0, -32.9159), (-19.658, 0, -31.6082), (-19.2114, 0, -30.332), (-19.3972, 0, -29.6581), (-19.3752, 0, -28.6134), (-20.2737, 0, -27.5436), (-19.738, 0, -25.7845), (-20.1876, 0, -24.7454), (-20.2303, 0, -23.2), (-20.2068, 0, -22.6883), (-19.3411, 0, -21.1288), (-19.5903, 0, -19.5798), (-19.8478, 0, -18.1555), (-19.2632, 0, -17.4266), (-20.2524, 0, -15.9514), (-20.0115, 0, -14.8454), (-19.7106, 0, -13.7072), (-19.8446, 0, -12.3534), (-19.3241, 0, -11.8402), (-19.7045, 0, -9.6832), (-19.6699, 0, -9.3643), (-19.9905, 0, -8.1153), (-19.9283, 0, -6.0323), (-20.2772, 0, -5.1082), (-19.7091, 0, -4.636), (-19.2402, 0, -3.1613), (-19.7358, 0, -2.376), (-20.3225, 0, -0.5172), (-19.7247, 0, 0.4481), (-19.6857, 0, 1.3363), (-19.5126, 0, 3.5816), (-20.3191, 0, 4.7333), (-19.4364, 0, 5.43), (-20.3493, 0, 6.9404), (-19.6968, 0, 7.8541), (-19.3315, 0, 9.2234), (-19.4076, 0, 10.6877), (-20.3793, 0, 11.1588), (-20.3597, 0, 13.0115), (-20.1364, 0, 14.3623), (-19.5632, 0, 15.4484), (-19.8324, 0, 16.7567), (-19.7965, 0, 17.4478), (-19.5535, 0, 18.4682), (-19.7212, 0, 19.4491), (-20.3377, 0, 21.3588), (-19.9821, 0, 22.1816), (-19.4551, 0, 23.1015), (-20.2617, 0, 24.8434), (-20.1139, 0, 25.8551), (-19.875, 0, 26.6095), (-20.3227, 0, 28.7617), (-19.4834, 0, 29.2307), (-20.0664, 0, 30.093), (-19.6517, 0, 31.9242), (-19.7753, 0, 33.3235), (-20.3042, 0, 34.393), (-19.3935, 0, 35.7574), (-19.3285, 0, 36.785), (-19.316, 0, 38.3214), (-20.0272, 0, 39.4428), (-19.2965, 0, 40.6109), (-19.9552, 0, 41.827), (-18.8993, 0, -41.3333), (-19.0229, 0, -40.6971), (-18.8458, 0, -39.3164), (-18.5478, 0, -38.0634), (-19.1099, 0, -36.6076), (-18.3547, 0, -35.7431), (-18.0194, 0, -34.1655), (-19.0398, 0, -32.6731), (-18.8664, 0, -31.5298), (-18.2394, 0, -30.6766), (-18.6543, 0, -29.6008), (-19.107, 0, -27.8903), (-18.1186, 0, -26.462), (-19.1012, 0, -25.921), (-18.8139, 0, -24.7171), (-18.7528, 0, -23.5068), (-18.4027, 0, -22.2942), (-18.8727, 0, -21.4951), (-18.0386, 0, -20.2668), (-18.2748, 0, -18.8908), (-18.3498, 0, -17.8245), (-18.6995, 0, -15.6593), (-18.9599, 0, -15.4448), (-18.6279, 0, -13.8389), (-18.689, 0, -12.8798), (-18.1534, 0, -10.8165), (-18.7485, 0, -9.8467), (-18.9772, 0, -8.9364), (-18.9553, 0, -7.5348), (-18.4019, 0, -6.1226), (-18.3249, 0, -4.9017), (-18.4008, 0, -4.1641), (-18.8479, 0, -3.2049), (-18.1237, 0, -1.4452), (-18.1802, 0, -1.0288), (-18.5341, 0, 0.1618), (-18.6114, 0, 1.7789), (-18.0455, 0, 3.2607), (-18.7892, 0, 4.1382), (-18.3711, 0, 5.3162), (-19.1802, 0, 6.4659), (-18.3861, 0, 7.6439), (-19.1739, 0, 9.5735), (-19.0787, 0, 9.6631), (-19.1877, 0, 10.9718), (-18.5854, 0, 13.0736), (-18.9401, 0, 13.6674), (-18.9911, 0, 14.7327), (-19.1169, 0, 16.2058), (-19.1462, 0, 17.6925), (-19.0377, 0, 18.436), (-19.0495, 0, 19.3623), (-19.087, 0, 21.597), (-18.4156, 0, 22.1202), (-18.8871, 0, 23.1854), (-18.4916, 0, 24.5819), (-18.026, 0, 25.8228), (-18.4554, 0, 27.3994), (-19.0374, 0, 28.0223), (-18.9156, 0, 29.0676), (-18.4299, 0, 30.9466), (-18.7994, 0, 31.6276), (-18.5764, 0, 32.6517), (-18.2345, 0, 34.3683), (-18.414, 0, 35.1166), (-18.5568, 0, 36.6868), (-19.0658, 0, 37.9098), (-18.0495, 0, 39.4385), (-19.0609, 0, 39.9448), (-18.0143, 0, 41.3655), (-17.244, 0, -41.2591), (-17.2659, 0, -39.9668), (-17.0313, 0, -39.2367), (-16.8632, 0, -37.5194), (-17.1001, 0, -36.0874), (-17.7395, 0, -35.9745), (-16.8707, 0, -34.2002), (-17.3488, 0, -32.5905), (-17.0576, 0, -32.0218), (-17.6202, 0, -30.2029), (-17.6704, 0, -29.2085), (-17.703, 0, -28.7014), (-16.9671, 0, -26.8026), (-17.5699, 0, -26.203), (-17.14, 0, -25.0979), (-17.2214, 0, -23.9916), (-17.0766, 0, -22.165), (-17.5808, 0, -21.41), (-17.6182, 0, -19.7478), (-17.1091, 0, -18.5014), (-17.5433, 0, -17.7893), (-17.3932, 0, -16.2442), (-17.3828, 0, -15.2017), (-17.8223, 0, -14.1623), (-17.0105, 0, -12.1228), (-17.1506, 0, -11.4316), (-17.892, 0, -10.241), (-17.0564, 0, -9.1616), (-17.4722, 0, -8.3543), (-16.9627, 0, -6.5999), (-17.1414, 0, -5.6085), (-17.9523, 0, -4.341), (-17.8151, 0, -3.3443), (-17.4873, 0, -1.6665), (-17.4089, 0, -1.0816), (-17.614, 0, 0.4569), (-16.9228, 0, 1.2603), (-17.5964, 0, 3.4855), (-16.8058, 0, 4.2803), (-17.8157, 0, 5.0286), (-17.7477, 0, 6.2825), (-16.9543, 0, 8.1484), (-17.0041, 0, 9.0156), (-16.9639, 0, 9.7617), (-17.1763, 0, 10.9454), (-17.6549, 0, 13.0564), (-17.5416, 0, 13.698), (-16.8775, 0, 14.4263), (-17.8825, 0, 15.827), (-17.1023, 0, 17.7012), (-17.8764, 0, 18.9324), (-16.9926, 0, 20.1528), (-17.5327, 0, 21.3014), (-17.8838, 0, 21.9274), (-17.051, 0, 23.788), (-17.3685, 0, 24.5632), (-16.9243, 0, 25.3043), (-17.9299, 0, 27.224), (-17.2997, 0, 28.0776), (-17.6433, 0, 29.1073), (-17.8217, 0, 30.4418), (-17.7359, 0, 31.619), (-17.4278, 0, 32.7051), (-17.3329, 0, 33.6773), (-17.8853, 0, 35.6825), (-17.1647, 0, 36.8029), (-17.3848, 0, 37.3165), (-17.104, 0, 39.482), (-17.0106, 0, 39.8341), (-17.0602, 0, 41.8486), (-16.0678, 0, -41.8527), (-16.0058, 0, -40.3626), (-16.338, 0, -39.1759), (-15.6608, 0, -37.8027), (-15.6301, 0, -36.1428), (-16.3431, 0, -35.9756), (-16.7977, 0, -34.3793), (-16.1765, 0, -33.4196), (-16.6712, 0, -31.3588), (-16.2912, 0, -30.7861), (-15.8387, 0, -29.663), (-16.2583, 0, -27.6814), (-16.6076, 0, -26.5734), (-15.7219, 0, -26.1874), (-16.3418, 0, -25.1067), (-16.3381, 0, -22.8564), (-16.7444, 0, -22.6718), (-16.5465, 0, -20.4286), (-16.7637, 0, -19.6577), (-16.5044, 0, -18.4004), (-16.5755, 0, -17.8636), (-15.7785, 0, -16.6938), (-16.1133, 0, -15.4091), (-16.6274, 0, -14.0202), (-15.8515, 0, -13.0759), (-16.1809, 0, -11.8329), (-16.4299, 0, -10.6532), (-16.7194, 0, -8.5812), (-16.7041, 0, -7.683), (-16.0915, 0, -6.5542), (-15.719, 0, -4.9826), (-16.5166, 0, -3.9246), (-16.59, 0, -3.0393), (-16.2719, 0, -1.233), (-16.7373, 0, -0.2032), (-16.7341, 0, 0.4362), (-16.4246, 0, 1.7943), (-16.3071, 0, 2.9854), (-15.9259, 0, 4.7317), (-16.2376, 0, 5.6108), (-15.8285, 0, 6.5845), (-16.5091, 0, 7.9735), (-15.6262, 0, 8.7813), (-16.4642, 0, 10.0141), (-15.9707, 0, 10.8675), (-16.0576, 0, 12.6678), (-15.6381, 0, 14.0831), (-16.0679, 0, 14.9801), (-16.6706, 0, 15.6717), (-16.5298, 0, 17.1449), (-16.2774, 0, 19.1373), (-16.4113, 0, 19.9303), (-16.6659, 0, 21.2165), (-16.583, 0, 22.5032), (-16.3456, 0, 23.4754), (-16.2139, 0, 25.0087), (-16.0684, 0, 25.544), (-16.2593, 0, 27.5192), (-16.5219, 0, 28.7703), (-16.7489, 0, 29.6615), (-16.3508, 0, 30.2122), (-16.0313, 0, 32.2807), (-16.0239, 0, 32.5119), (-16.4496, 0, 34.5406), (-16.4545, 0, 34.9745), (-16.0609, 0, 36.6366), (-16.422, 0, 38.3519), (-16.0486, 0, 38.8511), (-16.469, 0, 40.0058), (-16.6231, 0, 41.3746), (-15.5325, 0, -41.2779), (-14.7288, 0, -40.1789), (-14.8135, 0, -38.6367), (-14.7655, 0, -37.7313), (-15.3424, 0, -37.1846), (-15.132, 0, -35.4589), (-15.2177, 0, -34.4958), (-14.8081, 0, -32.9947), (-14.7246, 0, -31.7064), (-14.7974, 0, -30.6882), (-14.8691, 0, -29.1027), (-14.5597, 0, -28.4386), (-14.5086, 0, -27.0299), (-15.5895, 0, -26.3137), (-14.907, 0, -24.0686), (-15.5002, 0, -23.5109), (-14.9218, 0, -21.8932), (-14.5229, 0, -21.3026), (-14.4195, 0, -20.0484), (-15.2975, 0, -18.5215), (-14.7458, 0, -17.4738), (-15.1809, 0, -16.4506), (-15.416, 0, -14.7183), (-15.1222, 0, -13.7706), (-14.8668, 0, -13.1071), (-15.3966, 0, -11.477), (-14.6825, 0, -10.499), (-15.2931, 0, -8.7412), (-14.7055, 0, -8.2262), (-14.5442, 0, -6.9625), (-14.8542, 0, -5.4694), (-15.442, 0, -3.7565), (-15.2005, 0, -3.2744), (-15.5559, 0, -2.0175), (-14.804, 0, -0.8157), (-15.0101, 0, 0.9689), (-14.5326, 0, 2.3314), (-15.4847, 0, 2.4427), (-15.2917, 0, 3.7908), (-14.8128, 0, 5.4778), (-15.157, 0, 6.6748), (-14.6146, 0, 8.283), (-15.4194, 0, 8.5289), (-15.4917, 0, 9.8955), (-15.554, 0, 11.7137), (-15.1791, 0, 12.6882), (-15.3922, 0, 13.6156), (-14.7277, 0, 14.6554), (-14.4842, 0, 15.6431), (-14.9806, 0, 17.8482), (-14.8408, 0, 18.2117), (-15.4902, 0, 19.9403), (-15.5556, 0, 21.2934), (-15.2309, 0, 22.7831), (-14.745, 0, 23.0973), (-14.9672, 0, 24.7387), (-15.1272, 0, 25.4649), (-15.1364, 0, 27.3617), (-14.6856, 0, 28.6704), (-15.1714, 0, 29.2778), (-14.5786, 0, 30.0102), (-15.0237, 0, 32.0932), (-15.5748, 0, 33.4735), (-15.2318, 0, 34.6858), (-14.8502, 0, 35.4226), (-14.5682, 0, 36.047), (-14.411, 0, 38.2864), (-14.559, 0, 39.1157), (-15.3612, 0, 40.5843), (-14.9108, 0, 41.8967), (-13.2236, 0, -41.8114), (-13.7712, 0, -40.3547), (-13.3957, 0, -39.4649), (-14.2081, 0, -37.6796), (-13.9422, 0, -36.0739), (-13.5218, 0, -35.0863), (-14.0989, 0, -33.9096), (-13.3377, 0, -32.7268), (-13.3477, 0, -31.5143), (-13.3354, 0, -30.538), (-14.0361, 0, -29.4917), (-14.3417, 0, -28.79), (-13.3929, 0, -26.5916), (-13.7443, 0, -25.3889), (-14.2613, 0, -24.5588), (-13.5598, 0, -23.1591), (-13.4334, 0, -22.7471), (-14.021, 0, -20.6708), (-14.1098, 0, -20.2768), (-14.1873, 0, -18.306), (-13.7193, 0, -17.4521), (-13.8943, 0, -16.1693), (-14.0149, 0, -15.0545), (-13.7237, 0, -13.6434), (-13.4985, 0, -12.8427), (-13.7977, 0, -11.632), (-14.3658, 0, -10.7866), (-13.4004, 0, -9.2584), (-14.038, 0, -7.2041), (-13.9939, 0, -6.0777), (-13.2705, 0, -4.9355), (-13.6605, 0, -4.0219), (-14.3924, 0, -3.3485), (-13.3186, 0, -1.8351), (-13.3098, 0, -0.1559), (-13.8696, 0, 0.397), (-14.3174, 0, 1.6244), (-13.4205, 0, 3.1082), (-13.4697, 0, 4.052), (-13.2942, 0, 5.3876), (-13.9285, 0, 7.0625), (-14.0386, 0, 7.5168), (-13.874, 0, 8.4025), (-14.3757, 0, 10.2619), (-13.8488, 0, 11.5716), (-13.8549, 0, 13.0208), (-13.8167, 0, 14.1356), (-13.9494, 0, 15.4786), (-13.2942, 0, 16.6726), (-13.662, 0, 16.8712), (-13.4622, 0, 18.2856), (-13.215, 0, 20.1154), (-13.3049, 0, 21.59), (-13.8625, 0, 22.6691), (-14.0911, 0, 23.5539), (-14.0499, 0, 24.6056), (-13.7067, 0, 25.2827), (-14.0958, 0, 27.1709), (-13.8192, 0, 27.7632), (-13.8832, 0, 29.6331), (-13.5569, 0, 30.5029), (-13.7609, 0, 31.3081), (-13.2941, 0, 32.9719), (-14.2266, 0, 34.2023), (-13.486, 0, 34.9122), (-13.8284, 0, 36.3545), (-13.3076, 0, 38.1794), (-14.0944, 0, 38.7601), (-14.2933, 0, 40.5953), (-13.7374, 0, 41.3401), (-12.7277, 0, -41.8759), (-13.1141, 0, -40.5006), (-13.0759, 0, -38.5252), (-12.6841, 0, -38.3196), (-12.9658, 0, -36.8849), (-12.1521, 0, -35.7556), (-12.5924, 0, -33.6004), (-13.1447, 0, -33.3641), (-12.3316, 0, -31.8253), (-12.9792, 0, -30.5572), (-12.9114, 0, -29.6326), (-12.03, 0, -28.2703), (-12.3123, 0, -26.5368), (-12.5252, 0, -25.9174), (-13.0679, 0, -24.813), (-12.1324, 0, -22.9182), (-12.5818, 0, -22.2257), (-12.7485, 0, -21.5712), (-13.0615, 0, -19.5336), (-12.8689, 0, -18.8908), (-12.4292, 0, -17.2275), (-12.3562, 0, -16.361), (-12.0558, 0, -15.5595), (-12.0951, 0, -13.2961), (-12.2597, 0, -12.0624), (-12.748, 0, -11.556), (-12.0229, 0, -10.0151), (-12.5593, 0, -9.0355), (-12.4624, 0, -7.8264), (-12.6075, 0, -7.1131), (-12.8686, 0, -5.262), (-12.4323, 0, -3.8642), (-12.1571, 0, -3.5596), (-12.9569, 0, -1.4031), (-12.3684, 0, -0.2475), (-12.4586, 0, 0.1577), (-12.5723, 0, 1.6205), (-12.0697, 0, 2.5259), (-12.5491, 0, 4.1175), (-12.4997, 0, 4.8354), (-12.2192, 0, 6.3239), (-12.2057, 0, 8.1205), (-12.445, 0, 8.589), (-12.5312, 0, 10.2209), (-12.141, 0, 11.4995), (-12.0377, 0, 12.3056), (-12.1674, 0, 13.7564), (-12.6852, 0, 15.2065), (-12.841, 0, 16.7962), (-12.1139, 0, 16.9278), (-12.8636, 0, 18.7889), (-12.1018, 0, 20.3159), (-12.8752, 0, 21.1687), (-12.9609, 0, 22.7235), (-12.006, 0, 23.453), (-12.9263, 0, 24.7528), (-13.0369, 0, 26.3753), (-12.8133, 0, 26.5144), (-12.364, 0, 28.5498), (-12.9456, 0, 29.4473), (-12.257, 0, 30.349), (-12.2968, 0, 31.3364), (-12.9788, 0, 33.0075), (-13.027, 0, 34.0075), (-13.1855, 0, 34.8115), (-12.3604, 0, 37.0613), (-12.7273, 0, 37.453), (-12.0209, 0, 39.2244), (-12.3225, 0, 40.0585), (-12.7446, 0, 40.8348), (-11.9818, 0, -40.9098), (-11.9897, 0, -40.5254), (-11.7399, 0, -38.7654), (-11.0146, 0, -37.6989), (-11.7485, 0, -37.0525), (-10.9204, 0, -35.6469), (-10.8807, 0, -34.4869), (-11.6141, 0, -33.545), (-11.67, 0, -31.8823), (-11.5438, 0, -31.0831), (-11.5924, 0, -29.7493), (-11.6144, 0, -28.696), (-10.9268, 0, -26.4054), (-11.3168, 0, -25.9532), (-11.1306, 0, -24.788), (-11.9716, 0, -23.164), (-11.6351, 0, -22.2078), (-10.8981, 0, -21.2321), (-11.9541, 0, -19.6637), (-11.1371, 0, -18.7898), (-11.2714, 0, -17.321), (-11.0618, 0, -16.5806), (-11.468, 0, -15.3898), (-11.4279, 0, -13.3835), (-11.9248, 0, -12.1753), (-11.461, 0, -11.9588), (-11.3032, 0, -10.2457), (-11.6919, 0, -8.7267), (-11.0268, 0, -7.8507), (-11.6063, 0, -6.5132), (-11.2178, 0, -4.931), (-11.0773, 0, -4.1251), (-11.1565, 0, -3.1613), (-11.962, 0, -1.3278), (-11.392, 0, -1.1059), (-10.8303, 0, 1.0414), (-11.6074, 0, 1.6376), (-11.1271, 0, 3.5081), (-10.9562, 0, 4.3358), (-11.9352, 0, 5.937), (-11.4517, 0, 6.8972), (-11.8851, 0, 7.2259), (-11.705, 0, 9.1476), (-11.3484, 0, 10.233), (-11.9035, 0, 11.5467), (-11.5978, 0, 12.977), (-11.7615, 0, 14.0511), (-11.4628, 0, 14.4111), (-11.784, 0, 16.5858), (-11.5578, 0, 17.5957), (-11.727, 0, 18.5767), (-11.3232, 0, 19.3343), (-11.4378, 0, 20.5165), (-11.1785, 0, 21.7675), (-11.2628, 0, 23.998), (-11.2684, 0, 24.3903), (-11.1335, 0, 25.4047), (-11.1748, 0, 27.4201), (-11.3311, 0, 28.1312), (-11.5612, 0, 29.232), (-11.4918, 0, 30.2429), (-10.8481, 0, 32.1616), (-11.351, 0, 33.5719), (-11.4836, 0, 33.7853), (-11.2924, 0, 35.8876), (-11.2479, 0, 36.1185), (-11.9461, 0, 38.1682), (-11.1393, 0, 39.378), (-11.8058, 0, 40.2366), (-11.1019, 0, 41.3466), (-9.8584, 0, -41.0527), (-10.4962, 0, -39.6345), (-9.6863, 0, -38.7234), (-9.6585, 0, -38.161), (-10.7392, 0, -37.0949), (-9.6202, 0, -35.1779), (-9.8548, 0, -33.7503), (-10.7544, 0, -33.4678), (-9.8801, 0, -31.938), (-10.0948, 0, -30.8338), (-9.8687, 0, -29.6215), (-10.5525, 0, -28.3297), (-9.7117, 0, -27.2612), (-10.7211, 0, -26.381), (-10.636, 0, -24.1816), (-10.6571, 0, -23.6444), (-10.5821, 0, -21.8107), (-9.6458, 0, -20.5036), (-10.2436, 0, -19.4153), (-10.132, 0, -18.6716), (-9.8195, 0, -17.6739), (-10.4965, 0, -16.558), (-10.6509, 0, -14.9471), (-10.2038, 0, -13.7917), (-9.6892, 0, -12.1471), (-10.3833, 0, -11.4067), (-9.8835, 0, -10.2006), (-10.7263, 0, -9.5841), (-10.3146, 0, -8.0381), (-10.7977, 0, -6.8542), (-9.873, 0, -5.5856), (-9.9168, 0, -4.7949), (-10.3689, 0, -2.9353), (-9.714, 0, -2.2078), (-10.5123, 0, -1.0824), (-10.4374, 0, 0.547), (-10.2028, 0, 2.2672), (-10.0597, 0, 3.5966), (-10.0707, 0, 3.8142), (-10.4077, 0, 5.0136), (-10.0259, 0, 6.4454), (-10.3384, 0, 7.2989), (-10.1561, 0, 9.4458), (-9.8953, 0, 10.7306), (-10.2138, 0, 11.8828), (-10.6252, 0, 12.6712), (-9.6091, 0, 13.7101), (-10.0156, 0, 15.3459), (-10.3317, 0, 16.4605), (-10.014, 0, 17.7624), (-9.765, 0, 18.0207), (-10.1342, 0, 20.0021), (-9.8386, 0, 21.5088), (-10.5374, 0, 21.6382), (-10.1474, 0, 23.366), (-10.0746, 0, 24.0394), (-10.6841, 0, 25.7352), (-10.6041, 0, 26.8507), (-10.3873, 0, 28.6339), (-10.3388, 0, 29.7242), (-10.6902, 0, 30.0364), (-9.9635, 0, 31.6155), (-10.7613, 0, 33.5154), (-10.562, 0, 33.7809), (-10.7269, 0, 35.6497), (-9.8133, 0, 36.3272), (-10.4433, 0, 37.7608), (-10.4934, 0, 38.7433), (-10.4658, 0, 40.1049), (-10.4851, 0, 41.3556), (-8.4029, 0, -41.452), (-8.7986, 0, -40.754), (-8.7883, 0, -39.145), (-9.0428, 0, -37.7009), (-8.8051, 0, -36.3601), (-8.8395, 0, -35.0877), (-9.1537, 0, -34.3033), (-8.9589, 0, -32.4126), (-8.7442, 0, -32.185), (-8.8301, 0, -30.6476), (-8.8065, 0, -29.5848), (-8.6992, 0, -27.9583), (-8.4619, 0, -26.7325), (-9.0684, 0, -26.0307), (-8.9577, 0, -24.4822), (-9.4067, 0, -23.2029), (-9.0963, 0, -22.1822), (-9.546, 0, -21.0231), (-8.9343, 0, -19.9122), (-8.5683, 0, -19.1653), (-8.4509, 0, -17.1036), (-8.7511, 0, -15.7053), (-8.6827, 0, -14.8144), (-9.509, 0, -14.3257), (-8.7528, 0, -12.653), (-8.9389, 0, -10.8168), (-9.2565, 0, -9.7411), (-8.8814, 0, -8.6826), (-9.3205, 0, -8.3871), (-9.3992, 0, -7.0976), (-9.3362, 0, -4.9495), (-8.542, 0, -4.3174), (-9.4848, 0, -3.2822), (-8.5931, 0, -2.0069), (-8.7709, 0, -1.1273), (-9.0899, 0, 0.2591), (-9.217, 0, 1.728), (-9.2277, 0, 3.1086), (-8.8079, 0, 4.5501), (-9.5283, 0, 5.5753), (-8.7451, 0, 6.8562), (-9.4212, 0, 8.0018), (-8.9213, 0, 9.308), (-8.9486, 0, 10.5087), (-9.3637, 0, 10.8453), (-9.4681, 0, 12.1481), (-9.3864, 0, 14.2152), (-8.9753, 0, 14.4978), (-8.5094, 0, 16.6121), (-8.979, 0, 17.617), (-9.0381, 0, 18.3406), (-8.9896, 0, 20.2314), (-8.452, 0, 20.4211), (-8.8124, 0, 22.5404), (-9.5272, 0, 23.6871), (-9.1401, 0, 24.8341), (-8.5906, 0, 26.2334), (-8.4585, 0, 27.4583), (-8.4469, 0, 28.4643), (-9.4585, 0, 28.9208), (-9.4805, 0, 31.0054), (-9.0282, 0, 31.5547), (-9.2096, 0, 32.6134), (-8.4303, 0, 34.5971), (-8.9722, 0, 35.2376), (-8.4759, 0, 37.0584), (-9.3355, 0, 37.3429), (-8.7638, 0, 38.7762), (-8.9767, 0, 40.3391), (-8.7589, 0, 40.8368), (-7.6158, 0, -41.6549), (-7.3217, 0, -40.4501), (-8.3399, 0, -38.6675), (-7.6052, 0, -38.2187), (-8.223, 0, -36.7211), (-7.201, 0, -35.4026), (-7.5118, 0, -34.4595), (-8.3597, 0, -32.7572), (-8.0879, 0, -32.1547), (-7.2412, 0, -31.1255), (-7.7957, 0, -29.8292), (-7.8225, 0, -28.3907), (-8.3384, 0, -26.9542), (-7.3234, 0, -25.6842), (-8.0055, 0, -24.4381), (-8.3599, 0, -22.8998), (-8.231, 0, -22.2914), (-7.8618, 0, -21.1428), (-7.5754, 0, -20.3364), (-7.4115, 0, -18.1194), (-7.8046, 0, -17.9665), (-7.2491, 0, -15.8511), (-8.1426, 0, -14.877), (-7.4355, 0, -13.2564), (-7.6579, 0, -12.322), (-8.3598, 0, -11.3251), (-7.3469, 0, -9.8003), (-7.2985, 0, -8.5982), (-7.2528, 0, -7.4784), (-7.9989, 0, -6.6872), (-7.2611, 0, -4.8606), (-7.2443, 0, -4.4708), (-8.3592, 0, -3.3415), (-7.9755, 0, -1.744), (-8.1362, 0, -1.0843), (-8.3763, 0, 0.7118), (-8.1084, 0, 2.2471), (-7.849, 0, 3.0747), (-8.0038, 0, 3.8784), (-8.2024, 0, 5.6058), (-7.3523, 0, 6.5545), (-7.3983, 0, 8.1164), (-8.2777, 0, 8.7414), (-7.8171, 0, 9.6472), (-7.4725, 0, 11.6476), (-7.3694, 0, 12.0766), (-8.1979, 0, 13.3468), (-8.3741, 0, 14.7196), (-8.1702, 0, 15.663), (-7.3032, 0, 17.6522), (-7.7689, 0, 18.4883), (-7.6858, 0, 20.0269), (-7.7714, 0, 21.1636), (-7.8191, 0, 21.6222), (-7.597, 0, 23.2664), (-8.1683, 0, 24.5494), (-7.3325, 0, 25.8854), (-7.7578, 0, 26.5657), (-8.2872, 0, 28.5747), (-7.9653, 0, 29.5759), (-7.9238, 0, 30.0921), (-7.2583, 0, 31.3883), (-7.8287, 0, 33.3104), (-8.1986, 0, 34.6084), (-7.3921, 0, 35.1551), (-8.2189, 0, 36.4055), (-7.2526, 0, 37.6165), (-7.4162, 0, 38.9852), (-8.3735, 0, 40.5923), (-7.2601, 0, 41.9882), (-6.1998, 0, -41.052), (-6.8211, 0, -40.3956), (-6.8514, 0, -38.9956), (-6.376, 0, -38.0513), (-6.253, 0, -37.0261), (-6.6015, 0, -35.0858), (-6.7052, 0, -34.5127), (-6.2407, 0, -33.4715), (-6.4804, 0, -32.3249), (-6.9861, 0, -31.1203), (-6.7416, 0, -28.8321), (-6.1255, 0, -27.7018), (-7.0892, 0, -27.2083), (-6.8634, 0, -25.4617), (-6.6259, 0, -24.5796), (-6.6646, 0, -23.5863), (-6.8046, 0, -22.6674), (-6.0691, 0, -20.5856), (-6.3114, 0, -20.2493), (-7.0801, 0, -18.2208), (-6.7181, 0, -17.232), (-6.7138, 0, -16.1001), (-6.824, 0, -15.0568), (-6.6308, 0, -13.9518), (-6.3974, 0, -13.1913), (-6.2408, 0, -11.9087), (-6.4173, 0, -9.9056), (-6.8509, 0, -9.4019), (-7.133, 0, -7.4867), (-6.0134, 0, -7.1318), (-6.37, 0, -5.913), (-6.7749, 0, -4.7645), (-6.7083, 0, -2.4488), (-7.1725, 0, -2.0393), (-6.1782, 0, -1.0597), (-6.885, 0, 1.1465), (-7.1593, 0, 2.2189), (-6.8345, 0, 3.4193), (-6.9336, 0, 3.8968), (-6.9744, 0, 5.5923), (-6.9649, 0, 7.0235), (-7.1969, 0, 7.3693), (-7.0195, 0, 9.0826), (-6.3106, 0, 10.6178), (-6.384, 0, 11.0885), (-6.839, 0, 12.5003), (-6.166, 0, 13.3437), (-6.41, 0, 15.2339), (-6.4964, 0, 16.1624), (-6.3972, 0, 17.3037), (-6.3286, 0, 18.0723), (-6.9569, 0, 19.3109), (-6.8121, 0, 20.8288), (-6.3645, 0, 22.0617), (-6.06, 0, 23.8014), (-6.6186, 0, 24.8652), (-6.7591, 0, 25.8396), (-6.156, 0, 26.805), (-6.1746, 0, 28.7381), (-6.9984, 0, 28.8317), (-6.969, 0, 30.9361), (-6.9057, 0, 31.4718), (-7.0445, 0, 32.6227), (-6.9961, 0, 34.4508), (-7.1754, 0, 35.9894), (-6.7706, 0, 36.3017), (-6.704, 0, 37.4475), (-6.3098, 0, 39.3043), (-6.891, 0, 39.9776), (-6.885, 0, 41.4012), (-5.0179, 0, -41.4019), (-5.1677, 0, -40.1842), (-5.7364, 0, -39.3514), (-5.9628, 0, -37.5908), (-5.7621, 0, -37.1443), (-5.9422, 0, -35.3745), (-5.3108, 0, -34.0318), (-5.6603, 0, -33.2466), (-4.8891, 0, -31.2657), (-5.3227, 0, -30.3642), (-5.7915, 0, -28.8818), (-5.9117, 0, -28.4151), (-4.8788, 0, -26.9655), (-5.7369, 0, -25.678), (-4.8256, 0, -24.6272), (-5.089, 0, -23.747), (-5.6171, 0, -22.6474), (-5.2273, 0, -21.1014), (-5.7677, 0, -19.7167), (-4.8965, 0, -18.0165), (-5.5258, 0, -16.994), (-4.8454, 0, -15.6102), (-5.0303, 0, -14.7542), (-4.9433, 0, -14.3495), (-5.7869, 0, -12.2905), (-5.1347, 0, -10.9904), (-5.3511, 0, -10.3067), (-5.6402, 0, -8.5125), (-5.6705, 0, -7.7393), (-5.5447, 0, -6.5908), (-5.8484, 0, -5.8247), (-5.3428, 0, -4.3261), (-4.9022, 0, -2.6502), (-5.7877, 0, -2.3536), (-5.509, 0, -0.2413), (-5.7619, 0, 0.8963), (-5.7533, 0, 1.9304), (-5.7579, 0, 3.2391), (-5.8555, 0, 4.3326), (-5.2962, 0, 4.9809), (-5.3677, 0, 6.0492), (-5.3992, 0, 7.6995), (-5.3279, 0, 8.7287), (-5.6222, 0, 10.111), (-5.9981, 0, 11.6133), (-5.2707, 0, 12.888), (-4.9098, 0, 13.6841), (-5.6619, 0, 14.9136), (-5.4134, 0, 16.7853), (-5.9532, 0, 17.5468), (-4.9815, 0, 19.0637), (-5.6757, 0, 20.0521), (-5.79, 0, 20.4176), (-5.7139, 0, 22.4296), (-5.5227, 0, 23.3486), (-5.3035, 0, 24.4938), (-5.5158, 0, 26.3056), (-5.475, 0, 27.2056), (-5.4118, 0, 28.744), (-5.9553, 0, 29.9538), (-5.7637, 0, 30.6615), (-5.4741, 0, 31.4326), (-5.4833, 0, 33.3137), (-5.4461, 0, 34.2282), (-5.2544, 0, 35.0497), (-4.9135, 0, 37.1568), (-5.3183, 0, 38.3548), (-5.249, 0, 38.8493), (-5.964, 0, 40.0224), (-5.4723, 0, 41.8496), (-4.1625, 0, -41.0541), (-3.7003, 0, -40.1042), (-4.7408, 0, -39.1157), (-3.6053, 0, -37.6194), (-3.9312, 0, -36.1541), (-3.6257, 0, -34.8625), (-4.3782, 0, -34.3594), (-4.0073, 0, -32.4277), (-3.9509, 0, -32.3721), (-4.0361, 0, -30.7218), (-4.2636, 0, -29.6704), (-4.5017, 0, -28.7006), (-4.631, 0, -26.7444), (-4.0389, 0, -26.2062), (-3.6019, 0, -25.007), (-4.5249, 0, -23.5237), (-3.7678, 0, -22.3702), (-3.6709, 0, -20.767), (-4.3764, 0, -19.329), (-4.5715, 0, -19.1467), (-4.4721, 0, -17.4776), (-3.6592, 0, -15.6642), (-4.7987, 0, -15.169), (-3.8526, 0, -14.2203), (-4.7437, 0, -13.1085), (-4.2192, 0, -10.8013), (-3.8673, 0, -9.876), (-4.6285, 0, -9.3313), (-3.7622, 0, -7.7813), (-4.768, 0, -6.7996), (-4.7584, 0, -5.3072), (-3.8343, 0, -3.6961), (-4.2513, 0, -2.6616), (-4.0434, 0, -2.1162), (-4.116, 0, -0.9636), (-4.0255, 0, 0.1864), (-4.1244, 0, 1.5344), (-4.4178, 0, 2.6092), (-4.3775, 0, 4.586), (-4.154, 0, 5.4828), (-3.6486, 0, 6.9125), (-4.4012, 0, 7.3866), (-3.6949, 0, 8.7654), (-4.1556, 0, 9.8056), (-3.7213, 0, 10.8823), (-4.1688, 0, 12.6274), (-3.6354, 0, 13.7775), (-4.254, 0, 15.4647), (-4.7206, 0, 15.8949), (-3.7293, 0, 17.29), (-4.03, 0, 18.0182), (-3.989, 0, 20.1264), (-3.822, 0, 20.6704), (-4.7518, 0, 21.6099), (-4.5772, 0, 23.1957), (-4.0467, 0, 24.2067), (-4.5011, 0, 25.3714), (-4.2567, 0, 26.8488), (-4.024, 0, 28.401), (-3.9959, 0, 28.8039), (-4.1641, 0, 30.6579), (-4.0831, 0, 32.0882), (-4.5647, 0, 32.6066), (-4.4027, 0, 34.5658), (-4.3404, 0, 35.7797), (-4.5476, 0, 36.4392), (-3.8052, 0, 37.4891), (-3.7011, 0, 39.0709), (-3.9101, 0, 40.2224), (-3.874, 0, 41.9959), (-3.4493, 0, -41.6341), (-3.3842, 0, -40.4877), (-3.2558, 0, -38.6987), (-3.4524, 0, -37.5607), (-3.0441, 0, -36.5877), (-2.6483, 0, -35.7561), (-3.2753, 0, -34.5441), (-2.5107, 0, -33.1831), (-3.2536, 0, -31.6079), (-3.4442, 0, -30.0472), (-3.1115, 0, -29.6529), (-3.097, 0, -28.5484), (-2.7627, 0, -27.4326), (-3.044, 0, -25.4565), (-2.8768, 0, -24.9655), (-3.3695, 0, -22.883), (-3.4585, 0, -21.6653), (-3.0544, 0, -20.4623), (-2.9815, 0, -19.3964), (-2.8906, 0, -18.0823), (-3.2453, 0, -17.4091), (-2.6081, 0, -16.4616), (-2.9505, 0, -15.1057), (-2.9516, 0, -14.231), (-2.6767, 0, -12.8204), (-3.0893, 0, -10.8246), (-3.4937, 0, -9.942), (-2.5622, 0, -8.9398), (-3.4904, 0, -7.9215), (-2.8083, 0, -6.9826), (-3.0343, 0, -5.8823), (-2.769, 0, -4.5395), (-2.5152, 0, -2.5085), (-3.3544, 0, -1.7394), (-2.6608, 0, -0.2136), (-3.4232, 0, 0.7446), (-3.4027, 0, 1.4151), (-2.7834, 0, 3.0915), (-3.1577, 0, 4.3694), (-3.4824, 0, 5.8657), (-2.9153, 0, 6.3004), (-3.3278, 0, 7.4653), (-2.6236, 0, 9.0348), (-2.6679, 0, 9.9584), (-2.9412, 0, 10.9945), (-2.9081, 0, 12.863), (-3.1362, 0, 14.3073), (-2.473, 0, 14.506), (-2.9201, 0, 15.7903), (-2.6236, 0, 17.7832), (-2.4039, 0, 18.0049), (-3.5171, 0, 19.7204), (-3.4995, 0, 21.3596), (-3.2148, 0, 22.2201), (-2.5029, 0, 23.0151), (-3.2542, 0, 24.9776), (-2.9425, 0, 26.38), (-2.8386, 0, 26.8412), (-2.7577, 0, 27.9779), (-3.1804, 0, 29.5521), (-2.8419, 0, 30.3491), (-3.3559, 0, 31.9052), (-2.9715, 0, 33.5021), (-2.6082, 0, 33.6905), (-3.4661, 0, 35.0164), (-3.5237, 0, 36.2845), (-2.8009, 0, 37.8941), (-2.7009, 0, 39.4266), (-2.9664, 0, 40.3779), (-2.4803, 0, 41.0587), (-1.4173, 0, -41.5447), (-2.1563, 0, -40.661), (-2.1873, 0, -39.0783), (-2.2522, 0, -37.5899), (-1.6872, 0, -36.6531), (-1.4046, 0, -35.3474), (-1.4947, 0, -34.6059), (-1.9791, 0, -32.7435), (-2.1956, 0, -31.927), (-2.097, 0, -30.5415), (-1.5625, 0, -29.3487), (-2.1459, 0, -28.115), (-1.2667, 0, -27.0753), (-1.9607, 0, -25.2179), (-1.2663, 0, -24.1943), (-1.9938, 0, -23.3443), (-1.955, 0, -22.2197), (-2.3579, 0, -21.5713), (-2.2452, 0, -19.7355), (-1.3784, 0, -18.7459), (-2.0491, 0, -17.9898), (-1.4041, 0, -15.6819), (-1.9861, 0, -15.3804), (-1.7501, 0, -13.8653), (-1.5471, 0, -13.1097), (-2.1184, 0, -11.9761), (-1.4818, 0, -10.1514), (-1.848, 0, -9.3835), (-1.5602, 0, -8.1948), (-1.768, 0, -6.4729), (-1.9808, 0, -5.201), (-1.4078, 0, -3.8328), (-1.8219, 0, -3.2243), (-2.1823, 0, -1.5067), (-1.8819, 0, -0.2913), (-1.9, 0, 0.8437), (-1.8977, 0, 2.2313), (-2.1651, 0, 3.4365), (-1.9025, 0, 4.5615), (-1.4269, 0, 5.4774), (-1.6619, 0, 6.7047), (-1.9059, 0, 7.4337), (-2.2451, 0, 9.2537), (-2.1073, 0, 10.4846), (-1.6053, 0, 11.5184), (-1.2954, 0, 13.1321), (-1.8128, 0, 13.7219), (-1.9419, 0, 14.8582), (-1.8778, 0, 16.7148), (-1.9832, 0, 16.9639), (-2.271, 0, 18.3939), (-1.796, 0, 20.3236), (-1.8037, 0, 20.8004), (-1.2217, 0, 21.9969), (-1.3476, 0, 23.9341), (-1.8031, 0, 24.1127), (-2.243, 0, 26.3521), (-2.1508, 0, 26.95), (-2.017, 0, 28.0404), (-1.8519, 0, 29.5394), (-1.5114, 0, 30.2317), (-1.5817, 0, 32.1568), (-1.3657, 0, 33.1019), (-1.7083, 0, 34.1176), (-1.8522, 0, 35.8169), (-2.2435, 0, 36.9793), (-2.1561, 0, 38.0464), (-1.4308, 0, 38.5467), (-1.3305, 0, 40.4647), (-1.7247, 0, 41.7469), (-1.0165, 0, -41.3703), (-0.0697, 0, -39.9505), (-0.4764, 0, -39.5463), (-1.0382, 0, -37.8071), (-0.9243, 0, -37.0292), (-1.0332, 0, -34.9702), (-0.0808, 0, -34.5202), (-0.7397, 0, -33.3233), (-0.6475, 0, -31.4631), (-0.2214, 0, -30.9093), (-0.706, 0, -29.8125), (-0.7037, 0, -27.7913), (-0.3063, 0, -26.6158), (-0.7582, 0, -26.1056), (-0.793, 0, -24.7335), (-0.5726, 0, -22.8618), (-0.3619, 0, -22.0162), (-0.4326, 0, -21.3218), (-0.411, 0, -20.2356), (-1.0215, 0, -19.1351), (-0.3049, 0, -17.9282), (-0.3616, 0, -15.7972), (-0.3207, 0, -14.7949), (-0.1243, 0, -13.2834), (-0.0357, 0, -12.4487), (-0.2988, 0, -11.3943), (-0.6637, 0, -10.286), (-0.6169, 0, -8.6781), (-1.1801, 0, -7.2814), (-0.1708, 0, -6.7971), (-0.7559, 0, -5.9071), (-0.1893, 0, -4.0401), (-1.1485, 0, -2.9203), (-0.0329, 0, -2.2518), (-0.6518, 0, -0.0876), (-0.1127, 0, 0.5414), (-0.4918, 0, 2.2393), (-0.2671, 0, 2.6117), (-0.743, 0, 4.5749), (-0.8884, 0, 5.9147), (-0.3865, 0, 6.3098), (-0.9141, 0, 7.2289), (-0.9304, 0, 8.6147), (-0.1036, 0, 9.7209), (-0.6992, 0, 11.3155), (-0.7162, 0, 13.0121), (-0.9622, 0, 13.5897), (-0.0289, 0, 14.4877), (-0.3843, 0, 16.4396), (-0.8248, 0, 17.0754), (-0.6445, 0, 18.1793), (-0.6238, 0, 19.3131), (-0.6919, 0, 21.095), (-0.2107, 0, 22.411), (-0.5469, 0, 23.0862), (-0.3295, 0, 24.9295), (-1.1242, 0, 25.9919), (-0.2721, 0, 26.7143), (-0.4142, 0, 27.936), (-0.5357, 0, 29.268), (-0.4017, 0, 30.5246), (-0.0139, 0, 32.3614), (-1.1228, 0, 33.1155), (-0.2812, 0, 33.9921), (-0.4022, 0, 35.8769), (-0.9952, 0, 37.0531), (-0.9842, 0, 37.2238), (-0.2086, 0, 38.7486), (-0.6983, 0, 40.0954), (-0.3826, 0, 41.3396), (1.0536, 0, -41.7501), (0.9618, 0, -39.9516), (0.4251, 0, -39.0357), (0.7092, 0, -37.993), (0.9082, 0, -36.3011), (0.6254, 0, -35.9322), (0.0355, 0, -34.2668), (0.401, 0, -33.0366), (0.9579, 0, -32.077), (0.8636, 0, -30.7162), (0.0063, 0, -29.7559), (0.3939, 0, -27.8399), (0.9575, 0, -26.7449), (0.3873, 0, -25.7582), (0.3825, 0, -24.393), (0.4869, 0, -23.9903), (0.276, 0, -22.3747), (1.0912, 0, -21.5077), (0.8432, 0, -19.4628), (0.1924, 0, -18.4813), (0.7032, 0, -17.7852), (0.1722, 0, -15.9703), (0.3005, 0, -15.3788), (0.3062, 0, -13.3067), (1.0944, 0, -12.0172), (0.0922, 0, -11.1257), (0.9676, 0, -9.6343), (0.778, 0, -8.5977), (0.0963, 0, -7.446), (0.3791, 0, -6.5191), (0.7261, 0, -4.8287), (0.6716, 0, -3.7625), (1.0168, 0, -3.5244), (0.8877, 0, -1.9075), (0.6289, 0, -0.8782), (0.382, 0, 0.4023), (0.1178, 0, 1.5467), (0.8662, 0, 3.2867), (0.695, 0, 3.9397), (0.8803, 0, 5.2272), (0.1685, 0, 6.9181), (0.2894, 0, 7.9509), (0.7842, 0, 8.4701), (0.8054, 0, 9.7513), (0.9771, 0, 11.6215), (0.0218, 0, 12.6503), (1.1854, 0, 13.6704), (0.7748, 0, 14.7468), (0.7729, 0, 16.5533), (0.0277, 0, 17.1739), (0.4958, 0, 18.4867), (0.461, 0, 20.0144), (0.59, 0, 20.6093), (0.0676, 0, 22.1384), (0.7576, 0, 23.3002), (0.2719, 0, 24.4398), (0.4193, 0, 25.7211), (0.789, 0, 26.5266), (0.94, 0, 28.1891), (0.3621, 0, 29.9812), (0.3183, 0, 31.0328), (0.7677, 0, 32.0083), (0.3574, 0, 33.5266), (0.8361, 0, 34.1645), (0.2703, 0, 34.8233), (0.9177, 0, 36.0706), (0.3856, 0, 38.2134), (1.1135, 0, 39.2518), (0.0277, 0, 39.9887), (1.1047, 0, 41.1424), (1.4317, 0, -41.4104), (2.3146, 0, -39.8684), (1.7519, 0, -39.407), (1.205, 0, -38.0991), (1.4341, 0, -37.042), (1.227, 0, -35.9804), (2.2753, 0, -33.8897), (1.8146, 0, -32.7894), (1.2901, 0, -31.7988), (1.8989, 0, -30.9247), (2.1204, 0, -29.1987), (1.8376, 0, -28.2451), (2.2129, 0, -26.7613), (1.2909, 0, -25.8137), (1.9648, 0, -24.1557), (2.127, 0, -23.9396), (1.7643, 0, -22.3983), (2.0736, 0, -21.3178), (2.1796, 0, -19.2958), (2.075, 0, -18.6283), (2.324, 0, -17.5188), (1.5141, 0, -15.7689), (2.0847, 0, -15.5863), (1.7679, 0, -14.2807), (1.2423, 0, -12.3314), (2.1519, 0, -11.8656), (2.2091, 0, -10.4442), (1.9669, 0, -8.9628), (2.341, 0, -7.3821), (2.3465, 0, -6.4132), (1.2487, 0, -5.5479), (2.0681, 0, -4.4905), (1.4514, 0, -3.3363), (1.5807, 0, -2.3807), (1.9108, 0, -0.7658), (1.7535, 0, 0.8406), (1.5625, 0, 2.3037), (2.3478, 0, 2.7304), (2.1353, 0, 3.6046), (1.4237, 0, 5.1886), (1.5391, 0, 7.1973), (2.0262, 0, 8.1174), (2.0275, 0, 9.4045), (1.9151, 0, 10.7236), (2.1086, 0, 11.8156), (2.1179, 0, 12.5056), (1.4142, 0, 13.4746), (2.3083, 0, 14.715), (1.6418, 0, 16.6026), (1.4988, 0, 16.9478), (2.0351, 0, 18.6304), (2.0439, 0, 19.9772), (1.8837, 0, 21.515), (1.3272, 0, 22.4673), (1.4359, 0, 23.4919), (1.948, 0, 24.4028), (2.2336, 0, 25.6383), (2.2034, 0, 27.0311), (1.3401, 0, 27.6484), (1.688, 0, 29.2525), (1.729, 0, 31.1956), (1.9432, 0, 32.3102), (1.818, 0, 33.5167), (2.1845, 0, 34.467), (1.5079, 0, 35.7109), (1.8283, 0, 36.4848), (1.8561, 0, 38.3545), (1.7806, 0, 39.4093), (1.3648, 0, 40.0753), (1.6345, 0, 41.0382), (3.2048, 0, -41.7778), (3.509, 0, -40.107), (2.6261, 0, -39.3218), (3.024, 0, -37.4986), (3.4772, 0, -36.1442), (3.454, 0, -34.8909), (3.1118, 0, -34.7894), (2.9319, 0, -32.442), (2.5691, 0, -31.4254), (3.5717, 0, -30.4307), (2.438, 0, -29.1916), (2.9928, 0, -28.4996), (2.8455, 0, -26.6296), (2.7713, 0, -26.3744), (2.911, 0, -24.3339), (3.1029, 0, -23.4529), (2.5825, 0, -21.7361), (3.0218, 0, -20.4684), (2.7546, 0, -20.0829), (2.5677, 0, -19.1142), (2.7061, 0, -17.4551), (2.8525, 0, -16.2151), (3.1541, 0, -14.6437), (2.8352, 0, -13.4683), (3.1617, 0, -12.7852), (2.4768, 0, -10.8922), (3.347, 0, -10.5872), (2.7881, 0, -8.845), (3.1566, 0, -7.2055), (3.4199, 0, -6.646), (3.218, 0, -5.006), (3.5408, 0, -3.644), (3.1662, 0, -3.3296), (2.4178, 0, -1.8693), (3.3983, 0, -0.0388), (2.9567, 0, 0.2323), (2.7887, 0, 1.9365), (2.5262, 0, 3.4532), (3.3553, 0, 4.5111), (3.5501, 0, 5.6667), (3.4112, 0, 7.159), (2.4479, 0, 7.8747), (3.5753, 0, 9.2134), (3.4177, 0, 10.4474), (2.6217, 0, 11.7916), (2.7734, 0, 12.7646), (3.3133, 0, 14.3915), (3.2955, 0, 15.0322), (3.077, 0, 16.102), (2.6616, 0, 16.906), (3.1715, 0, 18.3354), (3.4969, 0, 19.8086), (2.9539, 0, 21.4862), (2.8782, 0, 22.5042), (2.7798, 0, 23.7203), (2.4067, 0, 24.3171), (2.891, 0, 25.8146), (2.547, 0, 27.2243), (2.603, 0, 27.8358), (2.8356, 0, 29.1437), (2.5647, 0, 30.4859), (2.9097, 0, 31.98), (2.5016, 0, 32.4234), (3.1818, 0, 34.4004), (3.2787, 0, 35.0711), (3.541, 0, 36.1446), (3.1704, 0, 37.4979), (3.1756, 0, 38.7514), (3.1042, 0, 40.4615), (2.7779, 0, 41.0888), (4.3528, 0, -41.5518), (4.3082, 0, -40.5049), (3.6744, 0, -38.8037), (4.566, 0, -38.1555), (4.7853, 0, -36.5149), (4.1461, 0, -35.0703), (3.9844, 0, -34.1312), (4.1072, 0, -33.1024), (3.7817, 0, -32.3014), (3.6829, 0, -30.0587), (4.7878, 0, -29.3388), (4.1472, 0, -27.9099), (4.6199, 0, -26.861), (4.2477, 0, -26.0683), (3.9277, 0, -25.1646), (4.0768, 0, -23.5228), (3.7896, 0, -21.7001), (4.0733, 0, -21.4028), (4.0804, 0, -19.7452), (4.2076, 0, -19.0524), (3.7616, 0, -17.7968), (4.133, 0, -16.2812), (4.0868, 0, -14.6383), (3.9427, 0, -13.7045), (3.9165, 0, -12.3339), (3.9113, 0, -10.9561), (4.3163, 0, -10.624), (3.8872, 0, -9.5396), (3.6891, 0, -8.3514), (4.4497, 0, -6.9114), (4.6894, 0, -5.862), (4.1731, 0, -4.5868), (4.654, 0, -2.9324), (3.758, 0, -1.725), (4.0138, 0, -0.5221), (4.0293, 0, 0.3609), (3.9507, 0, 1.7665), (3.7842, 0, 2.9461), (4.7805, 0, 3.9352), (4.77, 0, 5.0295), (4.058, 0, 7.1164), (4.3724, 0, 8.1937), (3.6878, 0, 9.4247), (4.3241, 0, 10.4992), (4.7488, 0, 11.8969), (3.8229, 0, 13.1485), (4.4282, 0, 13.5588), (3.8967, 0, 14.7675), (4.2716, 0, 15.9507), (3.8543, 0, 17.7221), (4.264, 0, 19.1796), (4.5672, 0, 20.0758), (4.0545, 0, 20.8299), (4.2024, 0, 22.6823), (4.7684, 0, 23.0243), (3.9445, 0, 25.0989), (3.9011, 0, 26.2774), (4.664, 0, 27.2792), (4.5381, 0, 28.2562), (3.6582, 0, 29.37), (3.8763, 0, 30.4709), (4.1022, 0, 31.7058), (4.083, 0, 33.0439), (4.2939, 0, 34.5105), (4.4297, 0, 34.8106), (4.069, 0, 36.923), (3.674, 0, 37.5634), (4.7477, 0, 38.5346), (4.2076, 0, 39.9778), (4.4237, 0, 41.7939), (5.6843, 0, -40.9724), (5.3165, 0, -39.7115), (4.9159, 0, -38.7374), (5.2474, 0, -37.4046), (5.065, 0, -36.6611), (5.3529, 0, -35.8302), (5.0165, 0, -34.1902), (5.3825, 0, -32.5978), (5.4975, 0, -31.691), (5.6918, 0, -30.6151), (5.7178, 0, -29.9888), (4.8268, 0, -27.7621), (5.1164, 0, -26.7499), (5.5687, 0, -25.5583), (5.9622, 0, -24.3708), (5.2669, 0, -23.7309), (5.5177, 0, -22.7436), (5.3163, 0, -20.5604), (5.0161, 0, -20.3389), (5.5038, 0, -18.9684), (5.4066, 0, -17.1317), (5.7969, 0, -16.1741), (5.7243, 0, -15.3496), (5.9901, 0, -13.7222), (5.7147, 0, -13.1022), (5.1376, 0, -10.9016), (5.5514, 0, -9.9595), (5.0982, 0, -8.7273), (4.9992, 0, -8.2761), (5.8095, 0, -6.269), (5.1398, 0, -5.7601), (5.2831, 0, -4.1037), (5.3408, 0, -2.473), (4.8348, 0, -2.1984), (5.2214, 0, -0.8699), (5.8147, 0, 1.1223), (5.3099, 0, 1.478), (5.2945, 0, 2.7704), (5.688, 0, 3.6039), (5.6256, 0, 5.9982), (5.6535, 0, 7.189), (5.7514, 0, 8.0246), (5.1134, 0, 8.9677), (5.5882, 0, 10.102), (5.6697, 0, 11.0898), (4.9349, 0, 12.031), (5.3507, 0, 14.1115), (5.0266, 0, 14.6321), (4.8932, 0, 16.2801), (5.8701, 0, 17.8138), (5.1955, 0, 18.0189), (5.9429, 0, 19.3321), (5.1856, 0, 20.565), (4.8106, 0, 21.7231), (5.5117, 0, 23.7057), (5.3828, 0, 24.4521), (5.7568, 0, 25.8981), (5.9274, 0, 26.9404), (4.9916, 0, 28.5434), (5.1062, 0, 29.5659), (4.8838, 0, 30.6615), (5.6997, 0, 31.3098), (5.9278, 0, 32.5277), (4.9016, 0, 34.5181), (4.8841, 0, 35.6946), (5.5847, 0, 36.5062), (5.7395, 0, 38.2028), (5.7139, 0, 39.3091), (5.33, 0, 40.3232), (5.6822, 0, 40.8835), (6.9557, 0, -41.8276), (6.0412, 0, -39.7123), (6.9126, 0, -39.135), (7.0803, 0, -38.1217), (6.93, 0, -36.7459), (6.842, 0, -35.0566), (6.7542, 0, -34.7505), (6.5675, 0, -32.5245), (6.9802, 0, -32.3379), (6.0216, 0, -30.6118), (6.1342, 0, -29.156), (6.8274, 0, -27.8634), (6.3346, 0, -27.1134), (6.6747, 0, -25.3096), (7.1246, 0, -24.9634), (6.4608, 0, -23.5068), (6.0476, 0, -22.0548), (6.9655, 0, -21.2225), (7.0601, 0, -20.1273), (7.1862, 0, -18.6147), (7.1831, 0, -17.0219), (6.2584, 0, -16.5891), (6.7735, 0, -14.8136), (6.0428, 0, -13.4851), (6.6996, 0, -12.6969), (6.7111, 0, -11.0446), (6.2919, 0, -10.35), (6.5216, 0, -9.4642), (7.0001, 0, -7.9606), (6.7973, 0, -6.0467), (7.0885, 0, -4.9699), (6.8993, 0, -4.5845), (6.2191, 0, -3.1483), (6.0703, 0, -2.309), (7.0046, 0, -0.7708), (6.723, 0, 0.3935), (6.4245, 0, 1.9137), (6.1606, 0, 3.3162), (6.5308, 0, 3.7568), (6.2971, 0, 4.8059), (6.7752, 0, 6.2952), (6.1654, 0, 7.4614), (7.0163, 0, 8.9424), (6.841, 0, 9.9633), (6.0108, 0, 11.1912), (6.9875, 0, 13.1876), (6.4546, 0, 13.5343), (6.1456, 0, 14.8359), (6.949, 0, 15.7609), (6.7138, 0, 17.2849), (6.0695, 0, 18.1895), (6.7985, 0, 20.3615), (6.9388, 0, 20.6439), (6.3666, 0, 22.6311), (6.084, 0, 23.1884), (6.1724, 0, 24.288), (6.8546, 0, 25.6635), (6.8163, 0, 27.22), (7.0164, 0, 28.2373), (6.7943, 0, 29.3256), (6.3398, 0, 31.049), (6.2955, 0, 31.8981), (6.562, 0, 33.0013), (7.1831, 0, 34.1657), (6.1312, 0, 35.4968), (6.1171, 0, 36.3983), (6.2998, 0, 37.6986), (6.8785, 0, 38.8008), (6.4803, 0, 39.8211), (6.0678, 0, 41.1819), (8.1198, 0, -41.2557), (7.4796, 0, -40.2367), (8.0529, 0, -38.552), (8.0125, 0, -37.4364), (7.5649, 0, -36.1589), (7.3456, 0, -35.5861), (8.0094, 0, -34.7724), (7.3043, 0, -33.5677), (8.0958, 0, -32.0546), (8.3864, 0, -31.139), (7.3974, 0, -29.9104), (8.056, 0, -28.3459), (7.6005, 0, -26.8608), (7.8173, 0, -26.2252), (7.8439, 0, -24.1192), (8.39, 0, -23.4075), (7.3161, 0, -21.6585), (8.0026, 0, -20.9349), (8.2205, 0, -19.3177), (7.9703, 0, -18.3767), (7.8571, 0, -17.9262), (7.5223, 0, -15.9627), (7.5818, 0, -15.5871), (7.9313, 0, -13.8396), (7.9561, 0, -12.6266), (8.0431, 0, -11.2912), (7.9359, 0, -10.6547), (7.7897, 0, -9.5875), (8.0333, 0, -7.3247), (7.4592, 0, -6.0788), (7.2164, 0, -5.3172), (7.2219, 0, -4.1002), (8.0141, 0, -2.8684), (7.8805, 0, -1.8719), (7.6644, 0, -0.3093), (7.6611, 0, 0.5187), (7.8652, 0, 1.509), (7.7311, 0, 2.5852), (8.147, 0, 4.5552), (8.2187, 0, 5.1055), (8.3949, 0, 6.1556), (8.3654, 0, 7.3173), (7.4157, 0, 8.4783), (8.357, 0, 10.6926), (8.1019, 0, 11.7118), (7.5522, 0, 12.6248), (7.295, 0, 14.1116), (7.6253, 0, 15.3148), (7.5011, 0, 15.6386), (7.5993, 0, 17.8537), (7.7271, 0, 19.105), (7.6423, 0, 20.196), (8.1207, 0, 21.4715), (7.7256, 0, 22.5104), (7.7193, 0, 23.6903), (7.9463, 0, 24.721), (8.1165, 0, 26.0686), (8.1894, 0, 26.6218), (7.4895, 0, 28.4367), (8.1496, 0, 29.4627), (7.8252, 0, 30.674), (7.8996, 0, 32.0098), (7.9269, 0, 32.7033), (7.8698, 0, 34.1917), (7.7977, 0, 35.3618), (7.7893, 0, 37.0398), (7.7038, 0, 37.4917), (7.8686, 0, 38.4395), (7.5572, 0, 40.1276), (7.9769, 0, 41.1163), (9.2652, 0, -41.0252), (8.874, 0, -39.6558), (8.9846, 0, -39.4495), (8.9462, 0, -37.4712), (9.047, 0, -37.0622), (8.9322, 0, -35.5973), (9.317, 0, -34.3504), (9.2024, 0, -33.3262), (8.5749, 0, -32.0208), (8.8832, 0, -30.6667), (9.1228, 0, -29.3469), (9.523, 0, -28.7236), (8.4662, 0, -27.1953), (9.5303, 0, -26.2314), (9.3412, 0, -24.3285), (9.3958, 0, -23.0998), (9.215, 0, -21.6213), (9.4571, 0, -20.6998), (9.1188, 0, -19.9476), (9.327, 0, -18.6905), (8.7779, 0, -17.5211), (9.2901, 0, -16.6546), (8.8635, 0, -15.038), (8.9257, 0, -13.2141), (8.9999, 0, -12.5743), (8.8798, 0, -11.5105), (8.4763, 0, -10.0224), (8.9523, 0, -9.0594), (8.7037, 0, -7.2068), (9.1951, 0, -6.2721), (8.9088, 0, -5.9259), (9.0747, 0, -3.9973), (9.1871, 0, -3.146), (8.9573, 0, -1.7066), (8.9772, 0, -0.3225), (9.4471, 0, 0.9642), (9.115, 0, 1.8713), (8.5155, 0, 2.407), (9.2991, 0, 4.1706), (8.979, 0, 5.5714), (8.5095, 0, 6.6284), (9.0592, 0, 7.4985), (9.5207, 0, 8.7815), (9.2364, 0, 10.7991), (9.5363, 0, 11.1885), (8.4778, 0, 13.166), (8.6086, 0, 13.5302), (8.9648, 0, 15.4732), (8.5299, 0, 16.5796), (9.3579, 0, 17.5921), (9.0161, 0, 18.7831), (9.1836, 0, 20.258), (8.5087, 0, 21.5312), (9.4626, 0, 21.8184), (8.8291, 0, 23.6412), (9.4494, 0, 24.7422), (8.5014, 0, 25.4229), (8.5509, 0, 26.5647), (8.8593, 0, 28.7466), (9.5105, 0, 29.3904), (8.6341, 0, 30.3126), (8.5688, 0, 31.3788), (8.6113, 0, 33.2444), (8.6118, 0, 33.9375), (9.1063, 0, 35.7251), (8.7593, 0, 36.3827), (8.777, 0, 38.2011), (8.4191, 0, 38.4108), (8.8831, 0, 39.617), (9.5773, 0, 41.1502), (10.5239, 0, -41.7869), (10.09, 0, -39.8458), (9.9705, 0, -39.0736), (10.3721, 0, -37.3392), (10.1852, 0, -36.3749), (10.0453, 0, -35.5436), (10.7512, 0, -33.7155), (10.1145, 0, -33.0417), (10.0853, 0, -31.3585), (10.2439, 0, -30.9192), (10.4434, 0, -29.6437), (10.7373, 0, -27.6666), (9.6714, 0, -26.8735), (10.6989, 0, -26.3301), (9.8767, 0, -24.9024), (10.0095, 0, -23.5072), (10.1084, 0, -22.4639), (9.7582, 0, -21.282), (9.6991, 0, -19.5612), (9.8339, 0, -18.0236), (10.1162, 0, -17.2727), (10.0787, 0, -16.64), (10.5826, 0, -15.3976), (10.2017, 0, -13.2749), (10.4471, 0, -12.1908), (9.877, 0, -11.2133), (10.1027, 0, -9.7115), (10.6739, 0, -9.1378), (10.4167, 0, -7.8418), (9.8187, 0, -6.8745), (9.7281, 0, -4.8576), (9.9083, 0, -4.5086), (9.7847, 0, -3.3317), (10.1415, 0, -2.1888), (10.145, 0, -0.0893), (10.5565, 0, 0.9059), (10.7192, 0, 1.722), (9.7617, 0, 2.8172), (9.7223, 0, 4.7291), (10.2448, 0, 5.9413), (9.7653, 0, 7.0796), (9.673, 0, 7.2438), (10.4289, 0, 9.3497), (9.6802, 0, 10.6385), (10.0964, 0, 11.8555), (10.6131, 0, 12.3101), (9.8699, 0, 13.6022), (10.365, 0, 15.4446), (10.0557, 0, 16.6402), (10.5231, 0, 17.1685), (10.3357, 0, 19.0457), (10.5893, 0, 20.068), (10.6669, 0, 20.8963), (9.9975, 0, 22.1252), (9.8981, 0, 23.9618), (9.6661, 0, 24.7717), (9.7276, 0, 26.0651), (10.1929, 0, 26.4878), (10.6517, 0, 28.7108), (9.9882, 0, 29.8603), (9.8958, 0, 31.1304), (10.6506, 0, 32.086), (9.8842, 0, 32.5816), (9.6545, 0, 33.6475), (9.6437, 0, 35.0245), (9.6346, 0, 36.7218), (10.5093, 0, 37.3969), (10.4585, 0, 39.0716), (10.5458, 0, 40.0451), (10.1536, 0, 41.324), (11.2069, 0, -41.0874), (11.4661, 0, -40.7956), (11.5592, 0, -38.5051), (10.8361, 0, -37.4695), (11.7941, 0, -36.6478), (11.9739, 0, -35.5692), (11.7671, 0, -34.7567), (10.9537, 0, -33.586), (11.6994, 0, -31.2573), (11.3205, 0, -31.1172), (11.0296, 0, -28.9955), (11.0526, 0, -28.0495), (11.9494, 0, -26.4948), (11.4451, 0, -25.2184), (11.7459, 0, -25.0635), (11.8403, 0, -23.0578), (11.2339, 0, -22.2913), (11.3731, 0, -20.9752), (11.3072, 0, -19.4297), (11.8714, 0, -18.9085), (11.722, 0, -17.7855), (11.6429, 0, -15.6979), (11.7179, 0, -15.2794), (11.9896, 0, -13.4383), (11.8079, 0, -12.5938), (10.909, 0, -11.2561), (11.6563, 0, -10.0428), (11.123, 0, -9.5579), (10.8033, 0, -8.322), (11.2004, 0, -7.11), (11.1022, 0, -4.9627), (10.8674, 0, -4.3233), (11.5442, 0, -3.2713), (11.3097, 0, -1.3212), (11.5672, 0, -0.0083), (11.2673, 0, 1.0216), (10.8991, 0, 2.0221), (11.0417, 0, 3.5573), (11.3807, 0, 3.8006), (11.1305, 0, 5.8878), (11.3079, 0, 6.4965), (11.4555, 0, 7.5881), (11.0468, 0, 9.4417), (11.6749, 0, 10.5927), (11.1766, 0, 11.692), (10.9057, 0, 13.0474), (11.1168, 0, 13.314), (11.6544, 0, 14.701), (11.3367, 0, 16.6855), (11.8806, 0, 17.8315), (11.6277, 0, 18.8224), (10.8305, 0, 19.4472), (11.9276, 0, 20.6142), (11.614, 0, 22.0572), (11.8996, 0, 22.8383), (11.078, 0, 24.078), (11.9577, 0, 25.8725), (11.4355, 0, 26.6779), (11.3717, 0, 28.0622), (11.6176, 0, 29.5334), (11.0145, 0, 30.7849), (11.1391, 0, 31.8666), (11.0684, 0, 32.6591), (11.2823, 0, 34.4167), (11.6812, 0, 35.7127), (11.7487, 0, 36.4413), (11.1261, 0, 38.0664), (10.9861, 0, 39.1095), (10.914, 0, 39.7519), (10.9754, 0, 41.6721), (12.4672, 0, -41.6988), (12.9072, 0, -40.2487), (12.0271, 0, -38.6221), (13.0724, 0, -37.4462), (13.1582, 0, -36.7473), (12.9356, 0, -35.2905), (12.3593, 0, -34.745), (12.0039, 0, -32.8502), (12.0967, 0, -31.5468), (12.1626, 0, -30.0882), (12.579, 0, -29.0185), (12.3853, 0, -27.6954), (12.8531, 0, -27.4351), (12.7007, 0, -25.8371), (12.4271, 0, -24.3377), (12.2974, 0, -22.938), (12.3401, 0, -22.638), (13.1312, 0, -21.1576), (12.7749, 0, -19.61), (12.1193, 0, -19.0079), (12.6571, 0, -17.2634), (12.6121, 0, -16.103), (12.4455, 0, -15.5197), (12.0624, 0, -13.8784), (12.3399, 0, -12.0242), (12.6795, 0, -11.0936), (12.323, 0, -10.3557), (12.2296, 0, -8.6153), (12.7006, 0, -8.3169), (12.1692, 0, -6.5173), (13.0739, 0, -5.311), (12.6433, 0, -3.9682), (12.5623, 0, -3.5201), (12.6317, 0, -1.7493), (13.1253, 0, -1.0778), (12.9745, 0, 0.7336), (13.0703, 0, 2.368), (12.0495, 0, 2.8611), (12.7153, 0, 4.065), (12.1731, 0, 5.6583), (12.0844, 0, 7.0461), (12.6519, 0, 7.8953), (13.1408, 0, 9.3238), (13.0414, 0, 10.5153), (12.1054, 0, 11.5748), (12.9946, 0, 13.1529), (13.0364, 0, 14.0209), (12.3527, 0, 14.8893), (12.2162, 0, 15.9672), (12.7657, 0, 17.855), (12.3969, 0, 18.8038), (12.9103, 0, 19.8072), (12.9788, 0, 20.9758), (13.0251, 0, 22.1946), (12.1462, 0, 23.9967), (12.8249, 0, 24.4842), (12.5598, 0, 25.4194), (12.7813, 0, 27.485), (12.9221, 0, 28.7242), (12.6401, 0, 29.5474), (13.1098, 0, 30.508), (12.8838, 0, 32.3069), (12.6451, 0, 33.4367), (12.0964, 0, 33.9436), (12.4993, 0, 35.3789), (13.1648, 0, 37.094), (12.602, 0, 37.6986), (12.7653, 0, 39.223), (12.8982, 0, 40.2318), (12.7548, 0, 41.3563), (14.217, 0, -41.7844), (13.7594, 0, -39.7464), (13.57, 0, -38.6857), (13.3213, 0, -37.6934), (13.203, 0, -37.0014), (14.1764, 0, -35.8031), (14.3166, 0, -34.0856), (13.8013, 0, -33.4841), (13.7474, 0, -31.2106), (13.6863, 0, -30.6844), (13.7867, 0, -29.1274), (13.4047, 0, -28.3782), (13.9257, 0, -27.5107), (14.3443, 0, -25.6453), (13.5193, 0, -24.0377), (13.2395, 0, -23.1962), (13.5587, 0, -22.4717), (13.7445, 0, -21.053), (14.2869, 0, -19.3881), (13.939, 0, -18.2807), (13.3522, 0, -16.9721), (13.2309, 0, -16.1678), (13.9623, 0, -15.1715), (14.0701, 0, -14.2836), (14.01, 0, -12.1514), (13.7012, 0, -11.2365), (13.969, 0, -10.1375), (13.5602, 0, -8.967), (14.1572, 0, -7.5704), (13.8487, 0, -7.0295), (13.8529, 0, -5.3559), (13.9658, 0, -3.7611), (14.1642, 0, -3.1864), (13.8797, 0, -1.731), (13.9366, 0, -0.8322), (13.8609, 0, 0.9363), (14.118, 0, 2.3293), (13.4593, 0, 3.5094), (14.0639, 0, 3.8971), (13.7108, 0, 4.8671), (13.5169, 0, 6.7707), (13.635, 0, 8.0667), (13.4624, 0, 9.5756), (14.1983, 0, 10.6418), (13.3193, 0, 11.4044), (13.9958, 0, 12.9011), (13.5936, 0, 14.1856), (14.0469, 0, 15.3775), (13.7319, 0, 16.4297), (13.3398, 0, 16.9507), (14.0847, 0, 18.3427), (13.4213, 0, 19.9542), (13.5921, 0, 21.0761), (13.8721, 0, 21.6243), (13.4995, 0, 23.7239), (13.5839, 0, 24.3865), (13.8305, 0, 26.3588), (14.3764, 0, 27.4433), (13.6477, 0, 27.7087), (13.3059, 0, 29.5444), (13.9803, 0, 30.8216), (13.5493, 0, 32.039), (13.7309, 0, 32.6084), (13.8294, 0, 34.7889), (14.018, 0, 35.5177), (13.97, 0, 36.6067), (14.2512, 0, 37.687), (13.9813, 0, 39.0944), (14.0817, 0, 40.4526), (14.0088, 0, 40.8769), (15.5566, 0, -40.9561), (15.0672, 0, -40.4197), (14.4174, 0, -39.5323), (14.5326, 0, -37.9053), (14.6187, 0, -37.0854), (15.1313, 0, -35.1643), (15.1658, 0, -33.7498), (15.4392, 0, -33.3527), (15.3731, 0, -31.7592), (15.4816, 0, -30.3576), (15.1257, 0, -29.6308), (14.8054, 0, -27.713), (14.5753, 0, -27.0552), (14.5774, 0, -25.9933), (15.378, 0, -24.551), (15.525, 0, -23.8438), (14.5244, 0, -21.9423), (14.8692, 0, -21.4363), (14.75, 0, -20.1234), (15.212, 0, -18.7232), (14.4864, 0, -17.6692), (15.4518, 0, -15.7656), (15.271, 0, -15.1143), (15.5692, 0, -13.2937), (14.6874, 0, -12.3784), (15.3438, 0, -11.4837), (15.4069, 0, -10.5502), (14.5589, 0, -8.9188), (15.2735, 0, -7.217), (15.1111, 0, -6.2058), (14.936, 0, -5.0043), (15.5102, 0, -3.8839), (15.0991, 0, -3.1211), (14.7864, 0, -1.7253), (14.8147, 0, -0.4404), (14.5209, 0, 0.6737), (14.4011, 0, 2.0113), (14.8786, 0, 2.8368), (15.5452, 0, 4.6365), (14.6617, 0, 5.9378), (15.2125, 0, 6.0152), (14.8641, 0, 8.1903), (15.4383, 0, 8.531), (14.5843, 0, 10.4701), (14.41, 0, 11.7224), (15.1234, 0, 12.8321), (14.5615, 0, 14.2129), (14.8743, 0, 14.5482), (14.5211, 0, 16.2074), (14.7555, 0, 17.2857), (15.3424, 0, 18.6032), (14.6012, 0, 19.7006), (15.2031, 0, 20.7725), (15.2054, 0, 22.2174), (14.4254, 0, 23.2566), (15.1431, 0, 25.1185), (14.5424, 0, 26.1754), (14.4002, 0, 27.4172), (14.496, 0, 28.3279), (15.139, 0, 28.9781), (14.696, 0, 30.6686), (14.7277, 0, 32.0151), (15.5848, 0, 33.2726), (15.4441, 0, 34.034), (14.8542, 0, 35.5349), (15.4715, 0, 36.3131), (14.5625, 0, 38.3144), (15.0925, 0, 38.6738), (15.0927, 0, 40.6149), (14.603, 0, 41.5608), (16.4747, 0, -41.1439), (16.1938, 0, -40.5927), (16.3174, 0, -38.7187), (16.4465, 0, -38.113), (15.6497, 0, -36.8477), (16.3094, 0, -35.5542), (15.9704, 0, -34.7674), (16.2218, 0, -33.2704), (16.643, 0, -31.4859), (16.2685, 0, -30.5106), (16.0474, 0, -29.2543), (16.5348, 0, -28.1696), (16.6148, 0, -27.1876), (15.6166, 0, -26.2446), (16.4158, 0, -24.8388), (16.3893, 0, -23.9073), (16.1865, 0, -22.5085), (15.9475, 0, -20.4223), (16.3834, 0, -19.8748), (16.1648, 0, -19.1959), (15.9538, 0, -17.5629), (16.0961, 0, -16.2877), (16.3641, 0, -15.2956), (16.1848, 0, -14.2625), (16.1162, 0, -12.8187), (15.7104, 0, -11.6173), (16.1842, 0, -10.7853), (15.9968, 0, -8.9406), (16.677, 0, -7.3493), (16.428, 0, -6.1967), (15.8865, 0, -5.7141), (16.6746, 0, -3.8756), (15.8785, 0, -3.2827), (16.4917, 0, -2.06), (15.6794, 0, -1.021), (16.4873, 0, 0.137), (16.1885, 0, 1.6305), (15.8531, 0, 3.4693), (16.0185, 0, 4.1321), (16.1985, 0, 5.9418), (16.2292, 0, 6.6346), (15.8764, 0, 7.7064), (16.4117, 0, 8.9363), (15.6939, 0, 10.6866), (15.7253, 0, 10.8693), (15.7121, 0, 12.7179), (16.5987, 0, 13.4982), (16.3154, 0, 15.2683), (15.7771, 0, 16.5576), (16.0641, 0, 17.0704), (16.091, 0, 19.0198), (16.3219, 0, 19.7192), (16.3343, 0, 21.3735), (16.6974, 0, 21.7038), (15.9059, 0, 23.0621), (16.6491, 0, 24.0016), (16.6767, 0, 25.6964), (15.6645, 0, 27.317), (16.052, 0, 28.1742), (16.324, 0, 29.3739), (15.9828, 0, 30.1713), (15.9159, 0, 31.9877), (16.7261, 0, 32.7232), (16.2291, 0, 33.9787), (16.2168, 0, 35.49), (15.7257, 0, 37.115), (16.5459, 0, 37.874), (16.5577, 0, 38.4166), (16.1907, 0, 40.5268), (16.4335, 0, 41.0995), (17.6772, 0, -41.8488), (17.6638, 0, -40.062), (17.596, 0, -38.5069), (17.2726, 0, -37.2974), (17.5221, 0, -37.096), (17.6429, 0, -35.6518), (17.6693, 0, -34.4572), (17.3357, 0, -32.7341), (17.5444, 0, -31.8955), (16.9399, 0, -30.3434), (17.7034, 0, -29.9067), (17.6941, 0, -28.688), (16.8334, 0, -26.5339), (17.4537, 0, -25.4215), (17.8298, 0, -24.0295), (17.7269, 0, -23.8149), (17.8394, 0, -21.9231), (17.8541, 0, -20.4422), (17.6485, 0, -19.4846), (17.8656, 0, -19.09), (17.7142, 0, -17.73), (16.8584, 0, -16.4958), (16.9911, 0, -15.5526), (17.5233, 0, -14.0217), (17.0489, 0, -12.4439), (17.1646, 0, -11.3241), (17.8493, 0, -10.0326), (17.8999, 0, -9.0461), (16.9822, 0, -7.3538), (16.8143, 0, -6.5993), (17.2303, 0, -5.7604), (17.4923, 0, -3.677), (17.0299, 0, -3.4371), (17.6782, 0, -2.1399), (17.3187, 0, -1.1871), (17.1259, 0, 0.9326), (16.8249, 0, 1.4876), (17.0983, 0, 2.5854), (17.9451, 0, 4.6015), (16.8865, 0, 5.341), (16.857, 0, 6.4324), (17.4258, 0, 8.3889), (17.9328, 0, 9.3551), (17.4643, 0, 10.6064), (17.1377, 0, 11.5441), (17.7346, 0, 12.8907), (17.8385, 0, 13.8309), (17.8947, 0, 14.9904), (17.6048, 0, 16.34), (16.8308, 0, 17.9352), (17.9402, 0, 18.8325), (16.8685, 0, 19.2412), (17.6432, 0, 21.2332), (16.9409, 0, 22.5635), (16.8003, 0, 23.1375), (17.9057, 0, 24.565), (17.9896, 0, 25.4904), (17.4158, 0, 27.5858), (17.1065, 0, 28.1506), (17.9479, 0, 29.8871), (17.7244, 0, 30.369), (17.0505, 0, 31.681), (17.066, 0, 32.5158), (17.7719, 0, 34.4357), (17.4857, 0, 35.6693), (17.0242, 0, 36.9472), (17.4612, 0, 38.1663), (17.4673, 0, 38.8134), (17.6238, 0, 40.2829), (17.0449, 0, 40.9572), (18.803, 0, -41.8372), (18.2524, 0, -40.5726), (19.001, 0, -39.1032), (18.8462, 0, -38.0268), (18.9202, 0, -36.9644), (18.26, 0, -35.8117), (18.4618, 0, -34.4304), (19.1759, 0, -33.162), (18.026, 0, -32.3357), (18.837, 0, -30.531), (18.5066, 0, -29.6883), (18.5697, 0, -27.6309), (19.0031, 0, -27.2258), (18.1724, 0, -25.5202), (18.2673, 0, -24.2925), (18.1158, 0, -23.034), (18.8816, 0, -22.2121), (18.9265, 0, -21.4076), (18.0704, 0, -19.3886), (19.1256, 0, -19.0712), (18.2795, 0, -17.8882), (18.7179, 0, -16.2996), (18.5099, 0, -14.7987), (18.5689, 0, -13.3114), (18.4577, 0, -12.0886), (18.0839, 0, -11.7249), (18.6687, 0, -10.2675), (18.6225, 0, -8.561), (19.0973, 0, -7.5536), (18.7763, 0, -6.8452), (18.6043, 0, -5.9705), (19.0184, 0, -4.4192), (18.6359, 0, -3.4997), (18.3162, 0, -2.1332), (18.5751, 0, -0.1301), (18.5284, 0, 0.6415), (18.6756, 0, 1.7681), (19.1655, 0, 2.6409), (18.8577, 0, 3.737), (19.0573, 0, 5.1979), (18.5487, 0, 6.3432), (18.7609, 0, 7.5055), (19.0317, 0, 9.5145), (18.1177, 0, 10.1896), (18.3439, 0, 11.7476), (18.7743, 0, 12.6455), (19.1195, 0, 14.3114), (18.0067, 0, 14.7218), (18.2357, 0, 16.1627), (18.378, 0, 17.7588), (18.4287, 0, 19.1178), (18.4747, 0, 19.8912), (18.5392, 0, 20.794), (18.1819, 0, 21.8176), (18.2147, 0, 23.5256), (18.2961, 0, 24.8067), (18.17, 0, 25.6102), (18.6727, 0, 26.9123), (18.3454, 0, 28.2281), (18.2495, 0, 29.5004), (18.169, 0, 31.0026), (18.2278, 0, 31.3273), (18.8607, 0, 32.6939), (18.2176, 0, 33.9821), (19.1663, 0, 35.9945), (18.9166, 0, 36.0836), (18.9771, 0, 38.2262), (18.6422, 0, 38.5098), (18.5307, 0, 40.5064), (18.488, 0, 41.8502), (19.3287, 0, -41.636), (20.1376, 0, -40.2698), (19.6427, 0, -38.733), (19.977, 0, -38.3817), (20.0475, 0, -37.0044), (19.5129, 0, -35.4152), (19.8099, 0, -34.1856), (20.2552, 0, -32.8612), (19.7408, 0, -32.0436), (20.3715, 0, -30.2274), (20.3844, 0, -29.8862), (19.5757, 0, -28.298), (19.8023, 0, -26.4269), (19.4108, 0, -25.4612), (19.9317, 0, -24.9435), (20.1743, 0, -22.974), (19.2158, 0, -22.675), (19.2896, 0, -21.4293), (19.4924, 0, -19.947), (19.845, 0, -18.4226), (19.8165, 0, -17.691), (19.7891, 0, -15.9089), (20.0663, 0, -14.6838), (19.5023, 0, -13.8301), (19.3533, 0, -12.6492), (19.4709, 0, -11.9935), (20.3365, 0, -10.755), (20.0064, 0, -8.605), (19.2742, 0, -8.3844), (19.5031, 0, -7.0032), (20.2859, 0, -5.9048), (20.3857, 0, -3.6202), (19.253, 0, -2.8091), (20.3425, 0, -1.6552), (19.4706, 0, -0.3629), (19.5022, 0, 0.8501), (19.9615, 0, 1.9269), (19.2056, 0, 3.3168), (19.9773, 0, 4.4173), (20.3604, 0, 5.8886), (20.1843, 0, 6.5784), (19.4038, 0, 8.3845), (19.5828, 0, 8.5062), (19.7211, 0, 10.1583), (19.8149, 0, 11.531), (19.7571, 0, 12.9445), (19.898, 0, 14.3764), (19.682, 0, 15.4438), (19.2376, 0, 16.304), (19.2694, 0, 17.5292), (19.5671, 0, 18.0238), (20.2457, 0, 19.8065), (20.0557, 0, 20.5174), (19.4742, 0, 21.8464), (20.2438, 0, 22.8828), (19.3673, 0, 25.0735), (19.7, 0, 25.4598), (19.3487, 0, 26.6755), (19.4056, 0, 28.4463), (20.1451, 0, 29.8363), (20.2861, 0, 30.3845), (20.2661, 0, 32.1239), (19.9832, 0, 33.4247), (19.514, 0, 34.3219), (19.5567, 0, 35.2759), (19.6791, 0, 36.1113), (20.3537, 0, 37.2223), (20.2033, 0, 39.0523), (20.2661, 0, 40.7398), (19.8159, 0, 41.7764), (20.5807, 0, -41.4498), (20.8184, 0, -40.1205), (21.2192, 0, -39.4899), (21.1855, 0, -38.0117), (21.113, 0, -36.029), (21.3053, 0, -35.5971), (21.5757, 0, -33.6936), (21.165, 0, -33.4058), (21.2016, 0, -31.5333), (20.9823, 0, -30.8225), (20.5309, 0, -28.8847), (21.0301, 0, -27.8487), (20.5275, 0, -27.0138), (21.2283, 0, -25.4338), (20.8885, 0, -24.3127), (20.5457, 0, -23.6823), (21.2715, 0, -22.2963), (20.5968, 0, -20.7418), (21.3364, 0, -19.4148), (20.5316, 0, -19.0709), (21.1094, 0, -17.0416), (20.6209, 0, -16.0685), (21.2386, 0, -14.8427), (21.0501, 0, -13.5587), (20.6703, 0, -12.0148), (21.152, 0, -11.9991), (21.587, 0, -10.7376), (20.7324, 0, -9.5363), (21.3059, 0, -8.2928), (21.3903, 0, -6.1925), (21.169, 0, -5.3274), (21.0201, 0, -4.67), (20.4774, 0, -2.6238), (20.874, 0, -1.5266), (21.1395, 0, -1.0524), (21.1894, 0, 0.1961), (20.9467, 0, 1.4683), (20.7536, 0, 3.3636), (20.4283, 0, 3.731), (21.3107, 0, 4.9357), (21.3476, 0, 6.874), (20.9409, 0, 7.9128), (21.3736, 0, 8.6711), (21.1751, 0, 9.9369), (20.5131, 0, 10.9567), (20.9776, 0, 12.6234), (21.4627, 0, 14.0381), (21.0806, 0, 15.5625), (20.7475, 0, 16.4788), (21.1026, 0, 17.2013), (20.7521, 0, 18.6034), (21.3092, 0, 19.2018), (21.4376, 0, 21.3908), (20.7929, 0, 22.5951), (21.239, 0, 22.9307), (21.4417, 0, 24.2011), (21.3896, 0, 25.4186), (20.8636, 0, 26.9781), (21.0525, 0, 28.3794), (21.254, 0, 29.5966), (21.122, 0, 30.9934), (21.158, 0, 31.622), (21.2477, 0, 33.435), (21.2638, 0, 33.6189), (20.7452, 0, 35.9615), (20.8944, 0, 36.3553), (21.4306, 0, 37.3353), (20.6733, 0, 39.598), (20.6351, 0, 40.5971), (21.584, 0, 41.5231), (22.4561, 0, -41.6512), (22.4216, 0, -40.5144), (21.7154, 0, -39.0298), (22.5551, 0, -37.5711), (22.1737, 0, -36.9297), (22.1393, 0, -35.1934), (21.8388, 0, -34.7524), (21.6108, 0, -33.5039), (22.3718, 0, -31.5411), (21.8125, 0, -30.1419), (21.8799, 0, -29.3659), (22.2073, 0, -28.1491), (22.5435, 0, -27.4094), (22.6022, 0, -25.2648), (22.6314, 0, -24.1555), (22.698, 0, -23.6498), (21.672, 0, -22.6727), (22.7878, 0, -21.5766), (22.2452, 0, -19.4143), (21.8923, 0, -18.3735), (22.3596, 0, -16.928), (22.6565, 0, -15.7574), (22.3598, 0, -14.7649), (21.711, 0, -13.4362), (22.6498, 0, -12.3227), (22.0416, 0, -11.8621), (22.3686, 0, -9.9934), (22.4395, 0, -9.1124), (22.2524, 0, -8.3828), (22.2957, 0, -6.4233), (22.4129, 0, -5.3019), (22.3815, 0, -3.9953), (21.6723, 0, -2.725), (22.6542, 0, -1.9929), (22.1243, 0, -1.1486), (21.7448, 0, 0.7243), (22.2926, 0, 1.3914), (21.7474, 0, 2.5113), (22.5575, 0, 4.0061), (22.7915, 0, 5.7349), (21.6495, 0, 6.9407), (21.9932, 0, 7.651), (22.478, 0, 9.3008), (22.3995, 0, 10.2985), (22.1973, 0, 11.8821), (22.3669, 0, 12.034), (22.2062, 0, 14.0452), (22.1695, 0, 15.2041), (22.0125, 0, 16.595), (22.4984, 0, 17.4747), (21.7669, 0, 18.5454), (22.1875, 0, 19.5188), (22.7919, 0, 20.6454), (22.6811, 0, 21.9657), (22.7943, 0, 23.7694), (22.1998, 0, 24.4082), (22.6938, 0, 26.2769), (22.4832, 0, 26.8279), (22.3754, 0, 28.221), (21.9695, 0, 29.1685), (22.351, 0, 30.5773), (21.9285, 0, 31.7574), (21.9755, 0, 33.2522), (22.0654, 0, 34.6646), (21.894, 0, 35.4564), (22.0293, 0, 37.1222), (21.7912, 0, 37.3116), (21.8671, 0, 38.8851), (22.5001, 0, 39.6552), (22.1851, 0, 41.425), (23.5682, 0, -41.378), (23.6593, 0, -39.9493), (22.8654, 0, -38.7828), (22.9155, 0, -38.0586), (23.3728, 0, -37.0936), (23.8655, 0, -35.834), (23.2491, 0, -33.9582), (23.858, 0, -33.4682), (23.7514, 0, -32.0701), (23.2611, 0, -30.7775), (23.2957, 0, -29.5695), (22.9387, 0, -28.4977), (23.71, 0, -27.5288), (23.7989, 0, -26.2116), (23.8444, 0, -25.0607), (23.3118, 0, -23.4037), (22.9059, 0, -22.3871), (23.23, 0, -20.6043), (23.0103, 0, -19.4616), (23.5363, 0, -18.8158), (22.8391, 0, -17.9), (23.6964, 0, -16.051), (23.8104, 0, -14.8895), (23.8323, 0, -13.558), (23.0131, 0, -12.1143), (23.0529, 0, -11.2108), (23.3223, 0, -10.0598), (22.9681, 0, -9.0779), (23.8352, 0, -7.7428), (23.0455, 0, -6.7727), (23.3102, 0, -5.325), (23.0385, 0, -4.3495), (23.4832, 0, -3.229), (23.4888, 0, -1.8821), (23.3093, 0, -0.4701), (23.439, 0, 0.7398), (23.1181, 0, 1.5253), (23.2015, 0, 2.6967), (23.5369, 0, 3.6787), (23.9929, 0, 5.1364), (23.1623, 0, 6.8318), (23.076, 0, 8.2996), (23.7842, 0, 8.95), (23.8036, 0, 10.7462), (23.8998, 0, 10.901), (22.9771, 0, 12.5008), (23.8379, 0, 14.2375), (23.7619, 0, 15.079), (22.906, 0, 16.073), (23.5974, 0, 17.0969), (23.7966, 0, 18.2282), (23.7293, 0, 20.0898), (23.0708, 0, 21.5259), (22.9671, 0, 21.9706), (23.2121, 0, 22.8446), (23.6995, 0, 24.2565), (23.9623, 0, 25.6487), (23.7976, 0, 26.7269), (23.2211, 0, 28.1734), (22.9557, 0, 29.2871), (22.8271, 0, 30.8812), (23.5797, 0, 31.989), (23.339, 0, 32.6738), (23.3867, 0, 34.6846), (22.8818, 0, 35.1043), (22.857, 0, 36.5509), (22.9593, 0, 38.2349), (23.3382, 0, 38.4177), (23.8023, 0, 40.5721), (23.7676, 0, 40.8244), (25.1001, 0, -40.8038), (24.1766, 0, -40.1199), (24.4036, 0, -39.059), (24.3496, 0, -38.181), (24.2156, 0, -37.084), (24.3252, 0, -34.8313), (24.9439, 0, -33.9523), (24.4578, 0, -33.5118), (24.1063, 0, -31.2487), (24.2648, 0, -30.2048), (25.0872, 0, -28.9614), (24.9418, 0, -27.7815), (24.942, 0, -26.4517), (25.1511, 0, -25.7531), (24.5783, 0, -24.7688), (24.1987, 0, -23.9541), (24.0713, 0, -22.3494), (24.9686, 0, -20.5272), (24.3562, 0, -20.2562), (24.2106, 0, -18.3408), (24.8081, 0, -16.877), (24.6967, 0, -15.6703), (24.974, 0, -15.5828), (24.8183, 0, -13.6556), (25.0642, 0, -12.1465), (24.2121, 0, -11.8389), (25.1358, 0, -10.2066), (24.8093, 0, -8.8381), (24.9912, 0, -7.8729), (24.9096, 0, -6.2851), (24.1362, 0, -5.584), (25.1503, 0, -4.6725), (25.0496, 0, -3.1435), (24.4139, 0, -1.5923), (24.7093, 0, -0.197), (24.5352, 0, 0.0591), (24.613, 0, 2.0779), (25.0768, 0, 3.223), (24.0079, 0, 4.5707), (24.5059, 0, 5.2765), (24.9632, 0, 6.1012), (24.653, 0, 8.3697), (24.1236, 0, 8.6856), (25.0977, 0, 10.075), (24.9161, 0, 11.8807), (24.0787, 0, 12.8936), (24.9774, 0, 13.3226), (24.7703, 0, 14.9137), (24.4705, 0, 15.8572), (24.6462, 0, 17.445), (24.8338, 0, 18.7357), (24.6434, 0, 19.7438), (24.5452, 0, 20.9238), (24.1115, 0, 22.622), (25.174, 0, 23.7427), (24.1486, 0, 24.5592), (25.1584, 0, 25.5676), (24.222, 0, 27.0049), (25.1101, 0, 27.8798), (24.3819, 0, 29.5797), (24.7923, 0, 30.0577), (25.0525, 0, 31.6493), (24.6584, 0, 32.4257), (24.7609, 0, 34.761), (24.0632, 0, 35.391), (24.752, 0, 37.0898), (24.2697, 0, 37.6451), (25.0941, 0, 39.2939), (24.1849, 0, 39.7707), (24.0957, 0, 41.3025), (26.3654, 0, -40.964), (26.3379, 0, -39.7473), (25.3205, 0, -38.5413), (25.5163, 0, -37.3406), (26.1336, 0, -36.3475), (25.9615, 0, -35.5082), (25.5933, 0, -34.3872), (25.2322, 0, -33.5486), (25.7957, 0, -31.6197), (26.0052, 0, -31.0419), (25.8163, 0, -29.9961), (26.0731, 0, -28.4664), (26.0897, 0, -26.716), (25.4428, 0, -25.5582), (26.2335, 0, -24.7744), (25.8574, 0, -23.7316), (25.5671, 0, -22.4962), (26.3751, 0, -21.0969), (25.3061, 0, -19.8439), (26.355, 0, -18.2975), (25.6984, 0, -16.9224), (25.6478, 0, -16.5834), (25.2042, 0, -15.3209), (26.1578, 0, -14.1846), (26.3334, 0, -12.9509), (25.7016, 0, -11.6085), (25.8387, 0, -10.2122), (26.0634, 0, -8.4447), (25.5555, 0, -7.6917), (26.3928, 0, -6.4029), (25.9399, 0, -4.8399), (25.7584, 0, -4.7118), (25.5041, 0, -3.3307), (25.3388, 0, -2.1084), (26.0459, 0, -0.0081), (25.8826, 0, 0.8694), (25.2557, 0, 2.0116), (25.4823, 0, 2.6936), (25.425, 0, 4.7855), (25.5384, 0, 4.8647), (26.0136, 0, 6.1106), (25.2636, 0, 8.0902), (25.596, 0, 9.1434), (25.2067, 0, 9.9686), (26.2217, 0, 10.9941), (26.3608, 0, 12.9668), (26.2937, 0, 13.2318), (25.745, 0, 15.4357), (26.356, 0, 16.1861), (25.3334, 0, 17.2819), (26.3065, 0, 18.8614), (26.3735, 0, 19.5071), (25.7705, 0, 20.7196), (25.8208, 0, 22.2446), (25.8264, 0, 22.9516), (25.4144, 0, 24.9419), (26.3974, 0, 25.7679), (25.2907, 0, 27.0441), (25.2653, 0, 28.2305), (25.6961, 0, 29.7928), (26.0827, 0, 30.6895), (25.6604, 0, 31.9572), (25.8866, 0, 32.5134), (26.1031, 0, 33.6361), (25.9857, 0, 35.1311), (25.6313, 0, 36.0864), (25.9125, 0, 37.3982), (25.8685, 0, 39.1317), (25.7729, 0, 40.1817), (25.5223, 0, 41.6758), (27.3518, 0, -41.917), (27.3257, 0, -40.7475), (27.047, 0, -39.4593), (27.5935, 0, -37.9491), (26.5132, 0, -37.1748), (26.4878, 0, -35.6622), (27.0594, 0, -34.5056), (26.5301, 0, -32.9269), (26.7313, 0, -31.6155), (27.4559, 0, -30.9496), (27.5579, 0, -29.9473), (26.6987, 0, -28.3531), (27.3033, 0, -27.0429), (27.4247, 0, -25.5279), (27.2654, 0, -24.466), (26.6633, 0, -23.7515), (26.8722, 0, -21.7955), (26.5636, 0, -20.4806), (27.2383, 0, -19.445), (27.2438, 0, -18.9935), (26.8489, 0, -17.3342), (26.9841, 0, -15.7244), (26.8156, 0, -15.1133), (27.0611, 0, -14.134), (26.6851, 0, -12.3814), (27.1032, 0, -11.9774), (26.8284, 0, -10.2795), (27.253, 0, -8.6077), (27.5083, 0, -8.01), (26.8038, 0, -6.1709), (27.2607, 0, -5.9037), (26.6216, 0, -4.5584), (27.5826, 0, -2.9862), (26.4783, 0, -1.8924), (26.8764, 0, -0.4862), (26.576, 0, 1.1014), (27.2368, 0, 2.3667), (26.5992, 0, 3.1623), (26.9284, 0, 3.6982), (26.692, 0, 5.6266), (27.3569, 0, 6.171), (26.9517, 0, 7.8246), (27.5976, 0, 9.3285), (26.8254, 0, 9.8869), (27.1736, 0, 11.6798), (27.2802, 0, 12.0186), (27.4809, 0, 13.6828), (26.9081, 0, 14.7964), (27.278, 0, 16.2452), (26.9084, 0, 17.9927), (27.3764, 0, 19.0047), (26.6669, 0, 20.1167), (26.4591, 0, 21.5232), (26.63, 0, 21.8228), (27.3614, 0, 22.8671), (26.8874, 0, 24.8438), (26.9646, 0, 26.1643), (27.5575, 0, 27.4877), (27.2954, 0, 27.8391), (27.2403, 0, 29.5217), (27.1386, 0, 30.236), (26.5354, 0, 32.2363), (27.0179, 0, 32.863), (27.5406, 0, 34.734), (26.8523, 0, 35.0118), (27.0199, 0, 36.2382), (26.7888, 0, 38.1496), (27.1268, 0, 38.5274), (27.397, 0, 39.8391), (27.4157, 0, 41.9568), (28.3335, 0, -41.3758), (28.6893, 0, -40.6193), (27.6579, 0, -39.0083), (28.702, 0, -37.8316), (27.6416, 0, -36.596), (28.6691, 0, -35.6945), (28.047, 0, -34.2343), (27.7457, 0, -32.6858), (28.6698, 0, -32.2117), (28.4189, 0, -30.1227), (28.525, 0, -29.9329), (27.9029, 0, -28.5489), (28.6444, 0, -27.0102), (27.9247, 0, -25.904), (28.3383, 0, -24.4934), (27.7345, 0, -23.2874), (27.8027, 0, -22.5358), (28.3815, 0, -21.3805), (27.8179, 0, -19.6647), (28.5725, 0, -18.3074), (28.4454, 0, -17.6748), (27.9137, 0, -16.3061), (28.7697, 0, -15.1527), (27.9723, 0, -13.7045), (28.1813, 0, -12.9806), (27.8418, 0, -11.524), (27.8038, 0, -10.3856), (27.8979, 0, -9.0396), (27.7003, 0, -7.7951), (28.5048, 0, -6.008), (28.2178, 0, -5.6295), (27.9889, 0, -3.9498), (28.6148, 0, -2.7006), (28.5121, 0, -1.6933), (27.6828, 0, -0.5538), (27.7445, 0, 0.9009), (28.1181, 0, 2.1887), (28.4137, 0, 3.5299), (28.4189, 0, 4.554), (28.4584, 0, 5.6587), (27.6646, 0, 6.9188), (28.1759, 0, 7.6253), (28.7419, 0, 8.5078), (27.9247, 0, 10.5381), (28.0441, 0, 11.9435), (28.3026, 0, 13.0738), (28.7462, 0, 14.1284), (28.3693, 0, 14.7215), (27.8704, 0, 15.8406), (27.7428, 0, 17.6849), (27.6271, 0, 18.4714), (27.8738, 0, 20.3332), (28.2172, 0, 20.5901), (27.6031, 0, 22.2685), (28.6278, 0, 23.6298), (28.0364, 0, 24.9379), (27.8055, 0, 26.1103), (28.5118, 0, 27.4773), (27.9223, 0, 27.8547), (27.9881, 0, 28.9114), (28.2852, 0, 30.2786), (28.4053, 0, 32.1304), (28.6759, 0, 32.8917), (27.8985, 0, 34.2726), (28.5583, 0, 35.3811), (27.6137, 0, 37.1059), (28.0267, 0, 37.9627), (28.6223, 0, 39.3665), (28.3603, 0, 40.2415), (28.5488, 0, 41.7976), (28.959, 0, -41.0698), (29.5721, 0, -39.8606), (29.0181, 0, -38.4998), (29.4888, 0, -38.0386), (29.7161, 0, -37.032), (28.8532, 0, -35.9632), (29.2911, 0, -34.5529), (29.592, 0, -32.5173), (29.5859, 0, -31.8465), (29.2523, 0, -30.7318), (29.5534, 0, -29.7634), (29.8803, 0, -28.1047), (29.7765, 0, -26.422), (29.3929, 0, -26.2775), (29.9872, 0, -24.2304), (29.7481, 0, -23.5386), (28.9818, 0, -22.386), (28.8402, 0, -20.8964), (29.2344, 0, -19.5198), (29.1139, 0, -18.7466), (29.7858, 0, -17.465), (29.5343, 0, -15.7339), (29.3428, 0, -14.4289), (29.2021, 0, -13.7094), (29.7305, 0, -12.4796), (29.1468, 0, -11.6003), (29.0154, 0, -9.8112), (29.9854, 0, -8.4407), (29.0745, 0, -7.9896), (29.2345, 0, -6.383), (28.9548, 0, -5.8409), (29.2068, 0, -3.9896), (29.5077, 0, -3.3586), (28.8583, 0, -2.1618), (29.6537, 0, -0.9366), (29.9019, 0, 0.1531), (28.8497, 0, 2.2018), (29.8515, 0, 2.4764), (29.3358, 0, 3.749), (29.6826, 0, 5.0885), (29.0899, 0, 6.9684), (29.3039, 0, 7.296), (29.9954, 0, 8.6555), (29.0221, 0, 10.492), (29.7503, 0, 11.7683), (29.9364, 0, 12.8839), (28.8622, 0, 13.7269), (29.7517, 0, 15.2635), (29.7039, 0, 16.0059), (29.9131, 0, 16.9081), (28.8696, 0, 18.2972), (28.9969, 0, 19.2439), (29.6798, 0, 21.3261), (29.5901, 0, 22.7016), (29.1896, 0, 23.2213), (29.9328, 0, 24.5806), (29.9693, 0, 25.6066), (29.7632, 0, 26.9701), (28.8117, 0, 28.247), (29.6092, 0, 29.947), (29.8816, 0, 30.2034), (28.9678, 0, 31.9168), (29.969, 0, 32.7037), (29.9959, 0, 33.9443), (29.295, 0, 35.1286), (28.9292, 0, 36.8401), (29.2878, 0, 37.4354), (28.8693, 0, 39.2024), (29.2558, 0, 40.2448), (29.8706, 0, 41.7408), (30.7843, 0, -41.6767), (30.1539, 0, -40.7485), (30.518, 0, -39.1108), (31.0277, 0, -37.6633), (30.0264, 0, -36.8792), (30.5917, 0, -35.6246), (30.612, 0, -34.6395), (30.8568, 0, -33.432), (30.8309, 0, -32.2805), (31.1614, 0, -30.8463), (30.8179, 0, -29.1105), (30.4565, 0, -28.1543), (30.186, 0, -27.5073), (30.6797, 0, -25.2926), (30.2554, 0, -25.1314), (30.3227, 0, -22.8353), (30.5685, 0, -22.2922), (30.5043, 0, -20.4062), (30.5712, 0, -20.1684), (30.6275, 0, -18.0224), (30.1977, 0, -17.0068), (30.7812, 0, -15.7022), (31.0412, 0, -15.38), (30.5639, 0, -13.2204), (31.1751, 0, -13.099), (30.9289, 0, -11.0506), (30.5029, 0, -10.4209), (30.4211, 0, -9.3882), (30.4936, 0, -7.7775), (31.0434, 0, -6.757), (30.4994, 0, -4.8481), (30.0699, 0, -4.1515), (30.1193, 0, -3.5792), (30.5173, 0, -1.7979), (31.0507, 0, -0.2308), (30.7774, 0, 0.949), (31.1262, 0, 2.073), (30.4151, 0, 3.4579), (30.1078, 0, 3.7432), (30.702, 0, 5.434), (30.1239, 0, 6.4698), (30.4968, 0, 8.0217), (30.8088, 0, 9.1468), (31.1096, 0, 9.7124), (30.7255, 0, 11.1206), (30.0645, 0, 12.3104), (30.0977, 0, 13.8291), (30.6928, 0, 15.3634), (30.2252, 0, 15.6148), (30.6295, 0, 17.9415), (30.186, 0, 18.6786), (30.5136, 0, 19.3689), (30.8227, 0, 21.0187), (30.0257, 0, 21.7085), (30.8129, 0, 23.429), (30.0119, 0, 24.8442), (30.6832, 0, 25.8438), (30.9726, 0, 27.3686), (31.1369, 0, 28.0152), (30.6521, 0, 29.9875), (30.4404, 0, 30.8342), (30.1319, 0, 32.339), (31.1468, 0, 33.5692), (30.1709, 0, 34.0097), (31.1552, 0, 35.7481), (30.3646, 0, 36.1443), (30.4358, 0, 37.3678), (30.8383, 0, 38.4372), (30.0181, 0, 39.9525), (30.5233, 0, 41.6811), (31.834, 0, -40.9351), (31.6335, 0, -39.7936), (32.0934, 0, -39.1453), (31.3374, 0, -37.7179), (31.5848, 0, -36.4538), (31.5625, 0, -35.922), (32.0409, 0, -34.1885), (31.4244, 0, -33.0829), (31.6027, 0, -31.8049), (31.2162, 0, -30.6896), (31.9058, 0, -29.7728), (32.3857, 0, -28.5671), (32.3863, 0, -26.7367), (32.1949, 0, -25.9435), (32.0825, 0, -24.9389), (32.096, 0, -22.8026), (32.0533, 0, -21.7696), (32.3426, 0, -21.0544), (31.6368, 0, -20.0142), (32.2086, 0, -18.0453), (31.9578, 0, -17.1072), (31.7015, 0, -16.7838), (31.4541, 0, -14.564), (31.7436, 0, -14.1553), (31.4951, 0, -12.1309), (31.9309, 0, -11.6467), (31.2411, 0, -9.6452), (31.6377, 0, -9.4104), (31.2767, 0, -7.4146), (31.2667, 0, -6.394), (31.4394, 0, -5.3461), (32.3637, 0, -4.6161), (32.2518, 0, -3.504), (31.9623, 0, -1.4515), (31.4464, 0, -0.1441), (31.5299, 0, 0.6903), (32.0456, 0, 2.1871), (31.5576, 0, 2.8258), (31.347, 0, 4.5163), (31.5477, 0, 5.7289), (31.6464, 0, 6.5729), (32.2672, 0, 7.8138), (31.2859, 0, 8.7324), (32.0215, 0, 9.9979), (32.1496, 0, 11.7398), (31.4471, 0, 12.4917), (31.9218, 0, 13.3788), (31.4836, 0, 14.5369), (31.5157, 0, 15.9867), (31.5348, 0, 17.5404), (32.0187, 0, 18.1099), (31.8191, 0, 19.3568), (32.3706, 0, 20.6973), (31.4337, 0, 22.0952), (31.606, 0, 23.319), (31.8551, 0, 24.3998), (31.4133, 0, 25.4334), (31.2509, 0, 27.3541), (32.3558, 0, 28.0923), (31.3426, 0, 29.6507), (31.3264, 0, 31.0734), (31.2003, 0, 32.3165), (31.9353, 0, 33.5131), (31.3386, 0, 33.9591), (31.6344, 0, 35.0523), (31.4633, 0, 36.2623), (32.3317, 0, 37.3889), (32.1674, 0, 39.0345), (31.8279, 0, 40.6716), (31.9754, 0, 41.9246), (32.9752, 0, -41.3967), (33.4092, 0, -40.0888), (32.7625, 0, -39.1218), (32.6756, 0, -37.2817), (33.2486, 0, -36.13), (32.517, 0, -35.5378), (33.3793, 0, -34.3352), (32.9234, 0, -32.481), (33.3416, 0, -32.3051), (32.5342, 0, -30.1634), (32.4546, 0, -29.1653), (32.6308, 0, -28.41), (32.9598, 0, -27.0902), (33.4794, 0, -25.302), (32.8523, 0, -25.0174), (32.5214, 0, -23.6693), (33.5504, 0, -22.7846), (32.4975, 0, -21.5022), (33.3362, 0, -20.3287), (33.5026, 0, -18.0221), (32.4209, 0, -17.1495), (33.4866, 0, -15.8832), (33.1807, 0, -14.53), (32.6666, 0, -14.2372), (32.7724, 0, -12.3757), (32.8373, 0, -11.659), (33.4722, 0, -10.039), (32.7878, 0, -9.3448), (32.8013, 0, -7.8463), (32.9401, 0, -6.4941), (33.3632, 0, -5.4865), (33.4041, 0, -4.4094), (32.8123, 0, -3.007), (32.4807, 0, -2.015), (33.5303, 0, -0.607), (32.4229, 0, 0.5642), (32.782, 0, 1.6852), (32.6385, 0, 3.0382), (33.5784, 0, 3.832), (33.3716, 0, 5.2669), (33.5905, 0, 6.4025), (33.2953, 0, 7.5255), (32.5926, 0, 8.8371), (33.5924, 0, 9.7098), (33.0336, 0, 11.6228), (32.6597, 0, 12.1589), (33.5435, 0, 14.2106), (32.4003, 0, 14.9358), (33.3921, 0, 16.0857), (33.5711, 0, 17.9854), (32.5097, 0, 19.1151), (32.8813, 0, 19.2977), (33.0887, 0, 21.165), (33.0253, 0, 22.3588), (33.1397, 0, 22.8157), (32.786, 0, 24.0956), (33.068, 0, 25.767), (32.5307, 0, 26.8185), (33.4637, 0, 27.6925), (32.5067, 0, 29.0832), (33.5312, 0, 31.1283), (33.1513, 0, 31.9166), (33.0993, 0, 33.5753), (33.4469, 0, 33.9396), (32.5427, 0, 34.9854), (32.6765, 0, 36.3535), (32.8083, 0, 37.8878), (32.6371, 0, 39.5447), (32.9765, 0, 40.405), (32.8091, 0, 41.7073), (33.6407, 0, -41.0429), (34.3009, 0, -40.1906), (34.4908, 0, -38.6155), (34.1951, 0, -37.7885), (34.3806, 0, -37.1507), (34.2169, 0, -35.9608), (34.2668, 0, -33.997), (34.0086, 0, -33.0681), (34.02, 0, -31.5922), (34.5195, 0, -30.9044), (34.6787, 0, -29.551), (34.1647, 0, -28.5905), (33.9947, 0, -27.5597), (33.9688, 0, -25.7769), (33.7412, 0, -24.0737), (34.1642, 0, -23.6991), (33.9373, 0, -21.6522), (34.2798, 0, -20.7258), (34.5803, 0, -20.1471), (34.6489, 0, -18.6296), (34.7607, 0, -17.5264), (33.8746, 0, -16.591), (34.2105, 0, -15.4486), (33.9353, 0, -13.3424), (34.0004, 0, -12.6347), (34.6251, 0, -11.4763), (34.3019, 0, -10.4463), (34.3748, 0, -9.2289), (33.7309, 0, -8.0098), (34.2363, 0, -6.7996), (33.9532, 0, -4.8319), (34.6494, 0, -3.6718), (34.328, 0, -3.1813), (34.6023, 0, -1.335), (33.9764, 0, -0.3934), (34.1806, 0, 0.6717), (34.701, 0, 1.5435), (34.3642, 0, 3.0876), (34.7841, 0, 4.1249), (34.2098, 0, 5.7034), (34.3965, 0, 6.8681), (33.8269, 0, 7.4949), (33.6723, 0, 9.0207), (33.9663, 0, 10.049), (33.9001, 0, 11.911), (34.2073, 0, 12.0223), (33.8694, 0, 13.4126), (34.4672, 0, 14.6292), (33.9135, 0, 16.6708), (33.7632, 0, 16.8333), (34.5042, 0, 18.3877), (34.062, 0, 19.5732), (34.6386, 0, 21.1373), (33.9189, 0, 21.7846), (34.6705, 0, 23.4155), (34.6133, 0, 24.9615), (34.0586, 0, 25.8071), (34.4904, 0, 27.589), (34.2825, 0, 28.1478), (34.3378, 0, 29.9538), (34.0233, 0, 31.009), (34.6672, 0, 32.0062), (34.2663, 0, 33.4068), (34.7245, 0, 34.5117), (34.7548, 0, 35.6344), (34.7634, 0, 36.4785), (34.6934, 0, 37.7983), (34.0168, 0, 38.7565), (34.336, 0, 40.2476), (34.2356, 0, 41.3608), (35.5559, 0, -40.9389), (35.2748, 0, -40.0282), (35.6099, 0, -39.5094), (35.9627, 0, -37.3755), (35.671, 0, -36.3323), (34.9164, 0, -35.6693), (35.6176, 0, -33.6449), (35.6647, 0, -33.0995), (35.7813, 0, -32.2951), (35.2804, 0, -30.5116), (35.6325, 0, -28.9489), (34.8178, 0, -28.5898), (35.6684, 0, -27.0273), (34.8373, 0, -25.2668), (35.6044, 0, -24.8413), (35.115, 0, -22.8043), (34.8486, 0, -21.9796), (35.863, 0, -20.9449), (35.111, 0, -19.7676), (35.6626, 0, -18.7133), (35.9248, 0, -17.9268), (35.0975, 0, -15.9287), (35.5703, 0, -14.798), (35.4346, 0, -13.7344), (35.7718, 0, -12.3108), (35.0684, 0, -11.1342), (34.9028, 0, -9.6284), (35.4155, 0, -8.5351), (35.0396, 0, -8.3527), (35.4765, 0, -6.5316), (34.8475, 0, -5.1738), (35.8781, 0, -4.7264), (35.8033, 0, -3.2255), (35.9528, 0, -1.3974), (35.7662, 0, -1.1497), (35.7103, 0, 0.2498), (35.9079, 0, 1.8882), (35.5712, 0, 3.3459), (35.2955, 0, 3.73), (34.8898, 0, 5.4392), (35.9188, 0, 7.1315), (35.9877, 0, 7.9563), (35.9301, 0, 8.8767), (35.107, 0, 10.179), (35.527, 0, 11.7566), (35.1452, 0, 13.0496), (35.5542, 0, 14.2673), (35.9223, 0, 14.7781), (34.8462, 0, 15.611), (34.8764, 0, 17.9579), (35.5767, 0, 19.0336), (35.1641, 0, 20.0104), (35.9589, 0, 20.6777), (35.4593, 0, 22.5492), (35.1101, 0, 23.4056), (35.5144, 0, 24.1397), (35.7677, 0, 25.9959), (35.435, 0, 27.321), (35.843, 0, 27.969), (35.5875, 0, 29.3716), (35.6923, 0, 30.7878), (35.7262, 0, 31.3018), (35.5805, 0, 32.5455), (35.8735, 0, 34.7012), (34.8644, 0, 35.6216), (35.211, 0, 36.6692), (35.4269, 0, 37.3625), (35.0839, 0, 39.2442), (35.2726, 0, 40.1639), (34.9023, 0, 41.347), (37.1959, 0, -41.3582), (36.832, 0, -40.6153), (36.3436, 0, -39.2689), (36.5735, 0, -38.0345), (36.8969, 0, -36.223), (36.6124, 0, -35.0005), (36.2902, 0, -33.8236), (36.3398, 0, -33.085), (36.9371, 0, -31.2828), (36.8143, 0, -30.5597), (36.4617, 0, -29.849), (36.9241, 0, -27.9944), (36.5886, 0, -27.1537), (36.827, 0, -25.4728), (36.1534, 0, -24.7), (36.2161, 0, -22.9488), (37.0089, 0, -22.7761), (36.492, 0, -20.7997), (37.1594, 0, -20.2815), (36.5611, 0, -19.0955), (36.3445, 0, -17.335), (36.637, 0, -15.9498), (36.4999, 0, -15.3297), (37.1396, 0, -13.4883), (37.1297, 0, -12.2695), (36.3086, 0, -11.6769), (36.9151, 0, -10.5396), (36.7549, 0, -8.7743), (36.4512, 0, -7.6888), (37.0132, 0, -6.644), (36.3577, 0, -5.5691), (36.8776, 0, -4.778), (36.5374, 0, -3.3644), (36.3215, 0, -2.2853), (36.1848, 0, -0.3939), (36.2728, 0, 0.0797), (36.5854, 0, 1.2915), (36.6379, 0, 3.2889), (36.4373, 0, 4.1132), (37.1388, 0, 5.9156), (37.1798, 0, 7.1392), (36.3476, 0, 7.803), (37.0445, 0, 8.6594), (36.1382, 0, 9.8489), (37.0125, 0, 11.7189), (36.9021, 0, 13.0142), (36.5618, 0, 14.2052), (37.1539, 0, 15.1017), (36.7043, 0, 16.0023), (37.1652, 0, 17.8103), (36.9167, 0, 18.3302), (36.0083, 0, 19.3436), (36.9, 0, 20.6036), (36.3688, 0, 22.6067), (36.5872, 0, 23.7611), (36.4452, 0, 24.1023), (36.9765, 0, 26.2418), (37.0079, 0, 26.6642), (36.084, 0, 28.3105), (36.5329, 0, 29.6026), (36.4983, 0, 31.072), (36.1114, 0, 31.4003), (36.348, 0, 33.1592), (36.9275, 0, 33.6065), (36.5364, 0, 35.8811), (36.8795, 0, 36.2954), (36.4194, 0, 37.6839), (36.548, 0, 38.4123), (36.0562, 0, 40.1248), (36.9433, 0, 40.9859), (37.9051, 0, -41.0831), (37.28, 0, -40.7064), (37.4725, 0, -39.3092), (37.2745, 0, -37.3109), (38.1379, 0, -36.5377), (38.2726, 0, -35.1025), (37.4122, 0, -34.1379), (38.1046, 0, -32.4964), (38.3467, 0, -32.0505), (37.7677, 0, -30.8516), (37.5909, 0, -29.6061), (37.9985, 0, -28.5067), (37.5399, 0, -27.3065), (37.5811, 0, -26.1653), (37.5058, 0, -24.388), (38.3425, 0, -23.0685), (38.2477, 0, -21.7783), (38.3431, 0, -20.7914), (37.7263, 0, -19.4362), (38.2435, 0, -18.9652), (37.9918, 0, -17.5878), (37.2853, 0, -16.2859), (37.7386, 0, -14.4296), (37.4957, 0, -13.3703), (37.2305, 0, -13.0739), (37.5198, 0, -11.6893), (37.618, 0, -10.3723), (37.2518, 0, -8.8194), (37.8899, 0, -8.0146), (38.2389, 0, -6.789), (38.1535, 0, -5.0744), (37.6385, 0, -4.3224), (38.2442, 0, -3.5613), (37.233, 0, -2.0115), (38.012, 0, -0.0389), (37.7154, 0, 0.3743), (37.944, 0, 2.1918), (38.0927, 0, 3.153), (37.3314, 0, 3.8559), (38.3837, 0, 4.9844), (37.8968, 0, 7.188), (38.3956, 0, 7.3557), (37.2555, 0, 8.6506), (37.6153, 0, 10.47), (38.0595, 0, 11.9337), (38.304, 0, 13.025), (37.7806, 0, 13.9152), (38.2145, 0, 14.9911), (38.2728, 0, 16.6821), (38.3013, 0, 17.1691), (38.048, 0, 18.2146), (37.3266, 0, 20.2211), (37.59, 0, 21.3843), (37.4694, 0, 22.7121), (37.7083, 0, 23.6786), (38.0561, 0, 24.8624), (37.9173, 0, 26.3115), (37.7228, 0, 26.9033), (37.3764, 0, 27.9126), (37.8309, 0, 29.8924), (38.3431, 0, 30.8448), (37.4894, 0, 31.8169), (37.5316, 0, 33.1731), (37.2824, 0, 33.619), (38.186, 0, 35.2436), (37.4948, 0, 36.4768), (37.7469, 0, 37.9801), (37.7666, 0, 38.9298), (37.3642, 0, 40.1845), (38.294, 0, 41.8952), (39.5315, 0, -41.5733), (38.9104, 0, -40.6976), (38.9405, 0, -38.54), (39.1191, 0, -37.941), (39.4513, 0, -36.3435), (39.2601, 0, -35.1012), (38.6524, 0, -34.2816), (38.6701, 0, -32.8878), (39.2151, 0, -31.8225), (38.949, 0, -31.0058), (39.5893, 0, -29.876), (39.165, 0, -28.6344), (39.0377, 0, -26.5467), (39.0171, 0, -25.819), (39.5685, 0, -24.4205), (39.1124, 0, -23.483), (38.5843, 0, -21.7377), (39.1487, 0, -21.2905), (39.5327, 0, -19.3571), (39.2575, 0, -18.3917), (39.0241, 0, -17.1454), (38.8549, 0, -16.1427), (38.7041, 0, -14.7911), (39.3623, 0, -13.7625), (38.9301, 0, -12.6468), (39.4021, 0, -11.0209), (38.7622, 0, -10.6471), (39.4999, 0, -8.7198), (39.5631, 0, -7.6762), (38.8302, 0, -6.9324), (38.6363, 0, -5.2863), (39.4396, 0, -4.4432), (39.4377, 0, -3.1045), (39.5292, 0, -1.3593), (39.2957, 0, -0.8463), (38.7642, 0, 0.4013), (38.4386, 0, 2.1445), (38.8634, 0, 3.2709), (38.6593, 0, 3.8508), (38.759, 0, 5.5768), (39.4948, 0, 6.2348), (39.4773, 0, 8.225), (39.4564, 0, 9.05), (38.4949, 0, 10.4361), (39.1022, 0, 11.8784), (38.5738, 0, 13.1441), (39.3421, 0, 14.0904), (39.5143, 0, 14.7044), (39.2481, 0, 16.1508), (39.4201, 0, 17.9644), (39.5302, 0, 18.7565), (39.4982, 0, 19.7378), (38.5789, 0, 20.4763), (39.1461, 0, 22.1608), (38.583, 0, 23.1851), (39.1106, 0, 24.461), (39.1212, 0, 26.155), (39.1594, 0, 26.4034), (39.5682, 0, 27.8061), (38.6269, 0, 29.0189), (38.8971, 0, 30.8963), (38.6136, 0, 31.319), (39.407, 0, 33.2134), (38.9572, 0, 34.5441), (38.8124, 0, 35.9297), (39.2258, 0, 36.1603), (38.5843, 0, 38.076), (38.4767, 0, 39.2134), (39.4978, 0, 40.521), (39.5885, 0, 41.6725), (40.0463, 0, -40.9056), (39.6499, 0, -40.379), (39.9407, 0, -38.7997), (40.0734, 0, -38.0304), (40.7907, 0, -37.1766), (40.1697, 0, -35.2587), (40.1769, 0, -33.7227), (40.3061, 0, -33.3814), (39.7219, 0, -31.6445), (40.4409, 0, -30.6786), (40.743, 0, -28.9854), (39.7451, 0, -28.5152), (40.4679, 0, -26.8582), (40.1963, 0, -26.1016), (40.4939, 0, -24.2552), (39.7736, 0, -23.6791), (40.5397, 0, -21.8044), (40.0815, 0, -21.5312), (40.5358, 0, -19.8841), (40.165, 0, -19.1105), (40.5611, 0, -17.3935), (40.5834, 0, -16.5646), (39.7597, 0, -14.4838), (40.3566, 0, -14.0449), (40.6494, 0, -12.4737), (40.1261, 0, -10.8675), (40.7884, 0, -10.0805), (39.6155, 0, -8.4784), (39.8746, 0, -7.9822), (40.4363, 0, -6.5122), (39.9602, 0, -4.9498), (40.1372, 0, -3.9617), (40.7607, 0, -2.8877), (40.7443, 0, -1.5038), (40.3679, 0, -1.0937), (40.3586, 0, 0.1391), (40.0703, 0, 1.916), (40.3698, 0, 2.7948), (40.766, 0, 4.0033), (40.469, 0, 5.4561), (40.4198, 0, 6.3725), (39.9186, 0, 8.0529), (39.7249, 0, 9.3928), (40.6943, 0, 9.7164), (40.3789, 0, 10.9769), (39.7661, 0, 12.5725), (40.2487, 0, 13.2328), (40.1975, 0, 15.4659), (40.7153, 0, 16.4335), (40.1867, 0, 17.0921), (40.4956, 0, 18.7915), (40.0495, 0, 19.2278), (40.7339, 0, 21.4546), (39.605, 0, 22.3204), (40.2989, 0, 22.9215), (40.4039, 0, 25.1811), (40.1499, 0, 26.0381), (40.4323, 0, 27.4873), (39.6621, 0, 28.3349), (40.2632, 0, 28.8993), (39.804, 0, 31.0306), (40.7096, 0, 32.039), (40.1818, 0, 32.6294), (40.4409, 0, 33.6829), (39.7821, 0, 35.3184), (39.9384, 0, 36.3607), (40.2615, 0, 38.2597), (40.0371, 0, 39.1267), (40.6875, 0, 40.0149), (40.5811, 0, 41.3457), (41.3138, 0, -41.1764), (41.2835, 0, -39.8758), (40.9268, 0, -38.6804), (41.9626, 0, -38.2449), (41.4424, 0, -36.0722), (41.3233, 0, -35.425), (41.341, 0, -34.739), (41.5846, 0, -32.6057), (41.3755, 0, -32.1504), (41.5757, 0, -30.0585), (41.2676, 0, -29.394), (41.7787, 0, -28.0123), (41.6627, 0, -27.4749), (41.9759, 0, -25.9356), (40.9063, 0, -25.1515), (41.2016, 0, -23.8782), (41.9285, 0, -22.1482), (41.3519, 0, -20.7899), (41.1599, 0, -20.2664), (41.0642, 0, -18.0699), (41.6596, 0, -16.9965), (40.9988, 0, -16.4491), (41.4707, 0, -15.0037), (41.232, 0, -13.2676), (41.1222, 0, -12.7836), (41.0607, 0, -11.2916), (41.183, 0, -9.6999), (41.4734, 0, -8.482), (41.5241, 0, -7.5309), (41.8086, 0, -6.2847), (41.7966, 0, -5.3078), (41.9382, 0, -4.4721), (41.5871, 0, -3.2003), (41.146, 0, -1.9126), (41.252, 0, -0.056), (41.7395, 0, 0.9209), (41.675, 0, 1.4193), (41.2069, 0, 3.1232), (41.0568, 0, 4.0918), (41.7204, 0, 5.703), (41.9053, 0, 6.5006), (40.9879, 0, 7.3577), (41.2314, 0, 9.3869), (41.4336, 0, 10.4953), (41.5409, 0, 11.4398), (41.7873, 0, 12.9999), (41.9207, 0, 14.2697), (41.6384, 0, 15.423), (41.6942, 0, 16.6585), (41.8598, 0, 17.6483), (41.4259, 0, 19.1384), (41.267, 0, 20.3964), (41.455, 0, 20.9869), (41.8956, 0, 22.388), (41.8695, 0, 23.0929), (41.4487, 0, 25.0016), (41.772, 0, 26.1493), (40.8673, 0, 26.7504), (41.3608, 0, 28.0863), (41.3206, 0, 28.846), (41.3523, 0, 30.6199), (41.1937, 0, 32.0833), (41.2289, 0, 32.6496), (40.8474, 0, 33.9685), (40.8715, 0, 35.5258), (41.1288, 0, 36.6958), (41.0987, 0, 37.5729), (41.7845, 0, 38.7361), (41.8971, 0, 40.0263), (41.5191, 0, 41.3455)]
        quath[] orientations = [(0.8102, 0, 0.5861, 0), (0.2819, 0, 0.9595, 0), (-0.0455, 0, 0.999, 0), (-0.6374, 0, 0.7706, 0), (-0.9847, 0, 0.1741, 0), (-0.8983, 0, 0.4395, 0), (0.7513, 0, 0.66, 0), (0.9312, 0, 0.3646, 0), (-0.5747, 0, 0.8184, 0), (-0.2346, 0, 0.9721, 0), (0.3943, 0, 0.919, 0), (-0.835, 0, 0.5502, 0), (-0.0103, 0, 0.9999, 0), (-0.1097, 0, 0.994, 0), (0.9861, 0, 0.1664, 0), (-0.5836, 0, 0.812, 0), (0.0464, 0, 0.9989, 0), (0.4952, 0, 0.8688, 0), (0.1483, 0, 0.9889, 0), (0.8922, 0, 0.4516, 0), (0.3774, 0, 0.926, 0), (-0.43, 0, 0.9028, 0), (-0.01, 0, 0.9999, 0), (0.8831, 0, 0.4692, 0), (0.4924, 0, 0.8704, 0), (0.3142, 0, 0.9494, 0), (-0.838, 0, 0.5457, 0), (-0.1273, 0, 0.9919, 0), (-0.8747, 0, 0.4847, 0), (-0.1851, 0, 0.9827, 0), (-0.9997, 0, 0.0241, 0), (0.9994, 0, 0.0353, 0), (-0.9829, 0, 0.1841, 0), (-0.362, 0, 0.9322, 0), (-0.8553, 0, 0.5181, 0), (0.9804, 0, 0.1968, 0), (0.9524, 0, 0.3047, 0), (-0.9997, 0, 0.0252, 0), (0.8557, 0, 0.5174, 0), (0.9147, 0, 0.4041, 0), (-0.9926, 0, 0.1216, 0), (0.9447, 0, 0.3279, 0), (0.9982, 0, 0.0598, 0), (-0.0269, 0, 0.9996, 0), (0.2563, 0, 0.9666, 0), (0.9825, 0, 0.1863, 0), (-0.6442, 0, 0.7649, 0), (-0.9987, 0, 0.0514, 0), (-0.2159, 0, 0.9764, 0), (0.2708, 0, 0.9626, 0), (-0.6542, 0, 0.7563, 0), (0.9814, 0, 0.1921, 0), (-0.9253, 0, 0.3792, 0), (-0.1132, 0, 0.9936, 0), (0.0077, 0, 1, 0), (-0.4224, 0, 0.9064, 0), (0.6412, 0, 0.7674, 0), (0.9829, 0, 0.184, 0), (0.8429, 0, 0.538, 0), (-0.701, 0, 0.7131, 0), (-0.4612, 0, 0.8873, 0), (0.7819, 0, 0.6234, 0), (-0.4324, 0, 0.9017, 0), (0.6455, 0, 0.7638, 0), (0.9905, 0, 0.1372, 0), (0.928, 0, 0.3725, 0), (-0.4014, 0, 0.9159, 0), (0.2368, 0, 0.9716, 0), (0.4128, 0, 0.9108, 0), (-0.6664, 0, 0.7456, 0), (0.9863, 0, 0.1652, 0), (-0.6388, 0, 0.7694, 0), (-0.9396, 0, 0.3422, 0), (-0.729, 0, 0.6846, 0), (0.118, 0, 0.993, 0), (-0.1095, 0, 0.994, 0), (0.7788, 0, 0.6273, 0), (0.5412, 0, 0.8409, 0), (0.8141, 0, 0.5808, 0), (-0.3285, 0, 0.9445, 0), (0.7529, 0, 0.6581, 0), (0.8552, 0, 0.5182, 0), (-0.1442, 0, 0.9896, 0), (-0.4459, 0, 0.8951, 0), (-0.7372, 0, 0.6757, 0), (-0.0076, 0, 1, 0), (0.9262, 0, 0.377, 0), (0.4405, 0, 0.8978, 0), (-0.6323, 0, 0.7748, 0), (-0.0583, 0, 0.9983, 0), (-0.9911, 0, 0.1334, 0), (0.9948, 0, 0.1015, 0), (-0.2912, 0, 0.9567, 0), (0.7176, 0, 0.6965, 0), (-0.9844, 0, 0.1761, 0), (-0.1084, 0, 0.9941, 0), (0.5876, 0, 0.8091, 0), (-0.8416, 0, 0.5402, 0), (-0.3192, 0, 0.9477, 0), (0.8058, 0, 0.5921, 0), (-0.8112, 0, 0.5847, 0), (-0.5828, 0, 0.8126, 0), (-0.9973, 0, 0.0733, 0), (-0.7711, 0, 0.6367, 0), (0.3242, 0, 0.946, 0), (-0.05, 0, 0.9988, 0), (0.6139, 0, 0.7894, 0), (-0.6405, 0, 0.7679, 0), (-0.2858, 0, 0.9583, 0), (-0.9067, 0, 0.4218, 0), (-0.8334, 0, 0.5527, 0), (0.6884, 0, 0.7253, 0), (-0.6049, 0, 0.7963, 0), (-0.8255, 0, 0.5644, 0), (0.9989, 0, 0.0463, 0), (-0.0159, 0, 0.9999, 0), (0.739, 0, 0.6737, 0), (0.1322, 0, 0.9912, 0), (0.9434, 0, 0.3318, 0), (-0.9417, 0, 0.3365, 0), (-0.9408, 0, 0.339, 0), (-0.8362, 0, 0.5484, 0), (0.9617, 0, 0.2739, 0), (-0.1322, 0, 0.9912, 0), (0.454, 0, 0.891, 0), (0.8689, 0, 0.4949, 0), (0.9934, 0, 0.1151, 0), (-0.9622, 0, 0.2722, 0), (0.9316, 0, 0.3634, 0), (-0.693, 0, 0.7209, 0), (-0.4123, 0, 0.9111, 0), (-0.8905, 0, 0.455, 0), (0.4246, 0, 0.9054, 0), (0.7802, 0, 0.6256, 0), (-0.9263, 0, 0.3769, 0), (-0.1145, 0, 0.9934, 0), (-0.5031, 0, 0.8643, 0), (0.3279, 0, 0.9447, 0), (-0.7516, 0, 0.6597, 0), (-0.5995, 0, 0.8004, 0), (0.1424, 0, 0.9898, 0), (0.8657, 0, 0.5005, 0), (-0.5202, 0, 0.8541, 0), (-0.852, 0, 0.5236, 0), (0.5497, 0, 0.8353, 0), (-0.2619, 0, 0.9651, 0), (-0.6541, 0, 0.7564, 0), (0.3305, 0, 0.9438, 0), (-0.9183, 0, 0.396, 0), (0.0649, 0, 0.9979, 0), (-0.8213, 0, 0.5705, 0), (0.4893, 0, 0.8721, 0), (-0.6221, 0, 0.7829, 0), (-0.9468, 0, 0.3218, 0), (-0.0081, 0, 1, 0), (-0.9352, 0, 0.3541, 0), (0.7275, 0, 0.6861, 0), (-0.7524, 0, 0.6587, 0), (-0.4138, 0, 0.9104, 0), (0.3133, 0, 0.9497, 0), (0.2507, 0, 0.9681, 0), (0.8704, 0, 0.4924, 0), (-0.5107, 0, 0.8598, 0), (-0.4361, 0, 0.8999, 0), (-0.9874, 0, 0.1583, 0), (-0.0616, 0, 0.9981, 0), (0.8114, 0, 0.5846, 0), (0.979, 0, 0.2037, 0), (0.629, 0, 0.7774, 0), (-0.5988, 0, 0.8009, 0), (0.5187, 0, 0.8549, 0), (-0.7554, 0, 0.6553, 0), (-0.9278, 0, 0.3731, 0), (-0.4662, 0, 0.8847, 0), (0.9994, 0, 0.0335, 0), (-0.9194, 0, 0.3933, 0), (-0.7001, 0, 0.714, 0), (0.9919, 0, 0.1267, 0), (0.622, 0, 0.783, 0), (0.0045, 0, 1, 0), (-0.3123, 0, 0.95, 0), (-0.5131, 0, 0.8584, 0), (-0.9593, 0, 0.2825, 0), (0.3405, 0, 0.9402, 0), (0.2897, 0, 0.9571, 0), (0.5795, 0, 0.8149, 0), (-0.3534, 0, 0.9355, 0), (0.0101, 0, 0.9999, 0), (-0.9289, 0, 0.3703, 0), (-0.8607, 0, 0.5092, 0), (0.8363, 0, 0.5483, 0), (0.7603, 0, 0.6495, 0), (-0.2529, 0, 0.9675, 0), (-0.2107, 0, 0.9775, 0), (-0.9905, 0, 0.1376, 0), (0.9437, 0, 0.3308, 0), (0.9966, 0, 0.0823, 0), (0.9368, 0, 0.3498, 0), (0.8904, 0, 0.4552, 0), (0.4439, 0, 0.8961, 0), (0.6342, 0, 0.7731, 0), (-0.9941, 0, 0.1081, 0), (-0.4011, 0, 0.916, 0), (0.8354, 0, 0.5497, 0), (-0.6519, 0, 0.7583, 0), (-0.4293, 0, 0.9032, 0), (0.8157, 0, 0.5785, 0), (0.9773, 0, 0.2119, 0), (0.8153, 0, 0.5791, 0), (0.7834, 0, 0.6216, 0), (-0.8018, 0, 0.5976, 0), (0.9961, 0, 0.0881, 0), (0.5233, 0, 0.8522, 0), (-0.2667, 0, 0.9638, 0), (0.6735, 0, 0.7392, 0), (-0.9987, 0, 0.0512, 0), (0.9978, 0, 0.0659, 0), (-0.7123, 0, 0.7019, 0), (0.2064, 0, 0.9785, 0), (-0.3707, 0, 0.9288, 0), (-0.9831, 0, 0.1828, 0), (-0.889, 0, 0.4578, 0), (-0.6338, 0, 0.7735, 0), (0.1917, 0, 0.9815, 0), (0.9122, 0, 0.4098, 0), (-0.5747, 0, 0.8184, 0), (-0.2774, 0, 0.9608, 0), (-0.2347, 0, 0.9721, 0), (-0.9887, 0, 0.15, 0), (-0.2591, 0, 0.9658, 0), (-0.3813, 0, 0.9244, 0), (0.189, 0, 0.982, 0), (-0.9995, 0, 0.0317, 0), (-0.8812, 0, 0.4727, 0), (0.9852, 0, 0.1715, 0), (0.0773, 0, 0.997, 0), (-0.3379, 0, 0.9412, 0), (-0.537, 0, 0.8436, 0), (-0.3317, 0, 0.9434, 0), (0.5922, 0, 0.8058, 0), (-0.984, 0, 0.1781, 0), (0.9633, 0, 0.2685, 0), (-0.9888, 0, 0.1492, 0), (0.5566, 0, 0.8308, 0), (0.7881, 0, 0.6156, 0), (0.9944, 0, 0.106, 0), (0.4014, 0, 0.9159, 0), (-0.6997, 0, 0.7144, 0), (0.0014, 0, 1, 0), (-0.1632, 0, 0.9866, 0), (0.8229, 0, 0.5682, 0), (-0.7232, 0, 0.6907, 0), (-0.3907, 0, 0.9205, 0), (-0.5365, 0, 0.8439, 0), (-0.7271, 0, 0.6866, 0), (0.9921, 0, 0.1258, 0), (1, 0, 0.0046, 0), (0.1995, 0, 0.9799, 0), (0.8733, 0, 0.4871, 0), (-0.3396, 0, 0.9406, 0), (-0.3941, 0, 0.9191, 0), (0.6508, 0, 0.7592, 0), (-0.4317, 0, 0.902, 0), (-0.9714, 0, 0.2376, 0), (0.8893, 0, 0.4574, 0), (0.7901, 0, 0.613, 0), (-0.9961, 0, 0.0883, 0), (-0.6774, 0, 0.7356, 0), (0.4884, 0, 0.8726, 0), (0.4651, 0, 0.8853, 0), (-0.5792, 0, 0.8152, 0), (-0.6784, 0, 0.7347, 0), (0.0151, 0, 0.9999, 0), (0.702, 0, 0.7121, 0), (0.9425, 0, 0.3343, 0), (0.1935, 0, 0.9811, 0), (0.3965, 0, 0.918, 0), (0.6481, 0, 0.7615, 0), (-0.2483, 0, 0.9687, 0), (-0.8804, 0, 0.4743, 0), (-0.9555, 0, 0.295, 0), (-0.3809, 0, 0.9246, 0), (0.9817, 0, 0.1903, 0), (-0.0873, 0, 0.9962, 0), (0.8552, 0, 0.5182, 0), (0.38, 0, 0.925, 0), (-0.1375, 0, 0.9905, 0), (0.8865, 0, 0.4627, 0), (-0.8392, 0, 0.5438, 0), (0.7038, 0, 0.7104, 0), (-0.877, 0, 0.4806, 0), (0.4761, 0, 0.8794, 0), (-0.9336, 0, 0.3582, 0), (0.2101, 0, 0.9777, 0), (-0.1701, 0, 0.9854, 0), (0.9988, 0, 0.0498, 0), (0.6467, 0, 0.7628, 0), (0.6983, 0, 0.7159, 0), (-0.977, 0, 0.2131, 0), (-0.1569, 0, 0.9876, 0), (0.9738, 0, 0.2276, 0), (0.6692, 0, 0.7431, 0), (0.2574, 0, 0.9663, 0), (-0.8559, 0, 0.5171, 0), (0.2504, 0, 0.9681, 0), (-0.432, 0, 0.9019, 0), (0.991, 0, 0.1336, 0), (0.5219, 0, 0.853, 0), (-0.7893, 0, 0.614, 0), (-0.8822, 0, 0.4708, 0), (0.3998, 0, 0.9166, 0), (0.7265, 0, 0.6872, 0), (0.8322, 0, 0.5545, 0), (-0.7581, 0, 0.6522, 0), (-0.736, 0, 0.6769, 0), (0.9594, 0, 0.2821, 0), (0.8723, 0, 0.4891, 0), (-0.0042, 0, 1, 0), (0.0647, 0, 0.9979, 0), (-0.9536, 0, 0.3011, 0), (0.8061, 0, 0.5918, 0), (-0.5983, 0, 0.8013, 0), (0.2807, 0, 0.9598, 0), (0.6271, 0, 0.7789, 0), (-0.3413, 0, 0.94, 0), (-0.6981, 0, 0.716, 0), (0.7407, 0, 0.6718, 0), (0.6477, 0, 0.7619, 0), (0.8567, 0, 0.5159, 0), (-0.1594, 0, 0.9872, 0), (-0.7077, 0, 0.7065, 0), (-0.9899, 0, 0.1419, 0), (0.8972, 0, 0.4416, 0), (0.9741, 0, 0.2261, 0), (-0.1653, 0, 0.9862, 0), (-0.9037, 0, 0.4281, 0), (-0.4302, 0, 0.9027, 0), (0.8405, 0, 0.5417, 0), (0.9043, 0, 0.4269, 0), (0.7907, 0, 0.6122, 0), (0.5389, 0, 0.8424, 0), (-0.4596, 0, 0.8881, 0), (-0.5249, 0, 0.8512, 0), (-0.9987, 0, 0.0503, 0), (0.8603, 0, 0.5098, 0), (-0.9564, 0, 0.2921, 0), (-0.8312, 0, 0.556, 0), (-0.2281, 0, 0.9736, 0), (0.2298, 0, 0.9732, 0), (0.9798, 0, 0.1997, 0), (-0.978, 0, 0.2085, 0), (0.9965, 0, 0.0842, 0), (-0.8941, 0, 0.4479, 0), (-0.7409, 0, 0.6717, 0), (-0.2765, 0, 0.961, 0), (-0.779, 0, 0.6271, 0), (-0.9269, 0, 0.3752, 0), (-0.5469, 0, 0.8372, 0), (0.9325, 0, 0.3611, 0), (0.5075, 0, 0.8617, 0), (0.769, 0, 0.6392, 0), (0.9434, 0, 0.3315, 0), (0.5952, 0, 0.8036, 0), (-0.7455, 0, 0.6666, 0), (-0.7874, 0, 0.6164, 0), (-0.9622, 0, 0.2724, 0), (-0.0965, 0, 0.9953, 0), (-0.773, 0, 0.6344, 0), (0.5745, 0, 0.8185, 0), (0.4086, 0, 0.9127, 0), (0.5357, 0, 0.8444, 0), (-0.5121, 0, 0.8589, 0), (-0.9964, 0, 0.0847, 0), (-0.1785, 0, 0.9839, 0), (-0.9644, 0, 0.2645, 0), (-0.6343, 0, 0.773, 0), (0.3721, 0, 0.9282, 0), (0.9906, 0, 0.137, 0), (-0.2994, 0, 0.9541, 0), (0.2217, 0, 0.9751, 0), (-0.9885, 0, 0.1512, 0), (0.7152, 0, 0.699, 0), (0.5315, 0, 0.8471, 0), (-0.6046, 0, 0.7966, 0), (-0.9581, 0, 0.2865, 0), (-0.7007, 0, 0.7135, 0), (0.3977, 0, 0.9175, 0), (-1, 0, 0.0069, 0), (-0.9983, 0, 0.059, 0), (-0.3533, 0, 0.9355, 0), (0.8079, 0, 0.5894, 0), (0.9513, 0, 0.3082, 0), (0.7477, 0, 0.664, 0), (-0.3309, 0, 0.9437, 0), (0.9726, 0, 0.2325, 0), (-0.1875, 0, 0.9823, 0), (0.9901, 0, 0.1405, 0), (0.5731, 0, 0.8195, 0), (-0.9914, 0, 0.1306, 0), (-0.9117, 0, 0.4109, 0), (0.841, 0, 0.541, 0), (-0.9996, 0, 0.0284, 0), (0.6847, 0, 0.7288, 0), (-0.3974, 0, 0.9176, 0), (-0.984, 0, 0.1779, 0), (0.8101, 0, 0.5862, 0), (0.7686, 0, 0.6398, 0), (-0.2231, 0, 0.9748, 0), (-0.9571, 0, 0.2898, 0), (0.6068, 0, 0.7949, 0), (-0.5685, 0, 0.8227, 0), (0.7716, 0, 0.6362, 0), (-0.0345, 0, 0.9994, 0), (0.5398, 0, 0.8418, 0), (-0.969, 0, 0.247, 0), (-0.5697, 0, 0.8219, 0), (0.6425, 0, 0.7662, 0), (0.9966, 0, 0.0828, 0), (0.8921, 0, 0.4519, 0), (0.9124, 0, 0.4094, 0), (-0.9541, 0, 0.2994, 0), (0.3569, 0, 0.9342, 0), (-0.9991, 0, 0.0421, 0), (0.2297, 0, 0.9733, 0), (-0.3118, 0, 0.9502, 0), (0.1806, 0, 0.9836, 0), (-0.4424, 0, 0.8968, 0), (-0.6778, 0, 0.7353, 0), (-0.4898, 0, 0.8718, 0), (0.4636, 0, 0.886, 0), (0.2915, 0, 0.9566, 0), (0.9937, 0, 0.1121, 0), (0.8594, 0, 0.5114, 0), (-0.5426, 0, 0.84, 0), (0.4561, 0, 0.8899, 0), (0.8728, 0, 0.4882, 0), (0.1696, 0, 0.9855, 0), (-0.5908, 0, 0.8068, 0), (0.7688, 0, 0.6395, 0), (0.397, 0, 0.9178, 0), (-0.6413, 0, 0.7672, 0), (0.6059, 0, 0.7955, 0), (-0.1185, 0, 0.9929, 0), (1, 0, 0.0065, 0), (-0.3295, 0, 0.9442, 0), (0.2915, 0, 0.9566, 0), (-0.9685, 0, 0.2489, 0), (-0.0742, 0, 0.9972, 0), (0.0652, 0, 0.9979, 0), (0.8425, 0, 0.5387, 0), (0.9107, 0, 0.4131, 0), (-0.59, 0, 0.8074, 0), (-0.4276, 0, 0.904, 0), (-0.9275, 0, 0.3738, 0), (-0.906, 0, 0.4233, 0), (-0.0459, 0, 0.9989, 0), (-1, 0, 0.0098, 0), (-0.2573, 0, 0.9663, 0), (-0.126, 0, 0.992, 0), (0.1923, 0, 0.9813, 0), (0.9975, 0, 0.0711, 0), (-0.3706, 0, 0.9288, 0), (-0.9092, 0, 0.4164, 0), (-0.9762, 0, 0.2166, 0), (-0.2704, 0, 0.9627, 0), (0.4907, 0, 0.8713, 0), (0.6657, 0, 0.7462, 0), (-0.0631, 0, 0.998, 0), (-0.9634, 0, 0.2681, 0), (-0.618, 0, 0.7861, 0), (-0.9712, 0, 0.2383, 0), (0.6291, 0, 0.7773, 0), (-0.3696, 0, 0.9292, 0), (0.6788, 0, 0.7343, 0), (0.9999, 0, 0.016, 0), (0.482, 0, 0.8762, 0), (-0.9144, 0, 0.4048, 0), (0.785, 0, 0.6195, 0), (-0.9942, 0, 0.1079, 0), (0.1051, 0, 0.9945, 0), (-0.9995, 0, 0.0304, 0), (-0.6123, 0, 0.7907, 0), (-0.7528, 0, 0.6583, 0), (-0.2489, 0, 0.9685, 0), (-0.2679, 0, 0.9634, 0), (0.9871, 0, 0.16, 0), (-0.0397, 0, 0.9992, 0), (0.8171, 0, 0.5765, 0), (-0.972, 0, 0.2349, 0), (-0.9837, 0, 0.1801, 0), (0.073, 0, 0.9973, 0), (0.4446, 0, 0.8957, 0), (-0.9935, 0, 0.1136, 0), (-0.6111, 0, 0.7916, 0), (-0.8627, 0, 0.5058, 0), (0.8614, 0, 0.5078, 0), (-0.6687, 0, 0.7435, 0), (0.7264, 0, 0.6872, 0), (0.7817, 0, 0.6236, 0), (0.2476, 0, 0.9689, 0), (0.9984, 0, 0.0573, 0), (0.5818, 0, 0.8133, 0), (0.6658, 0, 0.7461, 0), (0.9108, 0, 0.4128, 0), (0.0194, 0, 0.9998, 0), (0.4001, 0, 0.9165, 0), (0.2613, 0, 0.9652, 0), (-0.9532, 0, 0.3025, 0), (0.8703, 0, 0.4925, 0), (0.4373, 0, 0.8993, 0), (-0.7569, 0, 0.6536, 0), (-0.7837, 0, 0.6211, 0), (0.6991, 0, 0.7151, 0), (0.7883, 0, 0.6153, 0), (-0.9079, 0, 0.4192, 0), (0.9999, 0, 0.0171, 0), (0.2111, 0, 0.9775, 0), (-0.9958, 0, 0.0915, 0), (-0.739, 0, 0.6737, 0), (-0.7793, 0, 0.6267, 0), (0.5814, 0, 0.8136, 0), (-0.3373, 0, 0.9414, 0), (-0.2153, 0, 0.9765, 0), (0.979, 0, 0.2036, 0), (-0.8958, 0, 0.4444, 0), (-0.6976, 0, 0.7165, 0), (0.8683, 0, 0.496, 0), (-0.8757, 0, 0.4829, 0), (-0.4724, 0, 0.8814, 0), (0.3404, 0, 0.9403, 0), (-0.0878, 0, 0.9961, 0), (0.1467, 0, 0.9892, 0), (-0.4219, 0, 0.9067, 0), (0.4402, 0, 0.8979, 0), (0.2242, 0, 0.9745, 0), (-0.9884, 0, 0.1516, 0), (-0.4203, 0, 0.9074, 0), (-0.9959, 0, 0.0905, 0), (0.8271, 0, 0.562, 0), (-0.5669, 0, 0.8238, 0), (-0.0181, 0, 0.9998, 0), (-0.423, 0, 0.9061, 0), (0.3934, 0, 0.9194, 0), (0.9951, 0, 0.0988, 0), (0.8634, 0, 0.5045, 0), (-0.6152, 0, 0.7884, 0), (-0.4221, 0, 0.9065, 0), (-0.9037, 0, 0.4281, 0), (1, 0, 0.0019, 0), (-0.4765, 0, 0.8792, 0), (-0.1647, 0, 0.9863, 0), (0.8548, 0, 0.519, 0), (-0.1427, 0, 0.9898, 0), (0.8485, 0, 0.5293, 0), (-0.4036, 0, 0.9149, 0), (0.8535, 0, 0.5211, 0), (0.5467, 0, 0.8373, 0), (0.7076, 0, 0.7066, 0), (-0.2279, 0, 0.9737, 0), (-0.8915, 0, 0.4529, 0), (0.9906, 0, 0.137, 0), (0.3571, 0, 0.934, 0), (-0.8554, 0, 0.5179, 0), (0.3611, 0, 0.9325, 0), (0.9187, 0, 0.3949, 0), (0.3819, 0, 0.9242, 0), (0.883, 0, 0.4694, 0), (-0.6804, 0, 0.7329, 0), (-0.1271, 0, 0.9919, 0), (0.8494, 0, 0.5277, 0), (-0.2637, 0, 0.9646, 0), (0.9013, 0, 0.4331, 0), (0.8762, 0, 0.482, 0), (0.3163, 0, 0.9487, 0), (0.9263, 0, 0.3767, 0), (0.7328, 0, 0.6804, 0), (0.646, 0, 0.7634, 0), (-0.7511, 0, 0.6602, 0), (0.8898, 0, 0.4564, 0), (0.8196, 0, 0.5729, 0), (-0.9935, 0, 0.1138, 0), (-0.8438, 0, 0.5367, 0), (-0.7961, 0, 0.6052, 0), (-0.8019, 0, 0.5975, 0), (-0.5019, 0, 0.8649, 0), (0.4037, 0, 0.9149, 0), (-0.7914, 0, 0.6113, 0), (0.7872, 0, 0.6168, 0), (-0.7268, 0, 0.6869, 0), (0.5588, 0, 0.8293, 0), (0.9733, 0, 0.2295, 0), (-0.3122, 0, 0.95, 0), (-0.9024, 0, 0.4308, 0), (0.521, 0, 0.8536, 0), (-0.7055, 0, 0.7087, 0), (0.8828, 0, 0.4698, 0), (0.9395, 0, 0.3426, 0), (0.994, 0, 0.1094, 0), (0.6587, 0, 0.7524, 0), (0.9869, 0, 0.1611, 0), (-0.94, 0, 0.3412, 0), (0.8102, 0, 0.5861, 0), (-0.9213, 0, 0.3888, 0), (-0.4532, 0, 0.8914, 0), (0.0813, 0, 0.9967, 0), (-0.9973, 0, 0.0739, 0), (-0.9497, 0, 0.313, 0), (0.5528, 0, 0.8333, 0), (-0.8449, 0, 0.5349, 0), (0.9753, 0, 0.2209, 0), (0.8096, 0, 0.587, 0), (0.0274, 0, 0.9996, 0), (-0.292, 0, 0.9564, 0), (0.9941, 0, 0.1082, 0), (-0.0272, 0, 0.9996, 0), (0.776, 0, 0.6307, 0), (-0.1524, 0, 0.9883, 0), (0.7161, 0, 0.6979, 0), (0.6122, 0, 0.7907, 0), (0.7261, 0, 0.6876, 0), (0.8618, 0, 0.5072, 0), (0.8135, 0, 0.5816, 0), (-0.7167, 0, 0.6974, 0), (0.5976, 0, 0.8018, 0), (-0.3907, 0, 0.9205, 0), (0.7631, 0, 0.6463, 0), (0.9988, 0, 0.0488, 0), (-0.3324, 0, 0.9431, 0), (-0.0088, 0, 1, 0), (0.628, 0, 0.7782, 0), (-0.8681, 0, 0.4964, 0), (-0.3014, 0, 0.9535, 0), (-0.0095, 0, 1, 0), (0.8836, 0, 0.4682, 0), (-0.8448, 0, 0.5351, 0), (-0.1616, 0, 0.9869, 0), (-0.0729, 0, 0.9973, 0), (0.1622, 0, 0.9868, 0), (-0.3497, 0, 0.9369, 0), (0.5923, 0, 0.8057, 0), (0.1483, 0, 0.9889, 0), (0.3974, 0, 0.9176, 0), (0.2363, 0, 0.9717, 0), (-0.9438, 0, 0.3305, 0), (0.021, 0, 0.9998, 0), (-0.1133, 0, 0.9936, 0), (-0.8563, 0, 0.5164, 0), (0.4182, 0, 0.9083, 0), (-0.762, 0, 0.6476, 0), (-0.1654, 0, 0.9862, 0), (-0.7004, 0, 0.7138, 0), (0.9755, 0, 0.2198, 0), (-0.338, 0, 0.9411, 0), (-0.2047, 0, 0.9788, 0), (-0.8575, 0, 0.5145, 0), (0.6392, 0, 0.769, 0), (0.8185, 0, 0.5745, 0), (-0.5993, 0, 0.8005, 0), (-0.6976, 0, 0.7165, 0), (0.9076, 0, 0.4199, 0), (-0.3743, 0, 0.9273, 0), (-0.0457, 0, 0.999, 0), (-0.3151, 0, 0.9491, 0), (-0.9638, 0, 0.2667, 0), (0.1475, 0, 0.9891, 0), (0.7359, 0, 0.677, 0), (0.074, 0, 0.9973, 0), (0.8875, 0, 0.4607, 0), (-0.9988, 0, 0.0481, 0), (-0.9044, 0, 0.4266, 0), (-0.8375, 0, 0.5464, 0), (-0.8454, 0, 0.5341, 0), (-0.3303, 0, 0.9439, 0), (0.9934, 0, 0.1144, 0), (0.7795, 0, 0.6264, 0), (-0.0348, 0, 0.9994, 0), (-0.5155, 0, 0.8569, 0), (0.1774, 0, 0.9841, 0), (0.4556, 0, 0.8902, 0), (-0.7273, 0, 0.6864, 0), (0.492, 0, 0.8706, 0), (0.9981, 0, 0.062, 0), (0.9984, 0, 0.056, 0), (0.942, 0, 0.3355, 0), (0.1877, 0, 0.9822, 0), (-0.5922, 0, 0.8058, 0), (0.6716, 0, 0.7409, 0), (-0.958, 0, 0.2868, 0), (0.6174, 0, 0.7866, 0), (0.8289, 0, 0.5594, 0), (-0.882, 0, 0.4712, 0), (0.9837, 0, 0.1797, 0), (-0.9837, 0, 0.18, 0), (0.9962, 0, 0.0865, 0), (0.9835, 0, 0.1807, 0), (0.9278, 0, 0.3731, 0), (-0.8682, 0, 0.4962, 0), (-0.3043, 0, 0.9526, 0), (0.9907, 0, 0.1357, 0), (0.9716, 0, 0.2365, 0), (-0.1079, 0, 0.9942, 0), (-0.3029, 0, 0.953, 0), (0.9473, 0, 0.3204, 0), (-0.7304, 0, 0.683, 0), (0.3327, 0, 0.943, 0), (-0.8376, 0, 0.5463, 0), (-0.816, 0, 0.5781, 0), (-0.9417, 0, 0.3365, 0), (0.232, 0, 0.9727, 0), (0.9282, 0, 0.372, 0), (-0.9282, 0, 0.372, 0), (-0.4922, 0, 0.8705, 0), (-0.9955, 0, 0.0949, 0), (0.9994, 0, 0.0343, 0), (0.1247, 0, 0.9922, 0), (0.8135, 0, 0.5816, 0), (0.0252, 0, 0.9997, 0), (-0.2377, 0, 0.9713, 0), (0.823, 0, 0.568, 0), (-0.7376, 0, 0.6752, 0), (0.1952, 0, 0.9808, 0), (0.8009, 0, 0.5987, 0), (-0.6677, 0, 0.7444, 0), (-0.8942, 0, 0.4477, 0), (0.1802, 0, 0.9836, 0), (-0.9867, 0, 0.1625, 0), (-0.395, 0, 0.9187, 0), (-0.7855, 0, 0.6189, 0), (0.054, 0, 0.9985, 0), (-0.8672, 0, 0.4979, 0), (-0.9996, 0, 0.0277, 0), (0.976, 0, 0.2178, 0), (-0.2815, 0, 0.9596, 0), (-0.9387, 0, 0.3448, 0), (-0.9215, 0, 0.3885, 0), (-0.9987, 0, 0.0502, 0), (0.4724, 0, 0.8814, 0), (0.9904, 0, 0.1379, 0), (0.8843, 0, 0.4669, 0), (-0.8291, 0, 0.559, 0), (0.9481, 0, 0.3178, 0), (0.5402, 0, 0.8415, 0), (-0.4129, 0, 0.9108, 0), (-0.2415, 0, 0.9704, 0), (0.9472, 0, 0.3205, 0), (0.1919, 0, 0.9814, 0), (-0.1523, 0, 0.9883, 0), (0.9461, 0, 0.3239, 0), (0.657, 0, 0.7539, 0), (-0.9994, 0, 0.0342, 0), (-0.7392, 0, 0.6735, 0), (0.2595, 0, 0.9657, 0), (-0.1296, 0, 0.9916, 0), (0.9154, 0, 0.4026, 0), (-0.8794, 0, 0.4761, 0), (0.6655, 0, 0.7464, 0), (0.023, 0, 0.9997, 0), (-0.7282, 0, 0.6854, 0), (-0.3797, 0, 0.9251, 0), (0.9137, 0, 0.4065, 0), (0.4434, 0, 0.8963, 0), (-0.2668, 0, 0.9637, 0), (-0.3113, 0, 0.9503, 0), (0.5274, 0, 0.8496, 0), (0.3763, 0, 0.9265, 0), (-0.9998, 0, 0.0223, 0), (0.7339, 0, 0.6792, 0), (-0.9968, 0, 0.0801, 0), (0.0611, 0, 0.9981, 0), (0.7713, 0, 0.6364, 0), (0.723, 0, 0.6908, 0), (-0.8855, 0, 0.4646, 0), (0.7936, 0, 0.6084, 0), (-0.8067, 0, 0.591, 0), (-0.8553, 0, 0.5181, 0), (0.3391, 0, 0.9407, 0), (0.9792, 0, 0.2029, 0), (-0.3482, 0, 0.9374, 0), (-0.4485, 0, 0.8938, 0), (-0.9551, 0, 0.2963, 0), (-0.6274, 0, 0.7787, 0), (-0.5746, 0, 0.8184, 0), (0.2872, 0, 0.9579, 0), (0.1649, 0, 0.9863, 0), (-0.8401, 0, 0.5424, 0), (0.1782, 0, 0.984, 0), (-0.9985, 0, 0.0553, 0), (-0.974, 0, 0.2265, 0), (-0.8682, 0, 0.4962, 0), (-0.7504, 0, 0.661, 0), (-1, 0, 0.0032, 0), (0.9231, 0, 0.3846, 0), (0.3534, 0, 0.9355, 0), (-0.3337, 0, 0.9427, 0), (-0.7183, 0, 0.6957, 0), (0.1817, 0, 0.9834, 0), (0.9879, 0, 0.1551, 0), (0.4268, 0, 0.9043, 0), (-0.9813, 0, 0.1927, 0), (0.6337, 0, 0.7736, 0), (-0.864, 0, 0.5035, 0), (-0.5005, 0, 0.8657, 0), (-0.8331, 0, 0.5532, 0), (0.1402, 0, 0.9901, 0), (0.8653, 0, 0.5013, 0), (0.2807, 0, 0.9598, 0), (-0.8408, 0, 0.5414, 0), (0.6687, 0, 0.7435, 0), (-0.4181, 0, 0.9084, 0), (-0.1452, 0, 0.9894, 0), (0.8172, 0, 0.5763, 0), (0.9663, 0, 0.2573, 0), (0.9262, 0, 0.377, 0), (0.9039, 0, 0.4277, 0), (0.9809, 0, 0.1945, 0), (0.8959, 0, 0.4442, 0), (-0.9512, 0, 0.3086, 0), (0.4327, 0, 0.9015, 0), (0.9494, 0, 0.3139, 0), (0.9549, 0, 0.297, 0), (0.1523, 0, 0.9883, 0), (0.9582, 0, 0.2861, 0), (0.6963, 0, 0.7177, 0), (0.2319, 0, 0.9727, 0), (0.5166, 0, 0.8562, 0), (-0.0698, 0, 0.9976, 0), (0.9763, 0, 0.2163, 0), (0.2401, 0, 0.9708, 0), (0.9935, 0, 0.1134, 0), (-0.7195, 0, 0.6945, 0), (-0.442, 0, 0.897, 0), (-0.9663, 0, 0.2573, 0), (-0.9892, 0, 0.1466, 0), (-0.9901, 0, 0.1401, 0), (-0.9652, 0, 0.2614, 0), (-0.9053, 0, 0.4248, 0), (-0.5279, 0, 0.8493, 0), (-0.8815, 0, 0.4722, 0), (0.8789, 0, 0.4769, 0), (0.3082, 0, 0.9513, 0), (0.9872, 0, 0.1593, 0), (0.8221, 0, 0.5694, 0), (-0.3778, 0, 0.9259, 0), (-1, 0, 0.0041, 0), (-0.2814, 0, 0.9596, 0), (0.5702, 0, 0.8215, 0), (-0.0736, 0, 0.9973, 0), (0.9965, 0, 0.0831, 0), (-0.0541, 0, 0.9985, 0), (-0.9113, 0, 0.4118, 0), (-0.9547, 0, 0.2975, 0), (0.6477, 0, 0.7619, 0), (-1, 0, 0.0036, 0), (0.9304, 0, 0.3666, 0), (-0.2017, 0, 0.9795, 0), (-0.6528, 0, 0.7576, 0), (0.3948, 0, 0.9188, 0), (-0.1072, 0, 0.9942, 0), (0.4807, 0, 0.8769, 0), (0.6038, 0, 0.7971, 0), (-0.7267, 0, 0.687, 0), (0.3956, 0, 0.9184, 0), (0.6132, 0, 0.7899, 0), (0.8515, 0, 0.5244, 0), (-0.9786, 0, 0.206, 0), (-0.8385, 0, 0.5449, 0), (0.6079, 0, 0.794, 0), (-0.2247, 0, 0.9744, 0), (-0.6394, 0, 0.7689, 0), (-0.8533, 0, 0.5213, 0), (0.5064, 0, 0.8623, 0), (-0.8905, 0, 0.455, 0), (0.9331, 0, 0.3595, 0), (0.7713, 0, 0.6365, 0), (0.9832, 0, 0.1826, 0), (0.8367, 0, 0.5476, 0), (-0.3783, 0, 0.9257, 0), (0.9105, 0, 0.4136, 0), (-0.9858, 0, 0.168, 0), (0.7563, 0, 0.6542, 0), (0.0943, 0, 0.9955, 0), (0.8541, 0, 0.5201, 0), (0.2453, 0, 0.9695, 0), (0.1552, 0, 0.9879, 0), (-0.9926, 0, 0.1212, 0), (-0.9999, 0, 0.0138, 0), (-0.5472, 0, 0.837, 0), (-0.5967, 0, 0.8025, 0), (0.4952, 0, 0.8688, 0), (-0.1574, 0, 0.9875, 0), (-0.8303, 0, 0.5573, 0), (-0.1118, 0, 0.9937, 0), (-0.1783, 0, 0.984, 0), (-0.9576, 0, 0.2881, 0), (-0.9359, 0, 0.3522, 0), (-0.8407, 0, 0.5415, 0), (-1, 0, 0.0035, 0), (0.0338, 0, 0.9994, 0), (0.9227, 0, 0.3855, 0), (0.8818, 0, 0.4717, 0), (0.9051, 0, 0.4253, 0), (0.9966, 0, 0.082, 0), (0.4355, 0, 0.9002, 0), (-0.9926, 0, 0.1213, 0), (0.0547, 0, 0.9985, 0), (0.9378, 0, 0.3473, 0), (0.8706, 0, 0.492, 0), (0.9991, 0, 0.0429, 0), (-0.1294, 0, 0.9916, 0), (0.898, 0, 0.4399, 0), (0.6049, 0, 0.7963, 0), (-0.9559, 0, 0.2937, 0), (-0.1569, 0, 0.9876, 0), (-0.9674, 0, 0.2533, 0), (-0.9121, 0, 0.4099, 0), (0.9257, 0, 0.3783, 0), (-0.8206, 0, 0.5715, 0), (0.7584, 0, 0.6518, 0), (0.6967, 0, 0.7174, 0), (-0.3071, 0, 0.9517, 0), (-0.721, 0, 0.6929, 0), (0.2885, 0, 0.9575, 0), (-0.9472, 0, 0.3207, 0), (-0.9985, 0, 0.054, 0), (-0.9575, 0, 0.2884, 0), (-0.9069, 0, 0.4213, 0), (-0.8052, 0, 0.5929, 0), (0.8931, 0, 0.4499, 0), (0.9964, 0, 0.085, 0), (-0.6801, 0, 0.7331, 0), (-0.6041, 0, 0.7969, 0), (-0.566, 0, 0.8244, 0), (0.9622, 0, 0.2725, 0), (-0.6393, 0, 0.7689, 0), (0.7077, 0, 0.7066, 0), (0.7729, 0, 0.6346, 0), (-0.9098, 0, 0.415, 0), (-0.773, 0, 0.6345, 0), (0.1867, 0, 0.9824, 0), (0.3643, 0, 0.9313, 0), (-0.9566, 0, 0.2913, 0), (0.9805, 0, 0.1966, 0), (-0.7041, 0, 0.7101, 0), (-0.903, 0, 0.4296, 0), (-0.2299, 0, 0.9732, 0), (-0.8396, 0, 0.5431, 0), (-0.986, 0, 0.1665, 0), (-0.5694, 0, 0.822, 0), (0.867, 0, 0.4983, 0), (0.4716, 0, 0.8818, 0), (-0.7986, 0, 0.6018, 0), (0.2824, 0, 0.9593, 0), (0.2752, 0, 0.9614, 0), (0.4636, 0, 0.8861, 0), (-0.72, 0, 0.6939, 0), (-0.2753, 0, 0.9614, 0), (-0.9771, 0, 0.2127, 0), (0.0009, 0, 1, 0), (0.0382, 0, 0.9993, 0), (0.7352, 0, 0.6778, 0), (0.8533, 0, 0.5215, 0), (0.7306, 0, 0.6828, 0), (0.7506, 0, 0.6607, 0), (0.4579, 0, 0.889, 0), (-0.6968, 0, 0.7173, 0), (0.9922, 0, 0.1247, 0), (-0.8648, 0, 0.5021, 0), (-0.9252, 0, 0.3795, 0), (-0.3856, 0, 0.9226, 0), (0.6164, 0, 0.7874, 0), (-0.9389, 0, 0.3442, 0), (0.5527, 0, 0.8334, 0), (0.3367, 0, 0.9416, 0), (-0.5518, 0, 0.834, 0), (0.9881, 0, 0.1536, 0), (-0.9594, 0, 0.2819, 0), (-0.9205, 0, 0.3906, 0), (1, 0, 0.0084, 0), (0.5154, 0, 0.857, 0), (0.6891, 0, 0.7247, 0), (0.2079, 0, 0.9781, 0), (0.1761, 0, 0.9844, 0), (-1, 0, 0.0096, 0), (-0.5523, 0, 0.8336, 0), (-0.4, 0, 0.9165, 0), (0.285, 0, 0.9585, 0), (-0.1414, 0, 0.99, 0), (0.6358, 0, 0.7719, 0), (-0.6382, 0, 0.7699, 0), (0.1449, 0, 0.9894, 0), (0.0348, 0, 0.9994, 0), (0.4099, 0, 0.9121, 0), (0.6903, 0, 0.7236, 0), (-0.2744, 0, 0.9616, 0), (0.6704, 0, 0.742, 0), (-0.3977, 0, 0.9175, 0), (0.445, 0, 0.8955, 0), (-0.3605, 0, 0.9327, 0), (-0.1025, 0, 0.9947, 0), (0.4629, 0, 0.8864, 0), (0.7901, 0, 0.6129, 0), (-0.9869, 0, 0.1614, 0), (0.918, 0, 0.3966, 0), (-0.8244, 0, 0.566, 0), (0.4251, 0, 0.9052, 0), (-0.4492, 0, 0.8935, 0), (0.8009, 0, 0.5988, 0), (-0.9967, 0, 0.0812, 0), (0.3903, 0, 0.9207, 0), (-0.8926, 0, 0.4508, 0), (1, 0, 0.0019, 0), (-0.3738, 0, 0.9275, 0), (0.879, 0, 0.4769, 0), (0.2593, 0, 0.9658, 0), (-0.9304, 0, 0.3666, 0), (0.8446, 0, 0.5353, 0), (0.7948, 0, 0.6069, 0), (0.9851, 0, 0.1718, 0), (0.9283, 0, 0.3719, 0), (0.9779, 0, 0.209, 0), (0.9293, 0, 0.3694, 0), (0.2299, 0, 0.9732, 0), (-0.6477, 0, 0.7619, 0), (-0.7302, 0, 0.6833, 0), (-0.4735, 0, 0.8808, 0), (-0.9324, 0, 0.3613, 0), (0.4901, 0, 0.8717, 0), (0.9931, 0, 0.1172, 0), (-0.9764, 0, 0.2158, 0), (-0.0869, 0, 0.9962, 0), (-0.1444, 0, 0.9895, 0), (0.9753, 0, 0.2209, 0), (-0.4955, 0, 0.8686, 0), (-0.6708, 0, 0.7416, 0), (-0.9724, 0, 0.2332, 0), (-0.6448, 0, 0.7643, 0), (-0.9366, 0, 0.3505, 0), (0.2834, 0, 0.959, 0), (0.7203, 0, 0.6937, 0), (0.6148, 0, 0.7887, 0), (-0.835, 0, 0.5503, 0), (-0.9609, 0, 0.277, 0), (0.9499, 0, 0.3125, 0), (0.9905, 0, 0.1372, 0), (0.7155, 0, 0.6986, 0), (-0.9038, 0, 0.428, 0), (-0.9587, 0, 0.2845, 0), (-0.8287, 0, 0.5597, 0), (-0.7442, 0, 0.6679, 0), (0.8754, 0, 0.4833, 0), (-0.5483, 0, 0.8363, 0), (-0.4353, 0, 0.9003, 0), (0.1529, 0, 0.9882, 0), (0.8814, 0, 0.4724, 0), (0.7494, 0, 0.6621, 0), (-0.7095, 0, 0.7047, 0), (0.7365, 0, 0.6764, 0), (-0.4256, 0, 0.9049, 0), (-0.3001, 0, 0.9539, 0), (0.6097, 0, 0.7926, 0), (-0.9969, 0, 0.0783, 0), (-0.3248, 0, 0.9458, 0), (0.9298, 0, 0.3681, 0), (0.1523, 0, 0.9883, 0), (-0.9773, 0, 0.2116, 0), (-0.8256, 0, 0.5642, 0), (0.1089, 0, 0.9941, 0), (0.8767, 0, 0.481, 0), (0.9994, 0, 0.0351, 0), (0.0072, 0, 1, 0), (0.295, 0, 0.9555, 0), (-0.9383, 0, 0.3457, 0), (-0.5719, 0, 0.8203, 0), (0.3128, 0, 0.9498, 0), (0.9929, 0, 0.1191, 0), (0.7732, 0, 0.6342, 0), (0.8015, 0, 0.598, 0), (-0.9611, 0, 0.2762, 0), (0.372, 0, 0.9282, 0), (-0.9866, 0, 0.163, 0), (0.8458, 0, 0.5336, 0), (0.3966, 0, 0.918, 0), (0.9772, 0, 0.2123, 0), (-0.9819, 0, 0.1896, 0), (-0.9966, 0, 0.0828, 0), (-0.3451, 0, 0.9386, 0), (-0.9907, 0, 0.1362, 0), (-0.623, 0, 0.7822, 0), (0.9404, 0, 0.3402, 0), (-0.7607, 0, 0.649, 0), (-0.7894, 0, 0.6138, 0), (-0.6232, 0, 0.7821, 0), (-0.9996, 0, 0.029, 0), (-0.2491, 0, 0.9685, 0), (-0.6175, 0, 0.7866, 0), (0.156, 0, 0.9878, 0), (-0.0931, 0, 0.9957, 0), (-0.9903, 0, 0.1392, 0), (-0.9605, 0, 0.2783, 0), (-0.2095, 0, 0.9778, 0), (-0.7916, 0, 0.611, 0), (-0.9789, 0, 0.2043, 0), (-0.2521, 0, 0.9677, 0), (0.7492, 0, 0.6623, 0), (0.8485, 0, 0.5292, 0), (-0.7012, 0, 0.7129, 0), (-0.8123, 0, 0.5832, 0), (1, 0, 0.0091, 0), (-0.1474, 0, 0.9891, 0), (-0.4741, 0, 0.8805, 0), (0.7988, 0, 0.6016, 0), (0.047, 0, 0.9989, 0), (-0.9435, 0, 0.3313, 0), (-0.9558, 0, 0.294, 0), (0.6181, 0, 0.7861, 0), (0.3817, 0, 0.9243, 0), (-0.9992, 0, 0.0394, 0), (0.6175, 0, 0.7866, 0), (-0.0802, 0, 0.9968, 0), (-0.0227, 0, 0.9997, 0), (0.9633, 0, 0.2683, 0), (0.3202, 0, 0.9473, 0), (0.1872, 0, 0.9823, 0), (-0.9989, 0, 0.047, 0), (-0.9355, 0, 0.3532, 0), (-0.9649, 0, 0.2627, 0), (0.2847, 0, 0.9586, 0), (-0.1763, 0, 0.9843, 0), (-0.9744, 0, 0.2249, 0), (-0.7597, 0, 0.6503, 0), (0.4899, 0, 0.8718, 0), (-0.4794, 0, 0.8776, 0), (-0.9953, 0, 0.0965, 0), (-0.6048, 0, 0.7964, 0), (-0.9484, 0, 0.3169, 0), (-0.7697, 0, 0.6384, 0), (-0.1286, 0, 0.9917, 0), (-0.816, 0, 0.5781, 0), (-0.9738, 0, 0.2272, 0), (-0.2307, 0, 0.973, 0), (-0.9967, 0, 0.081, 0), (0.6677, 0, 0.7444, 0), (-0.4223, 0, 0.9064, 0), (-0.9699, 0, 0.2436, 0), (0.9932, 0, 0.1162, 0), (0.9961, 0, 0.0881, 0), (0.0331, 0, 0.9995, 0), (0.9884, 0, 0.1522, 0), (0.9779, 0, 0.209, 0), (-0.1834, 0, 0.983, 0), (-0.552, 0, 0.8339, 0), (-0.178, 0, 0.984, 0), (0.8102, 0, 0.5862, 0), (0.3023, 0, 0.9532, 0), (-0.5226, 0, 0.8526, 0), (0.7838, 0, 0.621, 0), (0.9802, 0, 0.1979, 0), (-0.8423, 0, 0.539, 0), (0.7398, 0, 0.6728, 0), (0.9646, 0, 0.2635, 0), (0.8823, 0, 0.4706, 0), (-0.7331, 0, 0.6801, 0), (-0.3045, 0, 0.9525, 0), (0.6695, 0, 0.7428, 0), (0.9303, 0, 0.3669, 0), (0.5091, 0, 0.8607, 0), (-0.9596, 0, 0.2813, 0), (0.4958, 0, 0.8685, 0), (-0.2465, 0, 0.9691, 0), (-0.1535, 0, 0.9881, 0), (-0.837, 0, 0.5472, 0), (0.9997, 0, 0.0251, 0), (0.9937, 0, 0.1122, 0), (-0.5156, 0, 0.8568, 0), (-0.1524, 0, 0.9883, 0), (0.1707, 0, 0.9853, 0), (-0.5817, 0, 0.8134, 0), (-0.539, 0, 0.8423, 0), (-0.1759, 0, 0.9844, 0), (-0.4291, 0, 0.9033, 0), (0.7547, 0, 0.6561, 0), (0.8247, 0, 0.5656, 0), (-0.4763, 0, 0.8793, 0), (0.4303, 0, 0.9027, 0), (-0.9994, 0, 0.0337, 0), (0.8706, 0, 0.492, 0), (0.946, 0, 0.3241, 0), (0.9149, 0, 0.4038, 0), (0.0138, 0, 0.9999, 0), (-0.3308, 0, 0.9437, 0), (-0.919, 0, 0.3942, 0), (0.9098, 0, 0.415, 0), (0.9739, 0, 0.2271, 0), (-0.596, 0, 0.803, 0), (-0.1346, 0, 0.9909, 0), (0.3771, 0, 0.9262, 0), (-0.4698, 0, 0.8828, 0), (-0.6692, 0, 0.7431, 0), (0.7408, 0, 0.6717, 0), (0.9407, 0, 0.3392, 0), (-0.9996, 0, 0.0292, 0), (-0.24, 0, 0.9708, 0), (-0.9997, 0, 0.0244, 0), (-0.5162, 0, 0.8565, 0), (-0.7355, 0, 0.6775, 0), (0.4039, 0, 0.9148, 0), (-0.2365, 0, 0.9716, 0), (-0.9917, 0, 0.1287, 0), (-0.9945, 0, 0.1051, 0), (0.7854, 0, 0.619, 0), (0.2395, 0, 0.9709, 0), (-0.143, 0, 0.9897, 0), (-0.6172, 0, 0.7868, 0), (0.1758, 0, 0.9844, 0), (-0.4969, 0, 0.8678, 0), (-0.9062, 0, 0.4229, 0), (0.9974, 0, 0.0727, 0), (0.9986, 0, 0.052, 0), (-0.9271, 0, 0.3747, 0), (0.8181, 0, 0.5751, 0), (0.9717, 0, 0.2363, 0), (0.1978, 0, 0.9802, 0), (-0.7561, 0, 0.6544, 0), (0.989, 0, 0.1478, 0), (0.737, 0, 0.6759, 0), (0.5516, 0, 0.8341, 0), (-0.3887, 0, 0.9214, 0), (-0.9269, 0, 0.3754, 0), (0.4799, 0, 0.8773, 0), (0.9614, 0, 0.2751, 0), (0.5591, 0, 0.8291, 0), (-0.8126, 0, 0.5829, 0), (-0.9481, 0, 0.318, 0), (0.967, 0, 0.2548, 0), (0.4697, 0, 0.8828, 0), (0.3488, 0, 0.9372, 0), (0.9566, 0, 0.2915, 0), (-0.8269, 0, 0.5624, 0), (-0.7538, 0, 0.6571, 0), (0.9884, 0, 0.152, 0), (0.8075, 0, 0.5899, 0), (-0.4532, 0, 0.8914, 0), (-0.0662, 0, 0.9978, 0), (-0.087, 0, 0.9962, 0), (-0.3246, 0, 0.9459, 0), (-0.2674, 0, 0.9636, 0), (-0.5184, 0, 0.8551, 0), (0.9855, 0, 0.1694, 0), (-0.4263, 0, 0.9046, 0), (-0.9124, 0, 0.4093, 0), (0.5632, 0, 0.8263, 0), (0.1218, 0, 0.9926, 0), (0.6317, 0, 0.7752, 0), (0.4091, 0, 0.9125, 0), (-0.8892, 0, 0.4575, 0), (-0.7725, 0, 0.635, 0), (0.1789, 0, 0.9839, 0), (-0.4342, 0, 0.9008, 0), (0.8824, 0, 0.4705, 0), (-0.9558, 0, 0.2939, 0), (-0.7102, 0, 0.704, 0), (-0.5511, 0, 0.8344, 0), (-0.0634, 0, 0.998, 0), (0.5706, 0, 0.8212, 0), (0.1569, 0, 0.9876, 0), (-0.6609, 0, 0.7505, 0), (-0.0473, 0, 0.9989, 0), (-0.9894, 0, 0.1452, 0), (-0.9742, 0, 0.2255, 0), (-0.9609, 0, 0.2769, 0), (0.6293, 0, 0.7772, 0), (0.9702, 0, 0.2422, 0), (0.4362, 0, 0.8998, 0), (-0.4171, 0, 0.9089, 0), (-0.817, 0, 0.5767, 0), (0.8197, 0, 0.5728, 0), (-0.4603, 0, 0.8878, 0), (0.7173, 0, 0.6968, 0), (-0.5529, 0, 0.8332, 0), (0.9948, 0, 0.1021, 0), (1, 0, 0.008, 0), (-0.9391, 0, 0.3436, 0), (0.2324, 0, 0.9726, 0), (0.322, 0, 0.9467, 0), (0.1734, 0, 0.9849, 0), (-0.829, 0, 0.5593, 0), (-0.2135, 0, 0.9769, 0), (0.1421, 0, 0.9899, 0), (-0.75, 0, 0.6615, 0), (0.0507, 0, 0.9987, 0), (0.7794, 0, 0.6265, 0), (0.7702, 0, 0.6378, 0), (-0.3717, 0, 0.9284, 0), (-0.2288, 0, 0.9735, 0), (0.9813, 0, 0.1926, 0), (0.6563, 0, 0.7545, 0), (-0.9442, 0, 0.3293, 0), (-0.151, 0, 0.9885, 0), (0.4649, 0, 0.8854, 0), (0.0523, 0, 0.9986, 0), (0.7077, 0, 0.7065, 0), (0.6762, 0, 0.7367, 0), (0.7899, 0, 0.6133, 0), (-0.95, 0, 0.3121, 0), (0.4752, 0, 0.8799, 0), (-0.9801, 0, 0.1985, 0), (0.1802, 0, 0.9836, 0), (-0.3467, 0, 0.938, 0), (0.3082, 0, 0.9513, 0), (-0.433, 0, 0.9014, 0), (-0.9825, 0, 0.1865, 0), (-0.9622, 0, 0.2724, 0), (0.6831, 0, 0.7303, 0), (0.9026, 0, 0.4305, 0), (0.6304, 0, 0.7763, 0), (0.9843, 0, 0.1767, 0), (-0.9081, 0, 0.4187, 0), (-0.449, 0, 0.8935, 0), (-0.757, 0, 0.6534, 0), (0.9736, 0, 0.2282, 0), (0.5034, 0, 0.864, 0), (-0.9389, 0, 0.3442, 0), (-0.8363, 0, 0.5482, 0), (-0.4813, 0, 0.8766, 0), (0.9761, 0, 0.2173, 0), (0.2381, 0, 0.9712, 0), (-0.7303, 0, 0.6832, 0), (0.5363, 0, 0.844, 0), (0.0402, 0, 0.9992, 0), (-0.8846, 0, 0.4664, 0), (-0.4073, 0, 0.9133, 0), (-0.851, 0, 0.5252, 0), (0.9963, 0, 0.0861, 0), (0.9982, 0, 0.0602, 0), (-0.9816, 0, 0.1908, 0), (0.9422, 0, 0.3349, 0), (0.9929, 0, 0.119, 0), (0.5607, 0, 0.828, 0), (-0.1134, 0, 0.9935, 0), (-0.3906, 0, 0.9206, 0), (0.7792, 0, 0.6268, 0), (-0.3063, 0, 0.9519, 0), (-0.96, 0, 0.2801, 0), (0.8371, 0, 0.5471, 0), (-0.9999, 0, 0.016, 0), (-0.8548, 0, 0.5189, 0), (0.9136, 0, 0.4066, 0), (-0.3955, 0, 0.9185, 0), (-0.2252, 0, 0.9743, 0), (-0.1862, 0, 0.9825, 0), (0.1592, 0, 0.9872, 0), (-0.1179, 0, 0.993, 0), (-0.9967, 0, 0.0816, 0), (-0.8846, 0, 0.4664, 0), (-0.8746, 0, 0.4848, 0), (0.0475, 0, 0.9989, 0), (0.1861, 0, 0.9825, 0), (-0.9818, 0, 0.1897, 0), (0.3638, 0, 0.9315, 0), (-0.1763, 0, 0.9843, 0), (0.4034, 0, 0.915, 0), (0.8519, 0, 0.5237, 0), (0.1816, 0, 0.9834, 0), (0.0666, 0, 0.9978, 0), (0.2333, 0, 0.9724, 0), (-0.6241, 0, 0.7814, 0), (0.9659, 0, 0.2587, 0), (0.4908, 0, 0.8713, 0), (-0.9757, 0, 0.2189, 0), (-0.4082, 0, 0.9129, 0), (0.9473, 0, 0.3205, 0), (-0.6898, 0, 0.724, 0), (-0.6595, 0, 0.7517, 0), (0.9388, 0, 0.3445, 0), (0.6452, 0, 0.764, 0), (0.2077, 0, 0.9782, 0), (0.9735, 0, 0.2288, 0), (0.9981, 0, 0.0609, 0), (0.6729, 0, 0.7397, 0), (-0.9226, 0, 0.3858, 0), (-0.6754, 0, 0.7375, 0), (-0.5276, 0, 0.8495, 0), (0.4442, 0, 0.8959, 0), (0.9379, 0, 0.3468, 0), (-0.7258, 0, 0.6879, 0), (0.5956, 0, 0.8032, 0), (0.9475, 0, 0.3198, 0), (0.5141, 0, 0.8578, 0), (-0.816, 0, 0.578, 0), (0.9285, 0, 0.3713, 0), (0.9785, 0, 0.2063, 0), (-0.9438, 0, 0.3304, 0), (-0.5964, 0, 0.8027, 0), (0.0149, 0, 0.9999, 0), (-0.8656, 0, 0.5007, 0), (-0.1418, 0, 0.9899, 0), (0.3171, 0, 0.9484, 0), (-0.9365, 0, 0.3507, 0), (-0.2802, 0, 0.96, 0), (-0.6763, 0, 0.7366, 0), (0.6362, 0, 0.7715, 0), (0.716, 0, 0.6981, 0), (0.9541, 0, 0.2994, 0), (-0.938, 0, 0.3467, 0), (-0.9714, 0, 0.2374, 0), (0.4529, 0, 0.8915, 0), (-0.8897, 0, 0.4565, 0), (-0.8352, 0, 0.5499, 0), (-0.5024, 0, 0.8647, 0), (-0.9377, 0, 0.3473, 0), (-0.8143, 0, 0.5804, 0), (-0.7677, 0, 0.6409, 0), (0.1896, 0, 0.9819, 0), (0.884, 0, 0.4674, 0), (-0.4224, 0, 0.9064, 0), (-0.798, 0, 0.6027, 0), (0.4171, 0, 0.9089, 0), (-0.916, 0, 0.4013, 0), (0.8755, 0, 0.4833, 0), (0.1271, 0, 0.9919, 0), (0.8967, 0, 0.4426, 0), (-0.832, 0, 0.5547, 0), (0.8699, 0, 0.4933, 0), (-0.6361, 0, 0.7716, 0), (0.2293, 0, 0.9734, 0), (-0.9677, 0, 0.2521, 0), (0.949, 0, 0.3152, 0), (-0.0391, 0, 0.9992, 0), (-0.8589, 0, 0.5122, 0), (-0.9811, 0, 0.1934, 0), (-0.425, 0, 0.9052, 0), (-0.4832, 0, 0.8755, 0), (0.5716, 0, 0.8205, 0), (-0.8816, 0, 0.472, 0), (0.4437, 0, 0.8962, 0), (-0.9963, 0, 0.0854, 0), (0.4648, 0, 0.8854, 0), (0.9468, 0, 0.3218, 0), (-0.9349, 0, 0.355, 0), (0.6557, 0, 0.7551, 0), (0.3273, 0, 0.9449, 0), (-0.5943, 0, 0.8043, 0), (-0.7715, 0, 0.6363, 0), (-0.2379, 0, 0.9713, 0), (0.9408, 0, 0.339, 0), (0.9981, 0, 0.0613, 0), (0.0396, 0, 0.9992, 0), (0.3728, 0, 0.9279, 0), (0.3558, 0, 0.9346, 0), (0.9788, 0, 0.2048, 0), (0.2516, 0, 0.9678, 0), (0.7634, 0, 0.6459, 0), (-0.8888, 0, 0.4583, 0), (0.8182, 0, 0.575, 0), (0.9995, 0, 0.0305, 0), (-0.4234, 0, 0.906, 0), (0.4332, 0, 0.9013, 0), (-0.8848, 0, 0.4659, 0), (0.0895, 0, 0.996, 0), (0.8652, 0, 0.5014, 0), (0.9132, 0, 0.4075, 0), (-0.0421, 0, 0.9991, 0), (-0.4546, 0, 0.8907, 0), (0.2008, 0, 0.9796, 0), (0.9927, 0, 0.1207, 0), (-0.3659, 0, 0.9307, 0), (0.874, 0, 0.4859, 0), (-0.8407, 0, 0.5415, 0), (-0.8634, 0, 0.5045, 0), (0.9989, 0, 0.0472, 0), (0.3766, 0, 0.9264, 0), (0.8054, 0, 0.5928, 0), (0.2887, 0, 0.9574, 0), (0.196, 0, 0.9806, 0), (0.0684, 0, 0.9977, 0), (0.694, 0, 0.72, 0), (-0.8577, 0, 0.5141, 0), (0.1014, 0, 0.9949, 0), (0.643, 0, 0.7659, 0), (-0.1372, 0, 0.9905, 0), (0.9833, 0, 0.1822, 0), (0.9116, 0, 0.4111, 0), (-0.7289, 0, 0.6846, 0), (-0.7465, 0, 0.6654, 0), (0.6402, 0, 0.7682, 0), (0.6996, 0, 0.7146, 0), (0.9479, 0, 0.3186, 0), (0.7346, 0, 0.6785, 0), (-0.6008, 0, 0.7994, 0), (-0.7134, 0, 0.7007, 0), (-0.5423, 0, 0.8402, 0), (0.285, 0, 0.9585, 0), (-0.2962, 0, 0.9551, 0), (-0.0074, 0, 1, 0), (0.9975, 0, 0.0708, 0), (0.7858, 0, 0.6185, 0), (0.4093, 0, 0.9124, 0), (-0.9437, 0, 0.3307, 0), (0.0391, 0, 0.9992, 0), (-0.9295, 0, 0.3689, 0), (-0.4428, 0, 0.8966, 0), (0.4626, 0, 0.8866, 0), (-0.2402, 0, 0.9707, 0), (0.9565, 0, 0.2917, 0), (-0.6816, 0, 0.7317, 0), (0.6809, 0, 0.7323, 0), (0.5451, 0, 0.8384, 0), (-0.8215, 0, 0.5702, 0), (0.0789, 0, 0.9969, 0), (-0.7073, 0, 0.7069, 0), (-0.9727, 0, 0.2322, 0), (-0.9133, 0, 0.4074, 0), (0.9923, 0, 0.1236, 0), (0.2883, 0, 0.9575, 0), (0.9999, 0, 0.0172, 0), (-0.2145, 0, 0.9767, 0), (0.8959, 0, 0.4444, 0), (-0.6875, 0, 0.7262, 0), (-0.5661, 0, 0.8243, 0), (0.6548, 0, 0.7558, 0), (-0.6216, 0, 0.7834, 0), (-0.2048, 0, 0.9788, 0), (0.9956, 0, 0.0941, 0), (0.2149, 0, 0.9766, 0), (-0.6532, 0, 0.7572, 0), (-0.8954, 0, 0.4452, 0), (0.8378, 0, 0.5459, 0), (0.9884, 0, 0.1522, 0), (0.8077, 0, 0.5896, 0), (0.9055, 0, 0.4243, 0), (-0.9924, 0, 0.1227, 0), (0.8857, 0, 0.4643, 0), (0.9456, 0, 0.3254, 0), (-0.3352, 0, 0.9421, 0), (0.42, 0, 0.9075, 0), (-0.5085, 0, 0.861, 0), (0.6088, 0, 0.7933, 0), (-0.9986, 0, 0.0522, 0), (-0.0505, 0, 0.9987, 0), (-0.5237, 0, 0.8519, 0), (-0.998, 0, 0.0632, 0), (-0.9016, 0, 0.4327, 0), (-0.7995, 0, 0.6006, 0), (0.1663, 0, 0.9861, 0), (-0.4119, 0, 0.9112, 0), (-0.4581, 0, 0.8889, 0), (0.1798, 0, 0.9837, 0), (-0.7409, 0, 0.6716, 0), (-0.6884, 0, 0.7254, 0), (-0.7459, 0, 0.666, 0), (-0.9461, 0, 0.3239, 0), (0.8102, 0, 0.5862, 0), (-0.4393, 0, 0.8984, 0), (0.6394, 0, 0.7689, 0), (0.9227, 0, 0.3855, 0), (-0.1508, 0, 0.9886, 0), (-0.0973, 0, 0.9953, 0), (0.0384, 0, 0.9993, 0), (0.9797, 0, 0.2003, 0), (-0.5846, 0, 0.8113, 0), (-0.778, 0, 0.6283, 0), (0.9415, 0, 0.3369, 0), (0.5227, 0, 0.8525, 0), (-0.5607, 0, 0.828, 0), (-0.0223, 0, 0.9998, 0), (0.9992, 0, 0.0405, 0), (0.9901, 0, 0.1405, 0), (0.9504, 0, 0.311, 0), (-0.3356, 0, 0.942, 0), (0.6638, 0, 0.7479, 0), (0.6218, 0, 0.7831, 0), (0.6982, 0, 0.7159, 0), (-0.8911, 0, 0.4537, 0), (0.205, 0, 0.9788, 0), (-0.9886, 0, 0.1503, 0), (-0.5682, 0, 0.8229, 0), (0.6274, 0, 0.7787, 0), (-0.8555, 0, 0.5178, 0), (0.9873, 0, 0.1586, 0), (-0.9963, 0, 0.0863, 0), (0.6829, 0, 0.7305, 0), (-0.9356, 0, 0.3531, 0), (0.5551, 0, 0.8318, 0), (-0.266, 0, 0.964, 0), (0.5196, 0, 0.8544, 0), (0.3658, 0, 0.9307, 0), (0.9946, 0, 0.1034, 0), (-0.8374, 0, 0.5465, 0), (-0.8427, 0, 0.5384, 0), (-0.9513, 0, 0.3084, 0), (0.5235, 0, 0.852, 0), (0.9997, 0, 0.0237, 0), (-0.8694, 0, 0.494, 0), (-0.4199, 0, 0.9076, 0), (0.4574, 0, 0.8893, 0), (0.392, 0, 0.92, 0), (-0.3111, 0, 0.9504, 0), (-0.1822, 0, 0.9833, 0), (-0.8186, 0, 0.5744, 0), (0.9154, 0, 0.4025, 0), (-0.9603, 0, 0.2791, 0), (0.2017, 0, 0.9795, 0), (0.0797, 0, 0.9968, 0), (-0.6318, 0, 0.7751, 0), (-0.6461, 0, 0.7633, 0), (-0.5258, 0, 0.8506, 0), (-0.0942, 0, 0.9956, 0), (-0.8068, 0, 0.5908, 0), (0.9767, 0, 0.2147, 0), (-0.2465, 0, 0.9691, 0), (0.8666, 0, 0.499, 0), (-0.9965, 0, 0.083, 0), (0.9104, 0, 0.4137, 0), (0.2877, 0, 0.9577, 0), (0.1696, 0, 0.9855, 0), (-0.7558, 0, 0.6548, 0), (0.8878, 0, 0.4602, 0), (-0.3971, 0, 0.9178, 0), (0.3135, 0, 0.9496, 0), (-0.5817, 0, 0.8134, 0), (-0.2076, 0, 0.9782, 0), (0.2855, 0, 0.9584, 0), (0.1031, 0, 0.9947, 0), (0.3765, 0, 0.9264, 0), (-0.2768, 0, 0.9609, 0), (-0.7896, 0, 0.6136, 0), (0.9719, 0, 0.2352, 0), (-0.9799, 0, 0.1994, 0), (-0.9043, 0, 0.4269, 0), (0.1402, 0, 0.9901, 0), (0.9034, 0, 0.4287, 0), (0.6896, 0, 0.7242, 0), (-0.8863, 0, 0.463, 0), (-0.506, 0, 0.8626, 0), (0.2887, 0, 0.9574, 0), (0.925, 0, 0.38, 0), (-0.9192, 0, 0.3938, 0), (0.2117, 0, 0.9773, 0), (-0.3329, 0, 0.943, 0), (-0.2959, 0, 0.9552, 0), (-0.5625, 0, 0.8268, 0), (-0.9867, 0, 0.1628, 0), (0.999, 0, 0.0448, 0), (-0.3515, 0, 0.9362, 0), (-0.3671, 0, 0.9302, 0), (-0.564, 0, 0.8258, 0), (0.5654, 0, 0.8248, 0), (0.9983, 0, 0.0577, 0), (-0.6544, 0, 0.7561, 0), (-0.9316, 0, 0.3634, 0), (-0.8585, 0, 0.5129, 0), (0.8908, 0, 0.4544, 0), (-0.8505, 0, 0.526, 0), (-0.1529, 0, 0.9882, 0), (0.3141, 0, 0.9494, 0), (0.1512, 0, 0.9885, 0), (-0.5388, 0, 0.8424, 0), (0.9122, 0, 0.4096, 0), (-0.8179, 0, 0.5753, 0), (-0.4303, 0, 0.9027, 0), (0.139, 0, 0.9903, 0), (-0.4692, 0, 0.8831, 0), (-0.2779, 0, 0.9606, 0), (-0.2269, 0, 0.9739, 0), (0.9898, 0, 0.1425, 0), (-0.6306, 0, 0.7761, 0), (0.9727, 0, 0.2321, 0), (0.2415, 0, 0.9704, 0), (0.387, 0, 0.9221, 0), (0.5758, 0, 0.8176, 0), (0.7095, 0, 0.7047, 0), (-0.5018, 0, 0.865, 0), (-0.2736, 0, 0.9618, 0), (-0.9877, 0, 0.1566, 0), (-0.9229, 0, 0.3851, 0), (0.7952, 0, 0.6063, 0), (-0.8798, 0, 0.4754, 0), (0.7828, 0, 0.6223, 0), (0.6895, 0, 0.7243, 0), (0.3041, 0, 0.9527, 0), (0.7233, 0, 0.6905, 0), (-0.9439, 0, 0.3303, 0), (-0.997, 0, 0.078, 0), (-0.8464, 0, 0.5325, 0), (-0.7799, 0, 0.6258, 0), (-0.7356, 0, 0.6774, 0), (0.9686, 0, 0.2485, 0), (-0.9979, 0, 0.0654, 0), (0.1633, 0, 0.9866, 0), (0.7266, 0, 0.687, 0), (0.4662, 0, 0.8847, 0), (-0.3064, 0, 0.9519, 0), (0.9312, 0, 0.3645, 0), (0.2054, 0, 0.9787, 0), (0.2056, 0, 0.9786, 0), (-0.022, 0, 0.9998, 0), (-0.6426, 0, 0.7662, 0), (0.2458, 0, 0.9693, 0), (-0.9171, 0, 0.3985, 0), (-0.9273, 0, 0.3742, 0), (0.9133, 0, 0.4073, 0), (0.6823, 0, 0.7311, 0), (0.7622, 0, 0.6473, 0), (0.9938, 0, 0.1114, 0), (-0.7722, 0, 0.6354, 0), (0.9719, 0, 0.2352, 0), (-0.2973, 0, 0.9548, 0), (-0.9584, 0, 0.2856, 0), (0.9046, 0, 0.4263, 0), (-0.0977, 0, 0.9952, 0), (0.4651, 0, 0.8853, 0), (-0.9656, 0, 0.2599, 0), (0.7458, 0, 0.6662, 0), (0.2025, 0, 0.9793, 0), (-0.5168, 0, 0.8561, 0), (0.1223, 0, 0.9925, 0), (0.3674, 0, 0.9301, 0), (0.6744, 0, 0.7384, 0), (-0.2773, 0, 0.9608, 0), (-0.6864, 0, 0.7272, 0), (0.3768, 0, 0.9263, 0), (-0.9412, 0, 0.3379, 0), (-0.8824, 0, 0.4705, 0), (0.1536, 0, 0.9881, 0), (-0.9926, 0, 0.1214, 0), (0.6689, 0, 0.7433, 0), (0.7992, 0, 0.6011, 0), (0.3888, 0, 0.9213, 0), (-0.0459, 0, 0.9989, 0), (-0.9422, 0, 0.3351, 0), (-0.6827, 0, 0.7307, 0), (0.3184, 0, 0.9479, 0), (-0.9811, 0, 0.1934, 0), (0.9596, 0, 0.2815, 0), (0.1584, 0, 0.9874, 0), (0.841, 0, 0.5411, 0), (0.0128, 0, 0.9999, 0), (0.8245, 0, 0.5658, 0), (-0.7374, 0, 0.6755, 0), (-0.7688, 0, 0.6395, 0), (-0.5156, 0, 0.8568, 0), (-0.1615, 0, 0.9869, 0), (0.2385, 0, 0.9711, 0), (0.13, 0, 0.9915, 0), (-0.0045, 0, 1, 0), (-0.1111, 0, 0.9938, 0), (-0.9851, 0, 0.1718, 0), (0.8158, 0, 0.5783, 0), (0.9338, 0, 0.3578, 0), (-0.9585, 0, 0.285, 0), (0.7592, 0, 0.6508, 0), (-0.0045, 0, 1, 0), (0.6423, 0, 0.7664, 0), (0.994, 0, 0.1095, 0), (-0.932, 0, 0.3625, 0), (-0.9723, 0, 0.2335, 0), (-0.9178, 0, 0.397, 0), (-0.5204, 0, 0.8539, 0), (-0.0337, 0, 0.9994, 0), (0.0251, 0, 0.9997, 0), (0.8888, 0, 0.4583, 0), (-0.6094, 0, 0.7929, 0), (-0.981, 0, 0.1941, 0), (0.4724, 0, 0.8814, 0), (0.1105, 0, 0.9939, 0), (0.9992, 0, 0.039, 0), (0.6255, 0, 0.7802, 0), (-0.839, 0, 0.5441, 0), (-0.8278, 0, 0.561, 0), (-0.9881, 0, 0.1536, 0), (0.9998, 0, 0.0203, 0), (-0.4698, 0, 0.8828, 0), (0.8534, 0, 0.5213, 0), (0.9774, 0, 0.2114, 0), (-0.6649, 0, 0.7469, 0), (-0.8428, 0, 0.5382, 0), (-0.8628, 0, 0.5055, 0), (0.5773, 0, 0.8165, 0), (-0.8265, 0, 0.563, 0), (-0.999, 0, 0.0451, 0), (-0.9339, 0, 0.3576, 0), (-0.9271, 0, 0.3749, 0), (0.7417, 0, 0.6708, 0), (0.9348, 0, 0.3551, 0), (0.8372, 0, 0.5469, 0), (0.7949, 0, 0.6068, 0), (-0.1796, 0, 0.9837, 0), (-0.6773, 0, 0.7357, 0), (0.7682, 0, 0.6402, 0), (0.6849, 0, 0.7287, 0), (0.9787, 0, 0.2052, 0), (-0.4048, 0, 0.9144, 0), (-0.5358, 0, 0.8443, 0), (0.7894, 0, 0.6138, 0), (0.105, 0, 0.9945, 0), (-0.5183, 0, 0.8552, 0), (0.2038, 0, 0.979, 0), (-0.8201, 0, 0.5722, 0), (-0.3147, 0, 0.9492, 0), (-0.1323, 0, 0.9912, 0), (0.6694, 0, 0.7429, 0), (-0.1079, 0, 0.9942, 0), (-0.7827, 0, 0.6224, 0), (0.2435, 0, 0.9699, 0), (0.8733, 0, 0.4872, 0), (0.9642, 0, 0.2652, 0), (-0.9519, 0, 0.3063, 0), (0.5396, 0, 0.8419, 0), (0.1318, 0, 0.9913, 0), (-0.179, 0, 0.9839, 0), (-0.1621, 0, 0.9868, 0), (0.4108, 0, 0.9117, 0), (0.9759, 0, 0.2183, 0), (0.8741, 0, 0.4858, 0), (0.6108, 0, 0.7918, 0), (0.737, 0, 0.6758, 0), (0.9729, 0, 0.2313, 0), (-0.8955, 0, 0.4451, 0), (-0.9537, 0, 0.3007, 0), (0.3479, 0, 0.9375, 0), (0.1751, 0, 0.9845, 0), (-0.8737, 0, 0.4865, 0), (-0.7532, 0, 0.6578, 0), (-0.2609, 0, 0.9654, 0), (-0.5923, 0, 0.8057, 0), (-0.7098, 0, 0.7044, 0), (-0.8857, 0, 0.4643, 0), (-0.2005, 0, 0.9797, 0), (0.9909, 0, 0.1344, 0), (0.9788, 0, 0.2047, 0), (-0.9463, 0, 0.3233, 0), (0.2083, 0, 0.9781, 0), (-0.8435, 0, 0.5371, 0), (0.3384, 0, 0.941, 0), (0.1575, 0, 0.9875, 0), (-0.9939, 0, 0.1101, 0), (-0.9987, 0, 0.0516, 0), (0.7323, 0, 0.681, 0), (0.9927, 0, 0.1203, 0), (0.382, 0, 0.9242, 0), (0.3657, 0, 0.9307, 0), (0.5196, 0, 0.8544, 0), (0.0363, 0, 0.9993, 0), (-0.0513, 0, 0.9987, 0), (-0.2021, 0, 0.9794, 0), (0.9839, 0, 0.1785, 0), (0.976, 0, 0.2177, 0), (-0.0185, 0, 0.9998, 0), (0.8261, 0, 0.5635, 0), (-0.9982, 0, 0.06, 0), (0.6892, 0, 0.7246, 0), (-0.3116, 0, 0.9502, 0), (0.4172, 0, 0.9088, 0), (0.428, 0, 0.9038, 0), (0.6372, 0, 0.7707, 0), (-0.957, 0, 0.2902, 0), (0.2455, 0, 0.9694, 0), (-0.7362, 0, 0.6767, 0), (0.9922, 0, 0.1245, 0), (0.8052, 0, 0.5931, 0), (0.443, 0, 0.8965, 0), (0.0339, 0, 0.9994, 0), (-0.6408, 0, 0.7677, 0), (-0.1765, 0, 0.9843, 0), (0.0618, 0, 0.9981, 0), (-0.3678, 0, 0.9299, 0), (0.2989, 0, 0.9543, 0), (-0.8508, 0, 0.5254, 0), (-0.8695, 0, 0.4939, 0), (0.1899, 0, 0.9818, 0), (1, 0, 0.0097, 0), (0.9709, 0, 0.2394, 0), (0.7888, 0, 0.6146, 0), (0.4642, 0, 0.8857, 0), (0.7346, 0, 0.6785, 0), (-0.658, 0, 0.753, 0), (0.9539, 0, 0.3002, 0), (0.4761, 0, 0.8794, 0), (0.9943, 0, 0.1068, 0), (-0.5094, 0, 0.8605, 0), (0.9837, 0, 0.1798, 0), (-0.1932, 0, 0.9812, 0), (0.9363, 0, 0.3511, 0), (0.0393, 0, 0.9992, 0), (0.6653, 0, 0.7466, 0), (0.6959, 0, 0.7181, 0), (-0.6051, 0, 0.7961, 0), (0.7358, 0, 0.6772, 0), (0.6295, 0, 0.777, 0), (-0.0362, 0, 0.9993, 0), (0.9111, 0, 0.4122, 0), (-0.9999, 0, 0.0146, 0), (-0.0946, 0, 0.9955, 0), (-0.2817, 0, 0.9595, 0), (0.4011, 0, 0.916, 0), (-0.2103, 0, 0.9776, 0), (-0.4547, 0, 0.8907, 0), (-0.7157, 0, 0.6984, 0), (-0.9982, 0, 0.0603, 0), (0.1934, 0, 0.9811, 0), (0.8349, 0, 0.5504, 0), (-0.9547, 0, 0.2976, 0), (-1, 0, 0.0029, 0), (-0.6581, 0, 0.7529, 0), (-0.1877, 0, 0.9822, 0), (-0.7165, 0, 0.6976, 0), (0.9377, 0, 0.3475, 0), (-0.0061, 0, 1, 0), (-0.8995, 0, 0.4369, 0), (0.6739, 0, 0.7389, 0), (0.9959, 0, 0.0907, 0), (-0.6809, 0, 0.7323, 0), (0.7082, 0, 0.706, 0), (0.6762, 0, 0.7367, 0), (0.1435, 0, 0.9897, 0), (-0.9804, 0, 0.1971, 0), (0.546, 0, 0.8378, 0), (-0.9435, 0, 0.3315, 0), (-0.9998, 0, 0.0213, 0), (-1, 0, 0.0013, 0), (-0.2727, 0, 0.9621, 0), (-0.3929, 0, 0.9196, 0), (-0.8612, 0, 0.5083, 0), (0.784, 0, 0.6208, 0), (-0.21, 0, 0.9777, 0), (-0.8, 0, 0.6, 0), (-0.9646, 0, 0.2636, 0), (-0.7613, 0, 0.6484, 0), (0.2992, 0, 0.9542, 0), (-0.9298, 0, 0.3681, 0), (-0.9492, 0, 0.3148, 0), (-0.9683, 0, 0.2496, 0), (0.9988, 0, 0.0483, 0), (-0.8198, 0, 0.5727, 0), (0.6602, 0, 0.7511, 0), (0.3749, 0, 0.9271, 0), (-0.9472, 0, 0.3207, 0), (0.1011, 0, 0.9949, 0), (-0.0175, 0, 0.9998, 0), (-0.8511, 0, 0.525, 0), (0.1502, 0, 0.9887, 0), (0.8788, 0, 0.4771, 0), (0.5361, 0, 0.8441, 0), (0.923, 0, 0.3847, 0), (-0.0795, 0, 0.9968, 0), (0.3213, 0, 0.947, 0), (-0.7293, 0, 0.6842, 0), (0.4331, 0, 0.9013, 0), (0.9107, 0, 0.4131, 0), (-0.9992, 0, 0.0401, 0), (-0.9454, 0, 0.3259, 0), (-0.9899, 0, 0.142, 0), (-0.5492, 0, 0.8357, 0), (-0.8711, 0, 0.4911, 0), (-0.8064, 0, 0.5914, 0), (-0.9555, 0, 0.2951, 0), (-0.4279, 0, 0.9038, 0), (-0.2681, 0, 0.9634, 0), (-0.6097, 0, 0.7926, 0), (0.1976, 0, 0.9803, 0), (-0.8994, 0, 0.4372, 0), (0.1731, 0, 0.9849, 0), (0.8931, 0, 0.4499, 0), (0.2863, 0, 0.9581, 0), (-0.9314, 0, 0.3641, 0), (0.9869, 0, 0.1616, 0), (-0.9948, 0, 0.1016, 0), (0.0922, 0, 0.9957, 0), (0.5581, 0, 0.8298, 0), (0.9373, 0, 0.3486, 0), (-0.9931, 0, 0.1174, 0), (-0.2475, 0, 0.9689, 0), (0.9977, 0, 0.0681, 0), (0.7058, 0, 0.7085, 0), (0.2974, 0, 0.9548, 0), (-0.4373, 0, 0.8993, 0), (0.894, 0, 0.4481, 0), (0.4405, 0, 0.8977, 0), (-0.3872, 0, 0.922, 0), (-0.1623, 0, 0.9867, 0), (0.2618, 0, 0.9651, 0), (0.9053, 0, 0.4247, 0), (-0.4851, 0, 0.8745, 0), (-0.686, 0, 0.7276, 0), (0.7735, 0, 0.6337, 0), (-0.5879, 0, 0.8089, 0), (-0.5831, 0, 0.8124, 0), (-0.9801, 0, 0.1984, 0), (0.765, 0, 0.6441, 0), (0.775, 0, 0.6319, 0), (-0.8132, 0, 0.582, 0), (-0.106, 0, 0.9944, 0), (0.6546, 0, 0.756, 0), (-0.0406, 0, 0.9992, 0), (-0.7396, 0, 0.6731, 0), (0.5311, 0, 0.8473, 0), (1, 0, 0.0002, 0), (0.9945, 0, 0.1046, 0), (0.8765, 0, 0.4815, 0), (0.9723, 0, 0.2339, 0), (-0.8768, 0, 0.4808, 0), (-0.9081, 0, 0.4188, 0), (0.8536, 0, 0.5209, 0), (-0.2816, 0, 0.9595, 0), (-0.4593, 0, 0.8883, 0), (0.9114, 0, 0.4115, 0), (0.7317, 0, 0.6816, 0), (0.656, 0, 0.7548, 0), (0.9971, 0, 0.0764, 0), (0.3435, 0, 0.9392, 0), (0.5741, 0, 0.8188, 0), (0.4398, 0, 0.8981, 0), (-0.7563, 0, 0.6542, 0), (0.9702, 0, 0.2421, 0), (0.8008, 0, 0.599, 0), (0.2945, 0, 0.9556, 0), (0.4387, 0, 0.8987, 0), (-0.8506, 0, 0.5258, 0), (-0.9248, 0, 0.3805, 0), (0.9582, 0, 0.2862, 0), (-0.8307, 0, 0.5567, 0), (0.1845, 0, 0.9828, 0), (0.9999, 0, 0.0111, 0), (-0.9695, 0, 0.2451, 0), (-0.5625, 0, 0.8268, 0), (-0.9263, 0, 0.3767, 0), (0.9655, 0, 0.2604, 0), (0.7513, 0, 0.6599, 0), (0.2913, 0, 0.9566, 0), (-0.6077, 0, 0.7942, 0), (-0.0082, 0, 1, 0), (-0.0084, 0, 1, 0), (-0.6563, 0, 0.7545, 0), (0.8563, 0, 0.5165, 0), (0.8461, 0, 0.533, 0), (0.1292, 0, 0.9916, 0), (0.6247, 0, 0.7809, 0), (0.3276, 0, 0.9448, 0), (0.0864, 0, 0.9963, 0), (-0.8378, 0, 0.546, 0), (-0.7092, 0, 0.705, 0), (0.8654, 0, 0.5011, 0), (-0.0914, 0, 0.9958, 0), (-0.3336, 0, 0.9427, 0), (0.4598, 0, 0.888, 0), (-0.7011, 0, 0.713, 0), (-0.9224, 0, 0.3863, 0), (-0.9295, 0, 0.3689, 0), (0.9896, 0, 0.1439, 0), (-0.319, 0, 0.9477, 0), (-0.6967, 0, 0.7174, 0), (0.2777, 0, 0.9607, 0), (0.2455, 0, 0.9694, 0), (-0.8157, 0, 0.5785, 0), (-0.9883, 0, 0.1523, 0), (0.1151, 0, 0.9934, 0), (-0.3044, 0, 0.9525, 0), (0.9258, 0, 0.378, 0), (-0.9967, 0, 0.0816, 0), (-0.1311, 0, 0.9914, 0), (-0.5587, 0, 0.8293, 0), (-0.9923, 0, 0.1237, 0), (0.7642, 0, 0.645, 0), (-0.5797, 0, 0.8149, 0), (0.0426, 0, 0.9991, 0), (0.8396, 0, 0.5432, 0), (-0.8655, 0, 0.5009, 0), (0.8657, 0, 0.5006, 0), (-0.9432, 0, 0.3323, 0), (0.9999, 0, 0.0173, 0), (-0.8422, 0, 0.5392, 0), (-0.9322, 0, 0.3619, 0), (-0.6307, 0, 0.776, 0), (0.2202, 0, 0.9755, 0), (-0.3065, 0, 0.9519, 0), (0.929, 0, 0.3701, 0), (0.4446, 0, 0.8957, 0), (0.9824, 0, 0.1869, 0), (-0.9904, 0, 0.1379, 0), (0.1341, 0, 0.991, 0), (0.9674, 0, 0.2531, 0), (0.1531, 0, 0.9882, 0), (0.4052, 0, 0.9142, 0), (0.6181, 0, 0.7861, 0), (-0.9492, 0, 0.3145, 0), (0.6697, 0, 0.7426, 0), (0.9999, 0, 0.0131, 0), (-0.4957, 0, 0.8685, 0), (-0.3356, 0, 0.942, 0), (-0.3648, 0, 0.9311, 0), (-0.9857, 0, 0.1682, 0), (-0.9538, 0, 0.3005, 0), (-0.9565, 0, 0.2918, 0), (-0.9897, 0, 0.1431, 0), (-0.9219, 0, 0.3875, 0), (0.2952, 0, 0.9555, 0), (-0.3192, 0, 0.9477, 0), (0.34, 0, 0.9404, 0), (-0.9923, 0, 0.1237, 0), (0.5073, 0, 0.8618, 0), (-0.9799, 0, 0.1995, 0), (0.1822, 0, 0.9833, 0), (-0.9619, 0, 0.2736, 0), (0.9978, 0, 0.0656, 0), (0.9287, 0, 0.3709, 0), (-0.9342, 0, 0.3567, 0), (-0.9995, 0, 0.0301, 0), (0.1072, 0, 0.9942, 0), (0.8121, 0, 0.5836, 0), (-0.9681, 0, 0.2505, 0), (-0.2759, 0, 0.9612, 0), (-0.0829, 0, 0.9966, 0), (0.9716, 0, 0.2366, 0), (0.4169, 0, 0.909, 0), (-0.9729, 0, 0.2312, 0), (0.3999, 0, 0.9166, 0), (-0.6332, 0, 0.774, 0), (0.7573, 0, 0.6531, 0), (-0.6603, 0, 0.751, 0), (0.6114, 0, 0.7913, 0), (0.9932, 0, 0.1167, 0), (0.4539, 0, 0.8911, 0), (0.9047, 0, 0.4261, 0), (-0.9399, 0, 0.3415, 0), (-0.9969, 0, 0.0783, 0), (0.9959, 0, 0.0905, 0), (-0.5951, 0, 0.8036, 0), (-0.9744, 0, 0.2248, 0), (0.2002, 0, 0.9798, 0), (0.7215, 0, 0.6925, 0), (-0.2226, 0, 0.9749, 0), (0.9987, 0, 0.0514, 0), (0.9967, 0, 0.0813, 0), (-0.711, 0, 0.7032, 0), (-0.7882, 0, 0.6155, 0), (0.1324, 0, 0.9912, 0), (0.9792, 0, 0.2031, 0), (-0.2664, 0, 0.9639, 0), (-0.3672, 0, 0.9301, 0), (-0.7895, 0, 0.6138, 0), (-0.8665, 0, 0.4991, 0), (0.9772, 0, 0.2122, 0), (0.9996, 0, 0.029, 0), (0.8397, 0, 0.5431, 0), (0.0929, 0, 0.9957, 0), (-0.7334, 0, 0.6798, 0), (-0.3183, 0, 0.948, 0), (-0.867, 0, 0.4984, 0), (0.9857, 0, 0.1685, 0), (0.0225, 0, 0.9997, 0), (0.2873, 0, 0.9578, 0), (-0.2717, 0, 0.9624, 0), (-0.9961, 0, 0.0884, 0), (-0.4467, 0, 0.8947, 0), (-0.939, 0, 0.3438, 0), (-0.1027, 0, 0.9947, 0), (0.8203, 0, 0.5719, 0), (-0.5932, 0, 0.805, 0), (-0.1251, 0, 0.9921, 0), (0.8872, 0, 0.4614, 0), (0.9359, 0, 0.3524, 0), (0.237, 0, 0.9715, 0), (0.8809, 0, 0.4733, 0), (0.7582, 0, 0.652, 0), (0.8979, 0, 0.4403, 0), (0.1331, 0, 0.9911, 0), (-0.2696, 0, 0.963, 0), (-0.0332, 0, 0.9994, 0), (-0.9009, 0, 0.4341, 0), (0.8693, 0, 0.4943, 0), (0.1955, 0, 0.9807, 0), (0.6975, 0, 0.7166, 0), (-0.3555, 0, 0.9347, 0), (0.4647, 0, 0.8855, 0), (-0.946, 0, 0.3242, 0), (-0.7716, 0, 0.6361, 0), (0.6817, 0, 0.7316, 0), (-0.6845, 0, 0.7291, 0), (-0.7458, 0, 0.6662, 0), (0.1895, 0, 0.9819, 0), (-0.7003, 0, 0.7139, 0), (0.4853, 0, 0.8744, 0), (0.7873, 0, 0.6165, 0), (-0.9987, 0, 0.0501, 0), (-0.4638, 0, 0.886, 0), (0.9874, 0, 0.1583, 0), (-0.9365, 0, 0.3506, 0), (0.8304, 0, 0.5571, 0), (0.0401, 0, 0.9992, 0), (0.1781, 0, 0.984, 0), (-0.6444, 0, 0.7647, 0), (-0.2682, 0, 0.9634, 0), (0.8144, 0, 0.5803, 0), (-0.8352, 0, 0.55, 0), (0.5866, 0, 0.8099, 0), (0.2006, 0, 0.9797, 0), (-0.9929, 0, 0.1188, 0), (-0.6416, 0, 0.767, 0), (0.9503, 0, 0.3113, 0), (-0.3277, 0, 0.9448, 0), (0.8118, 0, 0.584, 0), (-0.2158, 0, 0.9764, 0), (0.8965, 0, 0.443, 0), (0.5401, 0, 0.8416, 0), (0.6846, 0, 0.7289, 0), (0.906, 0, 0.4234, 0), (0.9934, 0, 0.1144, 0), (0.9569, 0, 0.2905, 0), (0.3481, 0, 0.9375, 0), (0.8975, 0, 0.441, 0), (0.1684, 0, 0.9857, 0), (-0.0617, 0, 0.9981, 0), (0.7508, 0, 0.6605, 0), (0.097, 0, 0.9953, 0), (-0.3466, 0, 0.938, 0), (0.0214, 0, 0.9998, 0), (-0.9243, 0, 0.3817, 0), (-0.9679, 0, 0.2514, 0), (-0.9881, 0, 0.154, 0), (0.3044, 0, 0.9526, 0), (-0.2506, 0, 0.9681, 0), (0.9285, 0, 0.3713, 0), (-0.9603, 0, 0.279, 0), (0.6321, 0, 0.7749, 0), (0.4645, 0, 0.8855, 0), (-0.2451, 0, 0.9695, 0), (-0.6026, 0, 0.798, 0), (-0.9998, 0, 0.0179, 0), (0.0866, 0, 0.9962, 0), (0.996, 0, 0.0894, 0), (-0.141, 0, 0.99, 0), (-0.6861, 0, 0.7275, 0), (0.8866, 0, 0.4625, 0), (0.2901, 0, 0.957, 0), (-0.3565, 0, 0.9343, 0), (-0.7163, 0, 0.6978, 0), (0.4421, 0, 0.897, 0), (0.9652, 0, 0.2613, 0), (-0.4857, 0, 0.8741, 0), (0.1117, 0, 0.9937, 0), (-0.1605, 0, 0.987, 0), (0.3083, 0, 0.9513, 0), (-0.6249, 0, 0.7807, 0), (0.9094, 0, 0.4159, 0), (-0.0035, 0, 1, 0), (-0.2159, 0, 0.9764, 0), (0.9919, 0, 0.1272, 0), (-0.1935, 0, 0.9811, 0), (-0.3754, 0, 0.9268, 0), (-0.9138, 0, 0.4061, 0), (-0.9783, 0, 0.2072, 0), (-0.6093, 0, 0.7929, 0), (0.0047, 0, 1, 0), (0.2926, 0, 0.9562, 0), (0.0035, 0, 1, 0), (-0.8277, 0, 0.5611, 0), (0.0607, 0, 0.9982, 0), (0.7401, 0, 0.6725, 0), (0.7533, 0, 0.6577, 0), (-0.6756, 0, 0.7372, 0), (-0.2785, 0, 0.9604, 0), (-0.0173, 0, 0.9999, 0), (0.8664, 0, 0.4994, 0), (0.6204, 0, 0.7843, 0), (-0.3056, 0, 0.9522, 0), (0.0565, 0, 0.9984, 0), (-0.9913, 0, 0.1315, 0), (0.921, 0, 0.3896, 0), (0.2312, 0, 0.9729, 0), (-0.1145, 0, 0.9934, 0), (0.1279, 0, 0.9918, 0), (0.8797, 0, 0.4756, 0), (-0.7038, 0, 0.7104, 0), (0.004, 0, 1, 0), (-0.9908, 0, 0.1355, 0), (-0.5141, 0, 0.8577, 0), (-0.9849, 0, 0.173, 0), (0.9807, 0, 0.1956, 0), (-0.9972, 0, 0.0745, 0), (-0.6355, 0, 0.7721, 0), (0.5778, 0, 0.8162, 0), (-0.5812, 0, 0.8138, 0), (-0.1489, 0, 0.9888, 0), (-0.4997, 0, 0.8662, 0), (-0.4055, 0, 0.9141, 0), (-0.9212, 0, 0.389, 0), (-0.971, 0, 0.2391, 0), (-0.8771, 0, 0.4803, 0), (-0.392, 0, 0.9199, 0), (0.6642, 0, 0.7475, 0), (-0.3233, 0, 0.9463, 0), (-0.8538, 0, 0.5206, 0), (0.5952, 0, 0.8036, 0), (0.9912, 0, 0.1322, 0), (0.5872, 0, 0.8095, 0), (0.7251, 0, 0.6886, 0), (0.5357, 0, 0.8444, 0), (-0.8478, 0, 0.5304, 0), (0.7457, 0, 0.6663, 0), (0.2625, 0, 0.9649, 0), (-0.6067, 0, 0.795, 0), (-0.8887, 0, 0.4585, 0), (-0.5812, 0, 0.8138, 0), (0.9371, 0, 0.3491, 0), (-0.888, 0, 0.4598, 0), (0.4969, 0, 0.8678, 0), (-0.8694, 0, 0.494, 0), (0.3329, 0, 0.943, 0), (0.9701, 0, 0.2425, 0), (-0.7829, 0, 0.6221, 0), (0.3354, 0, 0.9421, 0), (0.9218, 0, 0.3876, 0), (-0.5552, 0, 0.8317, 0), (0.729, 0, 0.6845, 0), (-0.6157, 0, 0.7879, 0), (-0.9864, 0, 0.1644, 0), (0.9659, 0, 0.259, 0), (0.8109, 0, 0.5852, 0), (0.7135, 0, 0.7007, 0), (0.2359, 0, 0.9718, 0), (0.9147, 0, 0.4041, 0), (-0.2224, 0, 0.975, 0), (0.5526, 0, 0.8335, 0), (-0.454, 0, 0.891, 0), (-0.2635, 0, 0.9647, 0), (-0.0011, 0, 1, 0), (0.9975, 0, 0.0701, 0), (0.5674, 0, 0.8235, 0), (-0.9929, 0, 0.1192, 0), (0.7535, 0, 0.6575, 0), (0.2755, 0, 0.9613, 0), (-0.0487, 0, 0.9988, 0), (-0.0667, 0, 0.9978, 0), (0.8311, 0, 0.5561, 0), (-0.7917, 0, 0.6109, 0), (0.4068, 0, 0.9135, 0), (0.4981, 0, 0.8671, 0), (0.5415, 0, 0.8407, 0), (0.3021, 0, 0.9533, 0), (-0.9117, 0, 0.4109, 0), (0.6882, 0, 0.7255, 0), (-0.0051, 0, 1, 0), (-0.8587, 0, 0.5125, 0), (0.9996, 0, 0.0298, 0), (0.9947, 0, 0.1032, 0), (0.493, 0, 0.87, 0), (0.1462, 0, 0.9893, 0), (-0.9877, 0, 0.1561, 0), (0.9828, 0, 0.1848, 0), (-0.1529, 0, 0.9882, 0), (0.6724, 0, 0.7402, 0), (-0.6452, 0, 0.764, 0), (-0.9513, 0, 0.3083, 0), (-0.9135, 0, 0.4069, 0), (0.4263, 0, 0.9046, 0), (0.0263, 0, 0.9997, 0), (-0.459, 0, 0.8884, 0), (-0.2665, 0, 0.9638, 0), (-0.6841, 0, 0.7294, 0), (-0.447, 0, 0.8945, 0), (-0.7535, 0, 0.6575, 0), (0.4748, 0, 0.8801, 0), (0.0452, 0, 0.999, 0), (-0.2888, 0, 0.9574, 0), (-0.2962, 0, 0.9551, 0), (0.2221, 0, 0.975, 0), (0.6449, 0, 0.7643, 0), (-0.4068, 0, 0.9135, 0), (-0.4297, 0, 0.903, 0), (0.8286, 0, 0.5599, 0), (-0.9631, 0, 0.2691, 0), (-0.3039, 0, 0.9527, 0), (-0.9695, 0, 0.2453, 0), (0.0264, 0, 0.9997, 0), (0.2372, 0, 0.9715, 0), (-0.9806, 0, 0.1959, 0), (-0.9752, 0, 0.2212, 0), (0.813, 0, 0.5822, 0), (-0.036, 0, 0.9994, 0), (0.8824, 0, 0.4705, 0), (-0.8845, 0, 0.4666, 0), (0.9022, 0, 0.4314, 0), (-0.6309, 0, 0.7758, 0), (-0.6039, 0, 0.7971, 0), (0.99, 0, 0.141, 0), (0.5714, 0, 0.8207, 0), (-0.7244, 0, 0.6894, 0), (-0.7277, 0, 0.6859, 0), (-0.5997, 0, 0.8003, 0), (0.4656, 0, 0.885, 0), (-0.9237, 0, 0.3831, 0), (-0.5824, 0, 0.8129, 0), (0.4083, 0, 0.9129, 0), (0.7649, 0, 0.6441, 0), (0.0419, 0, 0.9991, 0), (-0.1544, 0, 0.988, 0), (-0.488, 0, 0.8728, 0), (-0.2195, 0, 0.9756, 0), (0.382, 0, 0.9242, 0), (-0.9459, 0, 0.3245, 0), (-0.02, 0, 0.9998, 0), (-1, 0, 0.0003, 0), (-0.6819, 0, 0.7315, 0), (-0.9072, 0, 0.4206, 0), (0.9419, 0, 0.3359, 0), (-0.9884, 0, 0.1517, 0), (-0.7714, 0, 0.6363, 0), (0.9866, 0, 0.1632, 0), (-0.995, 0, 0.1002, 0), (0.1162, 0, 0.9932, 0), (0.1451, 0, 0.9894, 0), (0.4853, 0, 0.8744, 0), (0.856, 0, 0.517, 0), (-0.9929, 0, 0.1193, 0), (0.6746, 0, 0.7381, 0), (0.7292, 0, 0.6844, 0), (-0.213, 0, 0.9771, 0), (-0.1069, 0, 0.9943, 0), (0.9468, 0, 0.3219, 0), (-0.6459, 0, 0.7634, 0), (0.8217, 0, 0.5699, 0), (-0.7596, 0, 0.6504, 0), (0.7363, 0, 0.6767, 0), (0.9189, 0, 0.3945, 0), (-0.6323, 0, 0.7747, 0), (-0.3144, 0, 0.9493, 0), (-0.644, 0, 0.765, 0), (0.5099, 0, 0.8602, 0), (0.5362, 0, 0.8441, 0), (0.8223, 0, 0.569, 0), (0.8925, 0, 0.451, 0), (0.6413, 0, 0.7673, 0), (0.429, 0, 0.9033, 0), (0.2276, 0, 0.9738, 0), (0.8666, 0, 0.499, 0), (0.2845, 0, 0.9587, 0), (-0.9031, 0, 0.4294, 0), (0.1064, 0, 0.9943, 0), (-0.9327, 0, 0.3607, 0), (-0.2626, 0, 0.9649, 0), (-0.4788, 0, 0.8779, 0), (0.0447, 0, 0.999, 0), (0.04, 0, 0.9992, 0), (-0.7124, 0, 0.7018, 0), (-0.7923, 0, 0.6102, 0), (-0.5644, 0, 0.8255, 0), (-0.0839, 0, 0.9965, 0), (0.9964, 0, 0.0849, 0), (-0.4236, 0, 0.9059, 0), (-0.759, 0, 0.6511, 0), (-0.9052, 0, 0.4249, 0), (-0.9998, 0, 0.0177, 0), (0.2213, 0, 0.9752, 0), (-0.4795, 0, 0.8775, 0), (-0.6784, 0, 0.7347, 0), (-0.8588, 0, 0.5123, 0), (0.9334, 0, 0.3589, 0), (0.6388, 0, 0.7694, 0), (-0.4929, 0, 0.8701, 0), (0.3621, 0, 0.9321, 0), (0.2018, 0, 0.9794, 0), (-0.4115, 0, 0.9114, 0), (-0.7268, 0, 0.6869, 0), (0.9215, 0, 0.3884, 0), (0.9999, 0, 0.0145, 0), (-0.9528, 0, 0.3036, 0), (-0.9856, 0, 0.1689, 0), (-0.4265, 0, 0.9045, 0), (0.1957, 0, 0.9807, 0), (-0.2218, 0, 0.9751, 0), (0.9657, 0, 0.2597, 0), (0.3955, 0, 0.9185, 0), (-0.8993, 0, 0.4374, 0), (-0.7366, 0, 0.6763, 0), (0.9757, 0, 0.2193, 0), (-0.1807, 0, 0.9835, 0), (-0.4074, 0, 0.9133, 0), (0.8264, 0, 0.563, 0), (-0.7484, 0, 0.6632, 0), (0.9999, 0, 0.0109, 0), (-0.2198, 0, 0.9755, 0), (-0.938, 0, 0.3467, 0), (-0.8597, 0, 0.5109, 0), (0.2944, 0, 0.9557, 0), (0.6181, 0, 0.7861, 0), (-0.2003, 0, 0.9797, 0), (-0.809, 0, 0.5879, 0), (-0.6793, 0, 0.7339, 0), (0.9784, 0, 0.2066, 0), (-0.0456, 0, 0.999, 0), (-0.5335, 0, 0.8458, 0), (0.6833, 0, 0.7301, 0), (0.7182, 0, 0.6958, 0), (-0.9368, 0, 0.3498, 0), (0.3237, 0, 0.9461, 0), (-0.9077, 0, 0.4196, 0), (-0.5906, 0, 0.807, 0), (0.0619, 0, 0.9981, 0), (0.9467, 0, 0.3222, 0), (-0.7534, 0, 0.6576, 0), (0.0603, 0, 0.9982, 0), (0.742, 0, 0.6704, 0), (-0.6545, 0, 0.756, 0), (-0.2564, 0, 0.9666, 0), (0.0201, 0, 0.9998, 0), (-0.9072, 0, 0.4207, 0), (0.9979, 0, 0.0648, 0), (0.9991, 0, 0.0415, 0), (0.853, 0, 0.5219, 0), (0.7828, 0, 0.6223, 0), (-0.6423, 0, 0.7664, 0), (0.9722, 0, 0.234, 0), (-0.7186, 0, 0.6955, 0), (-0.8614, 0, 0.508, 0), (-0.805, 0, 0.5933, 0), (0.0031, 0, 1, 0), (0.987, 0, 0.161, 0), (-0.7113, 0, 0.7029, 0), (0.9349, 0, 0.3549, 0), (0.2614, 0, 0.9652, 0), (-0.9408, 0, 0.339, 0), (-0.8398, 0, 0.5429, 0), (0.7792, 0, 0.6268, 0), (0.7987, 0, 0.6018, 0), (-0.8868, 0, 0.4621, 0), (-0.3062, 0, 0.952, 0), (0.8315, 0, 0.5555, 0), (0.9613, 0, 0.2756, 0), (0.7934, 0, 0.6086, 0), (-0.9841, 0, 0.1775, 0), (-0.8831, 0, 0.4692, 0), (-0.3822, 0, 0.9241, 0), (-0.7409, 0, 0.6716, 0), (0.9922, 0, 0.125, 0), (0.9749, 0, 0.2225, 0), (-0.0165, 0, 0.9999, 0), (-0.1571, 0, 0.9876, 0), (-0.8194, 0, 0.5732, 0), (0.9978, 0, 0.0666, 0), (0.4845, 0, 0.8748, 0), (0.2642, 0, 0.9645, 0), (-0.0777, 0, 0.997, 0), (-0.1996, 0, 0.9799, 0), (0.0382, 0, 0.9993, 0), (-0.3595, 0, 0.9331, 0), (-0.307, 0, 0.9517, 0), (0.2535, 0, 0.9673, 0), (0.0051, 0, 1, 0), (0.1553, 0, 0.9879, 0), (-0.8969, 0, 0.4423, 0), (0.4593, 0, 0.8883, 0), (0.2912, 0, 0.9567, 0), (0.6494, 0, 0.7604, 0), (0.8009, 0, 0.5988, 0), (0.993, 0, 0.1181, 0), (0.0738, 0, 0.9973, 0), (-0.9726, 0, 0.2324, 0), (0.8184, 0, 0.5746, 0), (-0.7045, 0, 0.7097, 0), (0.4428, 0, 0.8966, 0), (0.0093, 0, 1, 0), (0.5514, 0, 0.8342, 0), (0.6434, 0, 0.7655, 0), (-0.9861, 0, 0.1664, 0), (-0.4527, 0, 0.8917, 0), (-0.9934, 0, 0.115, 0), (-0.986, 0, 0.167, 0), (-0.9812, 0, 0.1928, 0), (-0.9695, 0, 0.2452, 0), (-0.3897, 0, 0.9209, 0), (0.7033, 0, 0.7109, 0), (-0.5432, 0, 0.8396, 0), (0.3352, 0, 0.9422, 0), (0.7898, 0, 0.6134, 0), (0.7163, 0, 0.6978, 0), (-0.4411, 0, 0.8974, 0), (0.9899, 0, 0.1416, 0), (0.0741, 0, 0.9973, 0), (0.8911, 0, 0.4539, 0), (0.2697, 0, 0.963, 0), (-0.2485, 0, 0.9686, 0), (0.6891, 0, 0.7246, 0), (-0.9877, 0, 0.1564, 0), (-0.7504, 0, 0.661, 0), (0.9898, 0, 0.1421, 0), (-0.7374, 0, 0.6755, 0), (-0.7522, 0, 0.659, 0), (0.6123, 0, 0.7906, 0), (0.5457, 0, 0.838, 0), (-0.5946, 0, 0.804, 0), (-0.9936, 0, 0.1129, 0), (0.9808, 0, 0.1949, 0), (-0.0835, 0, 0.9965, 0), (-0.7986, 0, 0.6019, 0), (0.6448, 0, 0.7643, 0), (0.079, 0, 0.9969, 0), (0.8901, 0, 0.4557, 0), (-0.8074, 0, 0.5901, 0), (-0.9852, 0, 0.1715, 0), (-0.525, 0, 0.8511, 0), (0.6654, 0, 0.7465, 0), (-0.3283, 0, 0.9446, 0), (0.5179, 0, 0.8555, 0), (0.7167, 0, 0.6974, 0), (0.8054, 0, 0.5927, 0), (-0.6289, 0, 0.7775, 0), (0.9315, 0, 0.3637, 0), (-0.8894, 0, 0.4572, 0), (-0.845, 0, 0.5348, 0), (0.6042, 0, 0.7968, 0), (0.2203, 0, 0.9754, 0), (-0.9313, 0, 0.3642, 0), (-0.329, 0, 0.9443, 0), (0.1978, 0, 0.9802, 0), (0.2032, 0, 0.9791, 0), (-0.3342, 0, 0.9425, 0), (0.8794, 0, 0.4761, 0), (0.6085, 0, 0.7935, 0), (0.6501, 0, 0.7598, 0), (0.2561, 0, 0.9667, 0), (0.2038, 0, 0.979, 0), (-0.7628, 0, 0.6467, 0), (0.7254, 0, 0.6883, 0), (0.6593, 0, 0.7518, 0), (-0.8966, 0, 0.4428, 0), (0.9815, 0, 0.1917, 0), (-0.9689, 0, 0.2476, 0), (0.0918, 0, 0.9958, 0), (0.8334, 0, 0.5527, 0), (-0.5175, 0, 0.8557, 0), (-0.9877, 0, 0.1561, 0), (-0.0479, 0, 0.9989, 0), (-0.9677, 0, 0.2523, 0), (-0.6277, 0, 0.7785, 0), (-0.8155, 0, 0.5787, 0), (0.325, 0, 0.9457, 0), (0.7307, 0, 0.6827, 0), (1, 0, 0.0019, 0), (0.7401, 0, 0.6725, 0), (0.8012, 0, 0.5984, 0), (0.7939, 0, 0.608, 0), (0.2439, 0, 0.9698, 0), (0.7393, 0, 0.6734, 0), (0.406, 0, 0.9139, 0), (0.9873, 0, 0.1588, 0), (-0.898, 0, 0.4401, 0), (0.6527, 0, 0.7576, 0), (-0.9764, 0, 0.216, 0), (0.7415, 0, 0.6709, 0), (-0.7939, 0, 0.608, 0), (0.7051, 0, 0.7091, 0), (-0.8384, 0, 0.5451, 0), (-0.2932, 0, 0.956, 0), (0.6854, 0, 0.7281, 0), (-0.4839, 0, 0.8751, 0), (0.2541, 0, 0.9672, 0), (-0.8387, 0, 0.5446, 0), (-0.9818, 0, 0.19, 0), (-0.7707, 0, 0.6372, 0), (0.9901, 0, 0.1401, 0), (-0.5316, 0, 0.847, 0), (-0.0083, 0, 1, 0), (0.2187, 0, 0.9758, 0), (0.4206, 0, 0.9072, 0), (-0.0698, 0, 0.9976, 0), (-0.9352, 0, 0.3541, 0), (0.7614, 0, 0.6483, 0), (0.0793, 0, 0.9968, 0), (-0.498, 0, 0.8671, 0), (0.8482, 0, 0.5297, 0), (-0.6561, 0, 0.7547, 0), (-0.8951, 0, 0.4458, 0), (0.8414, 0, 0.5403, 0), (0.5114, 0, 0.8593, 0), (-0.8347, 0, 0.5507, 0), (-0.0381, 0, 0.9993, 0), (-0.9709, 0, 0.2393, 0), (-0.2989, 0, 0.9543, 0), (0.999, 0, 0.0453, 0), (-0.9785, 0, 0.2061, 0), (-0.9367, 0, 0.3501, 0), (-0.8096, 0, 0.587, 0), (0.9984, 0, 0.0569, 0), (0.9178, 0, 0.397, 0), (-0.963, 0, 0.2696, 0), (-0.654, 0, 0.7565, 0), (0.6152, 0, 0.7884, 0), (-0.0653, 0, 0.9979, 0), (-0.4028, 0, 0.9153, 0), (-0.4482, 0, 0.8939, 0), (-0.704, 0, 0.7102, 0), (0.5252, 0, 0.851, 0), (0.9955, 0, 0.0952, 0), (-0.9074, 0, 0.4202, 0), (0.8444, 0, 0.5357, 0), (0.7005, 0, 0.7137, 0), (0.2133, 0, 0.977, 0), (-0.9595, 0, 0.2818, 0), (-0.9994, 0, 0.0352, 0), (0.9902, 0, 0.1399, 0), (0.9143, 0, 0.4051, 0), (0.8742, 0, 0.4856, 0), (0.5215, 0, 0.8533, 0), (-0.5999, 0, 0.8001, 0), (-0.4711, 0, 0.8821, 0), (-0.8207, 0, 0.5714, 0), (-0.2379, 0, 0.9713, 0), (-0.6792, 0, 0.7339, 0), (0.9362, 0, 0.3514, 0), (-0.0239, 0, 0.9997, 0), (0.6097, 0, 0.7926, 0), (-0.1599, 0, 0.9871, 0), (-0.5065, 0, 0.8622, 0), (-0.7549, 0, 0.6559, 0), (-0.0574, 0, 0.9983, 0), (0.1509, 0, 0.9886, 0), (-0.7216, 0, 0.6923, 0), (-0.2863, 0, 0.9581, 0), (0.2435, 0, 0.9699, 0), (-0.9861, 0, 0.1659, 0), (-0.9987, 0, 0.0513, 0), (0.888, 0, 0.4598, 0), (0.9165, 0, 0.4001, 0), (0.3816, 0, 0.9243, 0), (-0.9698, 0, 0.2439, 0), (0.2561, 0, 0.9667, 0), (0.9769, 0, 0.2138, 0), (0.0361, 0, 0.9993, 0), (-0.4812, 0, 0.8766, 0), (0.8143, 0, 0.5805, 0), (0.5817, 0, 0.8134, 0), (0.3086, 0, 0.9512, 0), (0.542, 0, 0.8404, 0), (0.9951, 0, 0.0986, 0), (0.4773, 0, 0.8788, 0), (0.9997, 0, 0.0264, 0), (-0.4517, 0, 0.8922, 0), (0.5024, 0, 0.8646, 0), (0.9974, 0, 0.0725, 0), (-0.311, 0, 0.9504, 0), (0.852, 0, 0.5236, 0), (0.249, 0, 0.9685, 0), (0.9715, 0, 0.2372, 0), (0.9772, 0, 0.2123, 0), (-0.5471, 0, 0.8371, 0), (0.827, 0, 0.5622, 0), (0.3346, 0, 0.9424, 0), (0.1112, 0, 0.9938, 0), (-0.2929, 0, 0.9561, 0), (-0.5765, 0, 0.8171, 0), (-0.2544, 0, 0.9671, 0), (-0.3262, 0, 0.9453, 0), (-0.0642, 0, 0.9979, 0), (-0.2199, 0, 0.9755, 0), (0.2755, 0, 0.9613, 0), (-0.7617, 0, 0.648, 0), (0.277, 0, 0.9609, 0), (-0.9752, 0, 0.2213, 0), (-0.88, 0, 0.475, 0), (-0.1746, 0, 0.9846, 0), (-0.7522, 0, 0.659, 0), (1, 0, 0.0086, 0), (0.9942, 0, 0.1078, 0), (-0.0292, 0, 0.9996, 0), (0.9652, 0, 0.2616, 0), (0.7539, 0, 0.6569, 0), (0.3228, 0, 0.9465, 0), (0.3941, 0, 0.9191, 0), (0.1362, 0, 0.9907, 0), (-0.2072, 0, 0.9783, 0), (0.9802, 0, 0.198, 0), (-0.9938, 0, 0.1108, 0), (-1, 0, 0.0072, 0), (-0.9653, 0, 0.2612, 0), (-0.8776, 0, 0.4794, 0), (-0.5016, 0, 0.8651, 0), (-0.5458, 0, 0.8379, 0), (-0.2416, 0, 0.9704, 0), (0.4658, 0, 0.8849, 0), (-0.9271, 0, 0.3749, 0), (-0.4316, 0, 0.9021, 0), (-0.5571, 0, 0.8305, 0), (-0.8844, 0, 0.4667, 0), (0.7655, 0, 0.6434, 0), (0.8669, 0, 0.4985, 0), (0.8417, 0, 0.5399, 0), (0.3258, 0, 0.9454, 0), (-0.8546, 0, 0.5192, 0), (0.9965, 0, 0.0832, 0), (-0.7488, 0, 0.6628, 0), (0.8501, 0, 0.5266, 0), (0.8759, 0, 0.4825, 0), (0.8114, 0, 0.5845, 0), (0.3022, 0, 0.9532, 0), (-0.0355, 0, 0.9994, 0), (-0.9238, 0, 0.3828, 0), (-0.9403, 0, 0.3404, 0), (0.8729, 0, 0.488, 0), (-0.4147, 0, 0.91, 0), (0.7196, 0, 0.6944, 0), (-0.6226, 0, 0.7826, 0), (-0.2346, 0, 0.9721, 0), (0.8476, 0, 0.5306, 0), (-0.602, 0, 0.7985, 0), (-0.9453, 0, 0.3263, 0), (0.9373, 0, 0.3484, 0), (0.7421, 0, 0.6703, 0), (-0.9824, 0, 0.1867, 0), (-0.9952, 0, 0.0977, 0), (0.6446, 0, 0.7645, 0), (0.9782, 0, 0.2075, 0), (0.9896, 0, 0.1437, 0), (-0.8562, 0, 0.5166, 0), (0.9485, 0, 0.3166, 0), (0.3202, 0, 0.9473, 0), (0.4809, 0, 0.8768, 0), (0.7161, 0, 0.698, 0), (0.7204, 0, 0.6935, 0), (0.4444, 0, 0.8958, 0), (-0.4356, 0, 0.9002, 0), (-0.8587, 0, 0.5125, 0), (0.9999, 0, 0.0143, 0), (-0.9533, 0, 0.3019, 0), (0.2615, 0, 0.9652, 0), (0.7199, 0, 0.6941, 0), (-0.9999, 0, 0.0165, 0), (0.9401, 0, 0.3408, 0), (0.4585, 0, 0.8887, 0), (-0.1109, 0, 0.9938, 0), (0.1783, 0, 0.984, 0), (0.2605, 0, 0.9655, 0), (0.2498, 0, 0.9683, 0), (-0.4137, 0, 0.9104, 0), (0.87, 0, 0.493, 0), (-0.3913, 0, 0.9203, 0), (0.0893, 0, 0.996, 0), (0.8062, 0, 0.5916, 0), (0.954, 0, 0.2998, 0), (0.1781, 0, 0.984, 0), (-0.6422, 0, 0.7665, 0), (0.1585, 0, 0.9874, 0), (-0.3683, 0, 0.9297, 0), (-0.1496, 0, 0.9888, 0), (-0.6393, 0, 0.769, 0), (0.3263, 0, 0.9453, 0), (-0.4844, 0, 0.8749, 0), (0.8297, 0, 0.5581, 0), (-0.7678, 0, 0.6407, 0), (0.876, 0, 0.4824, 0), (-0.528, 0, 0.8492, 0), (0.4466, 0, 0.8947, 0), (-0.6126, 0, 0.7904, 0), (0.4527, 0, 0.8917, 0), (0.6501, 0, 0.7599, 0), (-0.6481, 0, 0.7616, 0), (0.9225, 0, 0.3859, 0), (0.3391, 0, 0.9408, 0), (0.8894, 0, 0.4571, 0), (-0.9954, 0, 0.0957, 0), (-0.1843, 0, 0.9829, 0), (0.169, 0, 0.9856, 0), (-0.4986, 0, 0.8669, 0), (0.9188, 0, 0.3947, 0), (-0.6634, 0, 0.7482, 0), (-0.7279, 0, 0.6857, 0), (-0.1707, 0, 0.9853, 0), (0.6679, 0, 0.7443, 0), (-0.9767, 0, 0.2145, 0), (-0.7391, 0, 0.6736, 0), (-0.9447, 0, 0.3279, 0), (-0.3089, 0, 0.9511, 0), (0.9948, 0, 0.1019, 0), (-0.9724, 0, 0.2335, 0), (0.9889, 0, 0.1483, 0), (1, 0, 0.0003, 0), (0.9592, 0, 0.2827, 0), (-0.8884, 0, 0.4591, 0), (0.8442, 0, 0.536, 0), (0.832, 0, 0.5548, 0), (0.018, 0, 0.9998, 0), (-0.5581, 0, 0.8298, 0), (-0.2532, 0, 0.9674, 0), (0.9545, 0, 0.2983, 0), (-0.9899, 0, 0.1416, 0), (-0.9435, 0, 0.3315, 0), (0.9832, 0, 0.1826, 0), (-0.6757, 0, 0.7372, 0), (0.9676, 0, 0.2526, 0), (-0.2254, 0, 0.9743, 0), (-0.351, 0, 0.9364, 0), (0.8073, 0, 0.5901, 0), (0.3495, 0, 0.9369, 0), (0.4245, 0, 0.9054, 0), (-0.2163, 0, 0.9763, 0), (0.4713, 0, 0.882, 0), (-0.9825, 0, 0.1861, 0), (0.8262, 0, 0.5633, 0), (-0.497, 0, 0.8677, 0), (-0.0038, 0, 1, 0), (-0.9998, 0, 0.0202, 0), (-0.1149, 0, 0.9934, 0), (0.6316, 0, 0.7753, 0), (0.3158, 0, 0.9488, 0), (0.086, 0, 0.9963, 0), (-0.9963, 0, 0.0855, 0), (-0.7209, 0, 0.693, 0), (0.379, 0, 0.9254, 0), (-0.2841, 0, 0.9588, 0), (-0.9973, 0, 0.074, 0), (0.4253, 0, 0.905, 0), (-0.9271, 0, 0.3749, 0), (0.9156, 0, 0.402, 0), (-0.999, 0, 0.0443, 0), (-0.4592, 0, 0.8883, 0), (0.162, 0, 0.9868, 0), (0.9928, 0, 0.1196, 0), (-0.8392, 0, 0.5438, 0), (0.4404, 0, 0.8978, 0), (-0.5167, 0, 0.8561, 0), (0.2555, 0, 0.9668, 0), (-0.5719, 0, 0.8203, 0), (0.4579, 0, 0.889, 0), (-0.6345, 0, 0.7729, 0), (-0.7866, 0, 0.6175, 0), (-0.5204, 0, 0.8539, 0), (0.4562, 0, 0.8899, 0), (0.3347, 0, 0.9423, 0), (-0.5547, 0, 0.8321, 0), (-0.3999, 0, 0.9165, 0), (0.3872, 0, 0.922, 0), (-0.1408, 0, 0.99, 0), (-0.4438, 0, 0.8961, 0), (0.9989, 0, 0.0461, 0), (0.704, 0, 0.7102, 0), (-0.0991, 0, 0.9951, 0), (0.9467, 0, 0.3222, 0), (-0.7481, 0, 0.6636, 0), (-0.3832, 0, 0.9237, 0), (0.9718, 0, 0.2358, 0), (0.2849, 0, 0.9586, 0), (0.5146, 0, 0.8574, 0), (-0.7973, 0, 0.6036, 0), (-0.2475, 0, 0.9689, 0), (0.9987, 0, 0.05, 0), (-0.9796, 0, 0.2011, 0), (-0.6486, 0, 0.7611, 0), (0.8324, 0, 0.5542, 0), (0.7217, 0, 0.6922, 0), (0.5942, 0, 0.8043, 0), (0.2975, 0, 0.9547, 0), (0.9608, 0, 0.2773, 0), (0.4905, 0, 0.8714, 0), (-0.9587, 0, 0.2844, 0), (-0.7379, 0, 0.675, 0), (0.9541, 0, 0.2995, 0), (0.5579, 0, 0.8299, 0), (-0.3616, 0, 0.9323, 0), (0.9877, 0, 0.1566, 0), (0.7589, 0, 0.6512, 0), (0.2951, 0, 0.9555, 0), (0.3277, 0, 0.9448, 0), (0.3359, 0, 0.9419, 0), (0.3992, 0, 0.9169, 0), (0.4338, 0, 0.901, 0), (0.4313, 0, 0.9022, 0), (-0.1922, 0, 0.9814, 0), (-0.4137, 0, 0.9104, 0), (-0.4742, 0, 0.8804, 0), (-0.703, 0, 0.7112, 0), (0.1714, 0, 0.9852, 0), (-0.0895, 0, 0.996, 0), (0.8335, 0, 0.5526, 0), (-0.8236, 0, 0.5672, 0), (-0.6082, 0, 0.7938, 0), (-0.2206, 0, 0.9754, 0), (-0.9766, 0, 0.215, 0), (-0.7027, 0, 0.7115, 0), (0.9979, 0, 0.0651, 0), (-0.3611, 0, 0.9325, 0), (0.7268, 0, 0.6869, 0), (0.2832, 0, 0.9591, 0), (-0.7548, 0, 0.656, 0), (-0.0855, 0, 0.9963, 0), (-0.889, 0, 0.4578, 0), (0.947, 0, 0.3212, 0), (-0.7773, 0, 0.6291, 0), (-0.8823, 0, 0.4706, 0), (-0.712, 0, 0.7022, 0), (0.9864, 0, 0.1643, 0), (0.8527, 0, 0.5224, 0), (-0.4667, 0, 0.8844, 0), (0.6618, 0, 0.7497, 0), (0.9066, 0, 0.4221, 0), (-0.769, 0, 0.6392, 0), (-0.2618, 0, 0.9651, 0), (0.31, 0, 0.9507, 0), (-0.751, 0, 0.6603, 0), (-0.4348, 0, 0.9005, 0), (0.9706, 0, 0.2405, 0), (-0.8654, 0, 0.501, 0), (0.8199, 0, 0.5725, 0), (-0.9534, 0, 0.3016, 0), (0.9214, 0, 0.3886, 0), (0.8914, 0, 0.4532, 0), (-0.9848, 0, 0.1736, 0), (0.6903, 0, 0.7236, 0), (0.9286, 0, 0.371, 0), (-0.6921, 0, 0.7218, 0), (-0.162, 0, 0.9868, 0), (0.9633, 0, 0.2684, 0), (0.5268, 0, 0.85, 0), (-0.9948, 0, 0.1018, 0), (0.004, 0, 1, 0), (-0.9942, 0, 0.1079, 0), (0.7399, 0, 0.6727, 0), (-0.6021, 0, 0.7984, 0), (-0.0388, 0, 0.9992, 0), (-0.5882, 0, 0.8087, 0), (0.9837, 0, 0.1797, 0), (-0.5543, 0, 0.8323, 0), (-0.9227, 0, 0.3854, 0), (0.9954, 0, 0.0955, 0), (-0.987, 0, 0.1606, 0), (-0.0657, 0, 0.9978, 0), (0.733, 0, 0.6802, 0), (-0.3515, 0, 0.9362, 0), (-0.9999, 0, 0.0161, 0), (0.9995, 0, 0.0325, 0), (0.9497, 0, 0.3132, 0), (-0.9881, 0, 0.1539, 0), (0.6306, 0, 0.7761, 0), (-0.1451, 0, 0.9894, 0), (-0.5446, 0, 0.8387, 0), (0.6123, 0, 0.7906, 0), (0.4098, 0, 0.9122, 0), (-0.463, 0, 0.8863, 0), (-0.9564, 0, 0.2921, 0), (-0.3306, 0, 0.9438, 0), (0.6958, 0, 0.7182, 0), (-0.7509, 0, 0.6604, 0), (0.8153, 0, 0.579, 0), (1, 0, 0.0081, 0), (-0.4466, 0, 0.8947, 0), (-0.9949, 0, 0.1005, 0), (0.1064, 0, 0.9943, 0), (-0.5492, 0, 0.8357, 0), (0.9121, 0, 0.41, 0), (0.5573, 0, 0.8303, 0), (-0.0119, 0, 0.9999, 0), (0.392, 0, 0.92, 0), (-0.3599, 0, 0.933, 0), (-1, 0, 0.0063, 0), (-0.8898, 0, 0.4564, 0), (-0.825, 0, 0.5651, 0), (0.4006, 0, 0.9163, 0), (-0.9392, 0, 0.3433, 0), (0.1137, 0, 0.9935, 0), (-0.9915, 0, 0.1303, 0), (-0.5148, 0, 0.8573, 0), (-0.9886, 0, 0.1506, 0), (-0.349, 0, 0.9371, 0), (-0.9691, 0, 0.2466, 0), (0.7894, 0, 0.6139, 0), (0.9312, 0, 0.3646, 0), (-0.6962, 0, 0.7178, 0), (-0.2803, 0, 0.9599, 0), (0.9801, 0, 0.1985, 0), (0.8789, 0, 0.477, 0), (-0.0034, 0, 1, 0), (-0.3204, 0, 0.9473, 0), (0.2779, 0, 0.9606, 0), (-0.7305, 0, 0.6829, 0), (-0.287, 0, 0.9579, 0), (0.9255, 0, 0.3788, 0), (0.2741, 0, 0.9617, 0), (-0.7807, 0, 0.6249, 0), (-0.9138, 0, 0.4062, 0), (-0.9764, 0, 0.2159, 0), (0.0785, 0, 0.9969, 0), (0.9044, 0, 0.4267, 0), (0.3156, 0, 0.9489, 0), (0.9991, 0, 0.0431, 0), (-0.9658, 0, 0.2594, 0), (0.9993, 0, 0.0378, 0), (0.8493, 0, 0.5279, 0), (0.997, 0, 0.0769, 0), (0.5738, 0, 0.819, 0), (0.2842, 0, 0.9588, 0), (0.9442, 0, 0.3293, 0), (0.9913, 0, 0.1318, 0), (0.9274, 0, 0.3741, 0), (-0.8925, 0, 0.451, 0), (0.0642, 0, 0.9979, 0), (-0.8447, 0, 0.5352, 0), (0.8982, 0, 0.4396, 0), (-0.7166, 0, 0.6975, 0), (0.8557, 0, 0.5174, 0), (0.4495, 0, 0.8933, 0), (0.8267, 0, 0.5626, 0), (-0.5391, 0, 0.8422, 0), (0.8633, 0, 0.5047, 0), (-0.0062, 0, 1, 0), (0.9269, 0, 0.3753, 0), (0.1826, 0, 0.9832, 0), (-0.4216, 0, 0.9068, 0), (0.2231, 0, 0.9748, 0), (-0.9772, 0, 0.2123, 0), (0.5019, 0, 0.8649, 0), (-0.6198, 0, 0.7848, 0), (0.4235, 0, 0.9059, 0), (-0.9996, 0, 0.028, 0), (0.9787, 0, 0.2052, 0), (0.0367, 0, 0.9993, 0), (-0.618, 0, 0.7862, 0), (-0.2393, 0, 0.9709, 0), (-0.075, 0, 0.9972, 0), (0.891, 0, 0.454, 0), (-0.4829, 0, 0.8757, 0), (-0.034, 0, 0.9994, 0), (-0.1313, 0, 0.9913, 0), (-0.5344, 0, 0.8452, 0), (0.1805, 0, 0.9836, 0), (0.0297, 0, 0.9996, 0), (-0.3091, 0, 0.951, 0), (-0.8417, 0, 0.54, 0), (0.9874, 0, 0.1581, 0), (0.8432, 0, 0.5376, 0), (0.9819, 0, 0.1893, 0), (0.9274, 0, 0.3741, 0), (-0.5892, 0, 0.808, 0), (0.9721, 0, 0.2345, 0), (-0.9965, 0, 0.0839, 0), (0.4514, 0, 0.8923, 0), (0.9977, 0, 0.0671, 0), (0.1017, 0, 0.9948, 0), (-0.8225, 0, 0.5688, 0), (0.9043, 0, 0.4268, 0), (-0.008, 0, 1, 0), (-0.1789, 0, 0.9839, 0), (-0.5108, 0, 0.8597, 0), (0.3886, 0, 0.9214, 0), (-0.4522, 0, 0.8919, 0), (0.3501, 0, 0.9367, 0), (0.9992, 0, 0.0405, 0), (-0.0076, 0, 1, 0), (-0.694, 0, 0.72, 0), (-0.5197, 0, 0.8543, 0), (-0.6591, 0, 0.7521, 0), (1, 0, 0.0048, 0), (0.7173, 0, 0.6968, 0), (0.5678, 0, 0.8232, 0), (0.571, 0, 0.8209, 0), (0.9992, 0, 0.0404, 0), (0.9892, 0, 0.1462, 0), (-0.666, 0, 0.746, 0), (0.8877, 0, 0.4604, 0), (-0.9851, 0, 0.1719, 0), (-0.902, 0, 0.4317, 0), (-0.2245, 0, 0.9745, 0), (-0.9815, 0, 0.1913, 0), (0.1788, 0, 0.9839, 0), (-0.9062, 0, 0.4229, 0), (-0.5428, 0, 0.8399, 0), (0.9993, 0, 0.0373, 0), (-0.5734, 0, 0.8193, 0), (-0.9775, 0, 0.2108, 0), (0.7873, 0, 0.6166, 0), (-0.4888, 0, 0.8724, 0), (0.9461, 0, 0.3239, 0), (0.7195, 0, 0.6945, 0), (-0.7354, 0, 0.6776, 0), (0.7879, 0, 0.6158, 0), (0.8552, 0, 0.5182, 0), (0.9906, 0, 0.1369, 0), (-0.2622, 0, 0.965, 0), (0.1692, 0, 0.9856, 0), (0.4832, 0, 0.8755, 0), (-0.9471, 0, 0.321, 0), (-0.6003, 0, 0.7998, 0), (-0.9986, 0, 0.0535, 0), (0.4056, 0, 0.914, 0), (0.9748, 0, 0.223, 0), (-0.5744, 0, 0.8186, 0), (0.9981, 0, 0.0619, 0), (-0.9, 0, 0.436, 0), (-0.6506, 0, 0.7594, 0), (0.6463, 0, 0.7631, 0), (0.7807, 0, 0.6249, 0), (0.9999, 0, 0.0127, 0), (-0.9763, 0, 0.2163, 0), (-0.2109, 0, 0.9775, 0), (-0.8877, 0, 0.4605, 0), (-0.4693, 0, 0.8831, 0), (-0.624, 0, 0.7814, 0), (0.9084, 0, 0.4181, 0), (-0.8699, 0, 0.4932, 0), (0.905, 0, 0.4255, 0), (0.2431, 0, 0.97, 0), (0.1348, 0, 0.9909, 0), (0.3192, 0, 0.9477, 0), (0.3368, 0, 0.9416, 0), (-0.2319, 0, 0.9727, 0), (0.7128, 0, 0.7013, 0), (0.9417, 0, 0.3366, 0), (0.955, 0, 0.2967, 0), (-0.955, 0, 0.2968, 0), (0.1594, 0, 0.9872, 0), (0.0933, 0, 0.9956, 0), (0.8114, 0, 0.5845, 0), (0.8298, 0, 0.5581, 0), (-0.9049, 0, 0.4255, 0), (0.55, 0, 0.8351, 0), (-0.6941, 0, 0.7198, 0), (-0.9255, 0, 0.3788, 0), (-0.969, 0, 0.2471, 0), (0.6043, 0, 0.7967, 0), (-1, 0, 0.0064, 0), (-0.9338, 0, 0.3578, 0), (-0.9946, 0, 0.1037, 0), (-0.3991, 0, 0.9169, 0), (0.6495, 0, 0.7604, 0), (1, 0, 0.0092, 0), (0.2797, 0, 0.9601, 0), (0.6803, 0, 0.7329, 0), (-0.1002, 0, 0.995, 0), (0.7629, 0, 0.6466, 0), (-0.881, 0, 0.4732, 0), (0.5089, 0, 0.8608, 0), (0.6705, 0, 0.7419, 0), (-0.501, 0, 0.8654, 0), (0.9856, 0, 0.169, 0), (-0.1985, 0, 0.9801, 0), (-0.9738, 0, 0.2275, 0), (-0.7074, 0, 0.7068, 0), (-0.0964, 0, 0.9953, 0), (0.1441, 0, 0.9896, 0), (0.2918, 0, 0.9565, 0), (-0.6338, 0, 0.7735, 0), (-0.1139, 0, 0.9935, 0), (-0.5643, 0, 0.8256, 0), (0.9637, 0, 0.2669, 0), (-0.7565, 0, 0.654, 0), (0.9407, 0, 0.3392, 0), (-0.7302, 0, 0.6832, 0), (-0.973, 0, 0.2307, 0), (-0.1601, 0, 0.9871, 0), (0.3471, 0, 0.9378, 0), (0.9794, 0, 0.2018, 0), (0.1097, 0, 0.994, 0), (0.1543, 0, 0.988, 0), (-0.952, 0, 0.3062, 0), (-0.4972, 0, 0.8676, 0), (0.8464, 0, 0.5326, 0), (0.4272, 0, 0.9041, 0), (-0.9162, 0, 0.4007, 0), (0.9746, 0, 0.2241, 0), (0.1412, 0, 0.99, 0), (-0.9884, 0, 0.1519, 0), (0.6148, 0, 0.7887, 0), (0.668, 0, 0.7442, 0), (0.9161, 0, 0.4009, 0), (0.4606, 0, 0.8876, 0), (0.9177, 0, 0.3974, 0), (-0.1581, 0, 0.9874, 0), (-0.2132, 0, 0.977, 0), (0.5235, 0, 0.852, 0), (0.7538, 0, 0.6571, 0), (-0.8971, 0, 0.4417, 0), (0.9549, 0, 0.2969, 0), (-0.9656, 0, 0.2601, 0), (-0.9925, 0, 0.1221, 0), (0.106, 0, 0.9944, 0), (0.8081, 0, 0.589, 0), (0.7462, 0, 0.6657, 0), (0.7992, 0, 0.6011, 0), (-0.8883, 0, 0.4594, 0), (-0.2857, 0, 0.9583, 0), (-0.82, 0, 0.5724, 0), (-0.4407, 0, 0.8976, 0), (-0.6568, 0, 0.754, 0), (-0.0977, 0, 0.9952, 0), (0.403, 0, 0.9152, 0), (0.6147, 0, 0.7887, 0), (-0.9911, 0, 0.1329, 0), (0.3531, 0, 0.9356, 0), (0.9964, 0, 0.0851, 0), (-0.9998, 0, 0.0181, 0), (-0.6868, 0, 0.7269, 0), (-0.1334, 0, 0.9911, 0), (0.1835, 0, 0.983, 0), (0.9923, 0, 0.1242, 0), (-0.679, 0, 0.7341, 0), (0.3315, 0, 0.9435, 0), (0.7039, 0, 0.7103, 0), (-0.84, 0, 0.5426, 0), (0.1206, 0, 0.9927, 0), (0.9263, 0, 0.3768, 0), (0.419, 0, 0.908, 0), (0.1069, 0, 0.9943, 0), (0.9275, 0, 0.3738, 0), (-0.6243, 0, 0.7812, 0), (-0.7367, 0, 0.6762, 0), (-0.2188, 0, 0.9758, 0), (-0.8481, 0, 0.5299, 0), (-0.867, 0, 0.4983, 0), (0.936, 0, 0.352, 0), (-0.9317, 0, 0.3632, 0), (-0.9846, 0, 0.175, 0), (0.9655, 0, 0.2604, 0), (0.8005, 0, 0.5993, 0), (-0.7671, 0, 0.6415, 0), (-0.8764, 0, 0.4816, 0), (0.9908, 0, 0.1352, 0), (0.6837, 0, 0.7298, 0), (-0.1984, 0, 0.9801, 0), (-0.1688, 0, 0.9857, 0), (0.2723, 0, 0.9622, 0), (0.114, 0, 0.9935, 0), (-0.6001, 0, 0.7999, 0), (0.7888, 0, 0.6147, 0), (-0.9967, 0, 0.0809, 0), (-0.9427, 0, 0.3336, 0), (0.2676, 0, 0.9635, 0), (0.9874, 0, 0.1581, 0), (-0.383, 0, 0.9237, 0), (-0.5439, 0, 0.8391, 0), (-0.3133, 0, 0.9497, 0), (0.5607, 0, 0.828, 0), (0.8081, 0, 0.5891, 0), (0.79, 0, 0.6131, 0), (-0.8641, 0, 0.5034, 0), (-0.9985, 0, 0.0547, 0), (0.1606, 0, 0.987, 0), (-0.6055, 0, 0.7959, 0), (0.38, 0, 0.925, 0), (0.9939, 0, 0.1101, 0), (0.8505, 0, 0.5259, 0), (0.6634, 0, 0.7482, 0), (0.2974, 0, 0.9547, 0), (-0.5838, 0, 0.8119, 0), (-0.8775, 0, 0.4796, 0), (-0.3164, 0, 0.9486, 0), (-0.397, 0, 0.9178, 0), (0.3359, 0, 0.9419, 0), (-1, 0, 0.0044, 0), (-0.6866, 0, 0.727, 0), (-0.5722, 0, 0.8201, 0), (0.6862, 0, 0.7274, 0), (-0.659, 0, 0.7521, 0), (-0.5796, 0, 0.8149, 0), (0.3044, 0, 0.9525, 0), (-0.9097, 0, 0.4153, 0), (0.9976, 0, 0.0693, 0), (0.4881, 0, 0.8728, 0), (0.9995, 0, 0.0302, 0), (0.677, 0, 0.736, 0), (-0.143, 0, 0.9897, 0), (0.9826, 0, 0.1857, 0), (-0.5355, 0, 0.8445, 0), (-0.6035, 0, 0.7974, 0), (0.7027, 0, 0.7115, 0), (-0.9844, 0, 0.1762, 0), (-0.8156, 0, 0.5786, 0), (0.9438, 0, 0.3306, 0), (0.6682, 0, 0.744, 0), (-0.6782, 0, 0.7349, 0), (-0.2266, 0, 0.974, 0), (-0.7398, 0, 0.6729, 0), (-0.8141, 0, 0.5807, 0), (0.39, 0, 0.9208, 0), (0.9975, 0, 0.0701, 0), (0.157, 0, 0.9876, 0), (0.9697, 0, 0.2443, 0), (-0.7251, 0, 0.6886, 0), (0.9395, 0, 0.3424, 0), (0.5957, 0, 0.8032, 0), (0.4723, 0, 0.8815, 0), (-0.509, 0, 0.8608, 0), (0.9924, 0, 0.1231, 0), (0.2167, 0, 0.9762, 0), (-0.3498, 0, 0.9368, 0), (0.9067, 0, 0.4218, 0), (-0.9973, 0, 0.0733, 0), (0.6356, 0, 0.772, 0), (-0.9998, 0, 0.0216, 0), (0.1083, 0, 0.9941, 0), (0.0436, 0, 0.9991, 0), (-0.5769, 0, 0.8168, 0), (0.7422, 0, 0.6702, 0), (-0.9299, 0, 0.3679, 0), (0.5316, 0, 0.847, 0), (0.2256, 0, 0.9742, 0), (-0.0774, 0, 0.997, 0), (-0.1626, 0, 0.9867, 0), (-0.7297, 0, 0.6838, 0), (0.7446, 0, 0.6676, 0), (0.0522, 0, 0.9986, 0), (-0.5402, 0, 0.8415, 0), (0.1041, 0, 0.9946, 0), (-0.3675, 0, 0.93, 0), (-0.3937, 0, 0.9193, 0), (0.9927, 0, 0.1205, 0), (0.9997, 0, 0.0232, 0), (0.7677, 0, 0.6408, 0), (-0.9989, 0, 0.0473, 0), (-0.7087, 0, 0.7055, 0), (0.7496, 0, 0.6619, 0), (-0.1236, 0, 0.9923, 0), (-0.3833, 0, 0.9236, 0), (-0.5876, 0, 0.8091, 0), (0.9918, 0, 0.1276, 0), (0.2925, 0, 0.9563, 0), (-0.94, 0, 0.3412, 0), (-0.5745, 0, 0.8185, 0), (0.2881, 0, 0.9576, 0), (0.9572, 0, 0.2895, 0), (-0.3214, 0, 0.947, 0), (0.7594, 0, 0.6506, 0), (-0.9637, 0, 0.2671, 0), (0.9364, 0, 0.3508, 0), (0.0642, 0, 0.9979, 0), (0.8373, 0, 0.5467, 0), (0.2189, 0, 0.9758, 0), (-0.399, 0, 0.917, 0), (-0.4108, 0, 0.9117, 0), (-0.9991, 0, 0.0425, 0), (0.0053, 0, 1, 0), (-0.7046, 0, 0.7096, 0), (0.6444, 0, 0.7647, 0), (-0.7884, 0, 0.6151, 0), (0.6632, 0, 0.7484, 0), (0.8924, 0, 0.4512, 0), (-0.7084, 0, 0.7058, 0), (-0.9984, 0, 0.0569, 0), (-0.3765, 0, 0.9264, 0), (-0.8541, 0, 0.5201, 0), (0.984, 0, 0.178, 0), (-0.8584, 0, 0.513, 0), (-0.0645, 0, 0.9979, 0), (0.6233, 0, 0.782, 0), (0.2288, 0, 0.9735, 0), (-0.1996, 0, 0.9799, 0), (-0.5228, 0, 0.8525, 0), (-0.9657, 0, 0.2597, 0), (0.8905, 0, 0.4549, 0), (0.5627, 0, 0.8266, 0), (-0.1701, 0, 0.9854, 0), (-0.9645, 0, 0.2642, 0), (0.6836, 0, 0.7298, 0), (-0.2033, 0, 0.9791, 0), (-0.0623, 0, 0.9981, 0), (-0.6258, 0, 0.7799, 0), (0.9961, 0, 0.0878, 0), (-0.4845, 0, 0.8748, 0), (0.4203, 0, 0.9074, 0), (-0.9432, 0, 0.3323, 0), (0.9812, 0, 0.1927, 0), (0.3182, 0, 0.948, 0), (-0.2343, 0, 0.9722, 0), (-0.9086, 0, 0.4176, 0), (-0.0613, 0, 0.9981, 0), (-0.1714, 0, 0.9852, 0), (-0.991, 0, 0.1336, 0), (-0.055, 0, 0.9985, 0), (-0.8909, 0, 0.4542, 0), (-0.9822, 0, 0.1877, 0), (-0.6683, 0, 0.7439, 0), (-0.334, 0, 0.9426, 0), (0.8747, 0, 0.4847, 0), (0.2262, 0, 0.9741, 0), (0.8073, 0, 0.5902, 0), (0.4547, 0, 0.8906, 0), (0.2526, 0, 0.9676, 0), (-0.8499, 0, 0.5269, 0), (-0.852, 0, 0.5235, 0), (0.9141, 0, 0.4055, 0), (0.7774, 0, 0.629, 0), (-0.67, 0, 0.7423, 0), (-0.9099, 0, 0.4149, 0), (0.9014, 0, 0.433, 0), (0.6391, 0, 0.7691, 0), (-0.9434, 0, 0.3316, 0), (-0.7946, 0, 0.6071, 0), (-0.3716, 0, 0.9284, 0), (-0.7464, 0, 0.6655, 0), (-0.7186, 0, 0.6955, 0), (-0.0848, 0, 0.9964, 0), (-0.9373, 0, 0.3485, 0), (0.9539, 0, 0.3001, 0), (0.8216, 0, 0.57, 0), (-0.9173, 0, 0.3982, 0), (0.5792, 0, 0.8152, 0), (-0.5359, 0, 0.8443, 0), (0.1823, 0, 0.9832, 0), (0.6269, 0, 0.7791, 0), (0.0702, 0, 0.9975, 0), (-0.6471, 0, 0.7624, 0), (0.3093, 0, 0.951, 0), (-0.5598, 0, 0.8286, 0), (0.0152, 0, 0.9999, 0), (0.0469, 0, 0.9989, 0), (0.4981, 0, 0.8671, 0), (-0.5418, 0, 0.8405, 0), (-0.0252, 0, 0.9997, 0), (0.2599, 0, 0.9656, 0), (0.8647, 0, 0.5023, 0), (-0.237, 0, 0.9715, 0), (0.298, 0, 0.9546, 0), (0.6271, 0, 0.779, 0), (0.9773, 0, 0.212, 0), (0.4956, 0, 0.8685, 0), (0.4207, 0, 0.9072, 0), (0.5953, 0, 0.8035, 0), (0.6105, 0, 0.792, 0), (-0.5396, 0, 0.8419, 0), (0.6101, 0, 0.7924, 0), (-0.8354, 0, 0.5496, 0), (0.2789, 0, 0.9603, 0), (0.3819, 0, 0.9242, 0), (0.7909, 0, 0.6119, 0), (-0.3988, 0, 0.917, 0), (0.9993, 0, 0.0379, 0), (0.2867, 0, 0.958, 0), (-0.0405, 0, 0.9992, 0), (-0.4411, 0, 0.8974, 0), (-0.999, 0, 0.0452, 0), (-0.0532, 0, 0.9986, 0), (-0.7235, 0, 0.6904, 0), (0.9994, 0, 0.0352, 0), (-0.4764, 0, 0.8792, 0), (-0.6469, 0, 0.7625, 0), (0.6407, 0, 0.7678, 0), (-0.7346, 0, 0.6785, 0), (0.4875, 0, 0.8731, 0), (-0.9838, 0, 0.1791, 0), (0.1146, 0, 0.9934, 0), (-0.9974, 0, 0.0721, 0), (-0.9118, 0, 0.4107, 0), (-0.9881, 0, 0.1538, 0), (0.5828, 0, 0.8126, 0), (-0.3815, 0, 0.9244, 0), (-0.1282, 0, 0.9918, 0), (0.1293, 0, 0.9916, 0), (0.9093, 0, 0.4161, 0), (-0.9662, 0, 0.2579, 0), (0.9903, 0, 0.1392, 0), (0.9983, 0, 0.0582, 0), (0.9646, 0, 0.2638, 0), (-0.9886, 0, 0.1509, 0), (-0.0633, 0, 0.998, 0), (0.9338, 0, 0.3577, 0), (-0.5862, 0, 0.8102, 0), (-0.4204, 0, 0.9073, 0), (0.7285, 0, 0.6851, 0), (-0.8259, 0, 0.5638, 0), (0.3639, 0, 0.9315, 0), (-0.9936, 0, 0.1129, 0), (-0.6687, 0, 0.7435, 0), (-0.3346, 0, 0.9424, 0), (-0.3235, 0, 0.9462, 0), (0.5453, 0, 0.8383, 0), (0.508, 0, 0.8613, 0), (0.6323, 0, 0.7747, 0), (0.1356, 0, 0.9908, 0), (-0.9994, 0, 0.035, 0), (0.8075, 0, 0.5898, 0), (-0.8562, 0, 0.5166, 0), (-0.4563, 0, 0.8898, 0), (-0.9327, 0, 0.3607, 0), (-0.2991, 0, 0.9542, 0), (-0.5203, 0, 0.854, 0), (0.6937, 0, 0.7203, 0), (-0.4893, 0, 0.8721, 0), (-0.9991, 0, 0.0419, 0), (-0.7019, 0, 0.7123, 0), (0.8755, 0, 0.4831, 0), (0.9456, 0, 0.3255, 0), (-0.5554, 0, 0.8316, 0), (0.5928, 0, 0.8053, 0), (0.8733, 0, 0.4872, 0), (0.9818, 0, 0.1899, 0), (-0.6265, 0, 0.7794, 0), (-0.8859, 0, 0.4638, 0), (-0.2435, 0, 0.9699, 0), (0.4998, 0, 0.8661, 0), (0.2182, 0, 0.9759, 0), (-0.4035, 0, 0.915, 0), (-0.818, 0, 0.5752, 0), (0.5006, 0, 0.8657, 0), (-0.1241, 0, 0.9923, 0), (0.6714, 0, 0.7411, 0), (-0.9964, 0, 0.0844, 0), (-0.5853, 0, 0.8108, 0), (0.8734, 0, 0.487, 0), (-0.15, 0, 0.9887, 0), (0.1364, 0, 0.9907, 0), (0.5726, 0, 0.8198, 0), (0.3381, 0, 0.9411, 0), (0.0565, 0, 0.9984, 0), (-0.3382, 0, 0.9411, 0), (0.7065, 0, 0.7077, 0), (-0.4505, 0, 0.8928, 0), (0.5025, 0, 0.8646, 0), (-0.8689, 0, 0.495, 0), (-0.9459, 0, 0.3245, 0), (-0.4418, 0, 0.8971, 0), (0.9866, 0, 0.1629, 0), (0.9882, 0, 0.1534, 0), (-0.9616, 0, 0.2743, 0), (-0.2744, 0, 0.9616, 0), (-0.3203, 0, 0.9473, 0), (-0.9965, 0, 0.0834, 0), (-0.9744, 0, 0.225, 0), (-0.7615, 0, 0.6481, 0), (-0.666, 0, 0.7459, 0), (-0.8464, 0, 0.5325, 0), (-0.5294, 0, 0.8484, 0), (-0.7495, 0, 0.662, 0), (0.2215, 0, 0.9752, 0), (-0.6138, 0, 0.7894, 0), (0.9694, 0, 0.2456, 0), (-0.9944, 0, 0.1057, 0), (-0.685, 0, 0.7285, 0), (-0.6048, 0, 0.7964, 0), (-0.9178, 0, 0.397, 0), (-0.8591, 0, 0.5117, 0), (-0.9336, 0, 0.3584, 0), (-0.6174, 0, 0.7867, 0), (-0.8547, 0, 0.5192, 0), (-0.7295, 0, 0.684, 0), (-0.9678, 0, 0.2518, 0), (0.5848, 0, 0.8112, 0), (0.9781, 0, 0.2082, 0), (0.4846, 0, 0.8747, 0), (-0.3713, 0, 0.9285, 0), (-0.5446, 0, 0.8387, 0), (0.48, 0, 0.8773, 0), (0.8535, 0, 0.5211, 0), (0.9906, 0, 0.1371, 0), (0.0308, 0, 0.9995, 0), (-0.7764, 0, 0.6303, 0), (-0.9981, 0, 0.0622, 0), (-0.6647, 0, 0.7471, 0), (-0.8244, 0, 0.566, 0), (0.7642, 0, 0.645, 0), (-0.7595, 0, 0.6505, 0), (0.0069, 0, 1, 0), (0.3721, 0, 0.9282, 0), (0.6125, 0, 0.7905, 0), (-0.6059, 0, 0.7955, 0), (-0.0657, 0, 0.9978, 0), (-0.5088, 0, 0.8609, 0), (-0.9781, 0, 0.2083, 0), (-0.8873, 0, 0.4612, 0), (0.8377, 0, 0.5462, 0), (0.9661, 0, 0.2582, 0), (0.1435, 0, 0.9897, 0), (0.3031, 0, 0.953, 0), (-0.9952, 0, 0.0974, 0), (-0.8524, 0, 0.5229, 0), (-0.9189, 0, 0.3944, 0), (0.7526, 0, 0.6585, 0), (0.9403, 0, 0.3402, 0), (-0.0713, 0, 0.9975, 0), (-0.301, 0, 0.9536, 0), (-0.1089, 0, 0.994, 0), (0.3749, 0, 0.9271, 0), (0.9123, 0, 0.4094, 0), (0.9516, 0, 0.3072, 0), (0.8913, 0, 0.4535, 0), (0.9814, 0, 0.1919, 0), (0.9959, 0, 0.091, 0), (0.9731, 0, 0.2305, 0), (0.3442, 0, 0.9389, 0), (0.165, 0, 0.9863, 0), (0.8484, 0, 0.5293, 0), (0.0792, 0, 0.9969, 0), (-0.999, 0, 0.0452, 0), (-0.5392, 0, 0.8422, 0), (0.7712, 0, 0.6366, 0), (-0.7788, 0, 0.6272, 0), (-0.9453, 0, 0.3263, 0), (0.6419, 0, 0.7668, 0), (-0.8647, 0, 0.5024, 0), (-0.2828, 0, 0.9592, 0), (-0.1731, 0, 0.9849, 0), (0.9972, 0, 0.0754, 0), (0.832, 0, 0.5548, 0), (0.5737, 0, 0.8191, 0), (0.7384, 0, 0.6743, 0), (0.8976, 0, 0.4408, 0), (-0.9765, 0, 0.2155, 0), (0.1865, 0, 0.9825, 0), (0.0356, 0, 0.9994, 0), (0.9882, 0, 0.1529, 0), (0.0524, 0, 0.9986, 0), (0.2554, 0, 0.9668, 0), (0.6671, 0, 0.745, 0), (-0.5867, 0, 0.8098, 0), (-0.6217, 0, 0.7833, 0), (0.9775, 0, 0.2111, 0), (-0.9192, 0, 0.3939, 0), (-0.9881, 0, 0.1538, 0), (0.1686, 0, 0.9857, 0), (0.6264, 0, 0.7795, 0), (-0.2243, 0, 0.9745, 0), (0.4751, 0, 0.88, 0), (0.6673, 0, 0.7448, 0), (-0.0028, 0, 1, 0), (-0.3752, 0, 0.927, 0), (-0.9931, 0, 0.1175, 0), (-0.394, 0, 0.9191, 0), (0.8911, 0, 0.4538, 0), (-0.8313, 0, 0.5558, 0), (0.9278, 0, 0.373, 0), (-0.4078, 0, 0.9131, 0), (0.4712, 0, 0.882, 0), (0.9714, 0, 0.2375, 0), (0.9741, 0, 0.2263, 0), (-0.8824, 0, 0.4705, 0), (0.9233, 0, 0.3841, 0), (0.6452, 0, 0.764, 0), (-0.77, 0, 0.638, 0), (0.3164, 0, 0.9486, 0), (-0.5678, 0, 0.8232, 0), (-0.9555, 0, 0.2951, 0), (-0.9055, 0, 0.4243, 0), (-0.3746, 0, 0.9272, 0), (-0.658, 0, 0.753, 0), (-0.5737, 0, 0.819, 0), (-0.5486, 0, 0.8361, 0), (0.9971, 0, 0.0759, 0), (-1, 0, 0.0047, 0), (-0.9619, 0, 0.2733, 0), (-0.2969, 0, 0.9549, 0), (-0.0022, 0, 1, 0), (0.9022, 0, 0.4312, 0), (0.3769, 0, 0.9263, 0), (-0.9327, 0, 0.3606, 0), (0.6411, 0, 0.7674, 0), (0.989, 0, 0.148, 0), (-0.523, 0, 0.8523, 0), (0.455, 0, 0.8905, 0), (-0.7677, 0, 0.6408, 0), (0.9923, 0, 0.1242, 0), (-0.7262, 0, 0.6875, 0), (-0.0442, 0, 0.999, 0), (-0.3107, 0, 0.9505, 0), (-0.0081, 0, 1, 0), (-0.6259, 0, 0.7799, 0), (-0.9909, 0, 0.1343, 0), (0.7974, 0, 0.6034, 0), (-0.0448, 0, 0.999, 0), (0.9181, 0, 0.3964, 0), (0.1887, 0, 0.982, 0), (0.92, 0, 0.3918, 0), (-0.7984, 0, 0.6022, 0), (-0.9993, 0, 0.0371, 0), (0.4576, 0, 0.8891, 0), (-0.9641, 0, 0.2657, 0), (0.8886, 0, 0.4588, 0), (0.9917, 0, 0.1289, 0), (0.821, 0, 0.571, 0), (-0.9782, 0, 0.2075, 0), (-0.8476, 0, 0.5307, 0), (-0.4266, 0, 0.9045, 0), (-0.0827, 0, 0.9966, 0), (-0.6913, 0, 0.7226, 0), (-0.8688, 0, 0.4952, 0), (0.5708, 0, 0.8211, 0), (0.9983, 0, 0.0587, 0), (0.8871, 0, 0.4616, 0), (0.6622, 0, 0.7493, 0), (0.3142, 0, 0.9494, 0), (0.9588, 0, 0.2839, 0), (0.5453, 0, 0.8382, 0), (-0.4763, 0, 0.8793, 0), (0.5651, 0, 0.825, 0), (-0.9227, 0, 0.3854, 0), (-0.154, 0, 0.9881, 0), (0.3168, 0, 0.9485, 0), (0.9649, 0, 0.2626, 0), (-0.992, 0, 0.126, 0), (-0.2747, 0, 0.9615, 0), (0.954, 0, 0.2997, 0), (-0.5607, 0, 0.828, 0), (0.7496, 0, 0.6619, 0), (1, 0, 0.0016, 0), (-0.6499, 0, 0.76, 0), (0.8004, 0, 0.5994, 0), (0.7209, 0, 0.6931, 0), (0.8436, 0, 0.537, 0), (0.3815, 0, 0.9244, 0), (-0.4893, 0, 0.8721, 0), (-0.0349, 0, 0.9994, 0), (-0.0682, 0, 0.9977, 0), (-0.0552, 0, 0.9985, 0), (-0.8535, 0, 0.5211, 0), (0.5897, 0, 0.8076, 0), (0.8782, 0, 0.4783, 0), (-0.0906, 0, 0.9959, 0), (0.8725, 0, 0.4887, 0), (0.9318, 0, 0.363, 0), (0.9957, 0, 0.0927, 0), (0.7534, 0, 0.6575, 0), (0.2061, 0, 0.9785, 0), (-0.963, 0, 0.2696, 0), (-0.1499, 0, 0.9887, 0), (0.1845, 0, 0.9828, 0), (-0.9866, 0, 0.1634, 0), (-0.4554, 0, 0.8903, 0), (-0.2499, 0, 0.9683, 0), (0.2995, 0, 0.9541, 0), (-0.9989, 0, 0.0467, 0), (0.0563, 0, 0.9984, 0), (-0.7472, 0, 0.6646, 0), (0.0068, 0, 1, 0), (-0.7212, 0, 0.6927, 0), (-0.9077, 0, 0.4196, 0), (0.4237, 0, 0.9058, 0), (0.1927, 0, 0.9813, 0), (0.4304, 0, 0.9026, 0), (-0.9968, 0, 0.0801, 0), (0.5274, 0, 0.8496, 0), (-0.815, 0, 0.5795, 0), (-0.9997, 0, 0.0237, 0), (-0.9603, 0, 0.279, 0), (-0.9703, 0, 0.2418, 0), (-0.8451, 0, 0.5346, 0), (0.1057, 0, 0.9944, 0), (0.6065, 0, 0.7951, 0), (-0.2998, 0, 0.954, 0), (-0.6731, 0, 0.7395, 0), (-0.7265, 0, 0.6872, 0), (-0.9995, 0, 0.0307, 0), (-0.619, 0, 0.7854, 0), (-0.6178, 0, 0.7863, 0), (0.9418, 0, 0.3363, 0), (-0.0246, 0, 0.9997, 0), (-0.729, 0, 0.6845, 0), (-0.8216, 0, 0.5701, 0), (0.7164, 0, 0.6977, 0), (-0.6214, 0, 0.7835, 0), (-0.0285, 0, 0.9996, 0), (-0.728, 0, 0.6856, 0), (-0.9246, 0, 0.381, 0), (0.9531, 0, 0.3028, 0), (-0.6184, 0, 0.7858, 0), (-0.5819, 0, 0.8133, 0), (-0.7418, 0, 0.6706, 0), (-0.8737, 0, 0.4864, 0), (0.9999, 0, 0.0159, 0), (0.6769, 0, 0.7361, 0), (0.2642, 0, 0.9645, 0), (-0.9756, 0, 0.2194, 0), (-0.9832, 0, 0.1824, 0), (-0.764, 0, 0.6452, 0), (-0.9503, 0, 0.3114, 0), (-0.8667, 0, 0.4988, 0), (-0.9974, 0, 0.0719, 0), (-0.4872, 0, 0.8733, 0), (0.9257, 0, 0.3783, 0), (0.9408, 0, 0.339, 0), (0.7367, 0, 0.6762, 0), (0.8331, 0, 0.5531, 0), (-0.0155, 0, 0.9999, 0), (0.2447, 0, 0.9696, 0), (-0.0272, 0, 0.9996, 0), (0.0672, 0, 0.9977, 0), (0.9321, 0, 0.3623, 0), (0.8103, 0, 0.586, 0), (0.532, 0, 0.8468, 0), (-0.9998, 0, 0.0174, 0), (-0.766, 0, 0.6429, 0), (-0.7457, 0, 0.6663, 0), (-0.6378, 0, 0.7702, 0), (-0.9268, 0, 0.3754, 0), (-0.861, 0, 0.5086, 0), (-0.12, 0, 0.9928, 0), (-0.1958, 0, 0.9807, 0), (-0.559, 0, 0.8292, 0), (-0.3601, 0, 0.9329, 0), (-0.3353, 0, 0.9421, 0), (-0.6337, 0, 0.7736, 0), (-0.0239, 0, 0.9997, 0), (0.4322, 0, 0.9018, 0), (-0.9926, 0, 0.1211, 0), (0.2304, 0, 0.9731, 0), (-0.9986, 0, 0.0521, 0), (-0.9013, 0, 0.4333, 0), (-0.803, 0, 0.596, 0), (-0.1569, 0, 0.9876, 0), (0.0341, 0, 0.9994, 0), (0.5617, 0, 0.8274, 0), (-0.9991, 0, 0.0416, 0), (-0.783, 0, 0.6221, 0), (-0.1828, 0, 0.9832, 0), (-0.1889, 0, 0.982, 0), (-0.9563, 0, 0.2922, 0), (1, 0, 0.0058, 0), (0.2889, 0, 0.9573, 0), (-0.3222, 0, 0.9467, 0), (0.6599, 0, 0.7514, 0), (0.2717, 0, 0.9624, 0), (0.4559, 0, 0.8901, 0), (-0.9722, 0, 0.2342, 0), (-0.5058, 0, 0.8626, 0), (-0.9723, 0, 0.2339, 0), (0.3577, 0, 0.9338, 0), (0.7692, 0, 0.639, 0), (-0.9873, 0, 0.1588, 0), (-0.6446, 0, 0.7645, 0), (0.4388, 0, 0.8986, 0), (-0.177, 0, 0.9842, 0), (-0.3656, 0, 0.9308, 0), (0.8019, 0, 0.5974, 0), (-0.9764, 0, 0.2159, 0), (-0.1355, 0, 0.9908, 0), (0.6122, 0, 0.7907, 0), (0.2618, 0, 0.9651, 0), (0.5236, 0, 0.852, 0), (0.4917, 0, 0.8708, 0), (0.9754, 0, 0.2206, 0), (0.352, 0, 0.936, 0), (0.0794, 0, 0.9968, 0), (-0.9373, 0, 0.3484, 0), (0.317, 0, 0.9484, 0), (-0.5143, 0, 0.8576, 0), (-0.5888, 0, 0.8083, 0), (0.576, 0, 0.8175, 0), (0.9016, 0, 0.4325, 0), (-0.436, 0, 0.9, 0), (0.9771, 0, 0.2129, 0), (-0.2714, 0, 0.9625, 0), (-0.5503, 0, 0.835, 0), (-0.2402, 0, 0.9707, 0), (0.2935, 0, 0.956, 0), (-0.7404, 0, 0.6722, 0), (0.5532, 0, 0.8331, 0), (-0.949, 0, 0.3152, 0), (0.5063, 0, 0.8624, 0), (-0.8357, 0, 0.5493, 0), (0.3336, 0, 0.9427, 0), (-0.9991, 0, 0.0429, 0), (0.9073, 0, 0.4204, 0), (0.8537, 0, 0.5208, 0), (-0.9297, 0, 0.3682, 0), (0.9283, 0, 0.3719, 0), (0.9473, 0, 0.3204, 0), (0.9999, 0, 0.0159, 0), (1, 0, 0.0084, 0), (0.2916, 0, 0.9565, 0), (-0.8269, 0, 0.5624, 0), (-0.9865, 0, 0.1639, 0), (-0.8838, 0, 0.4679, 0), (-0.2034, 0, 0.9791, 0), (0.9265, 0, 0.3764, 0), (-0.9759, 0, 0.2183, 0), (-0.0263, 0, 0.9997, 0), (0.9009, 0, 0.434, 0), (-0.9995, 0, 0.0313, 0), (0.998, 0, 0.0633, 0), (0.3293, 0, 0.9442, 0), (-0.0006, 0, 1, 0), (-0.9396, 0, 0.3422, 0), (-0.6424, 0, 0.7664, 0), (-0.7447, 0, 0.6674, 0), (-0.725, 0, 0.6887, 0), (-0.5925, 0, 0.8056, 0), (0.1407, 0, 0.9901, 0), (0.7899, 0, 0.6132, 0), (0.9997, 0, 0.0243, 0), (-0.8358, 0, 0.549, 0), (-0.2124, 0, 0.9772, 0), (-0.8143, 0, 0.5804, 0), (-0.9656, 0, 0.2599, 0), (0.5854, 0, 0.8107, 0), (-0.7919, 0, 0.6107, 0), (0.9982, 0, 0.0603, 0), (-0.9959, 0, 0.0903, 0), (-0.3855, 0, 0.9227, 0), (0.6518, 0, 0.7584, 0), (-0.9994, 0, 0.0345, 0), (0.5468, 0, 0.8373, 0), (-0.9913, 0, 0.1314, 0), (0.9044, 0, 0.4266, 0), (-0.7662, 0, 0.6426, 0), (-0.9664, 0, 0.2571, 0), (-0.9454, 0, 0.326, 0), (0.8264, 0, 0.563, 0), (0.8473, 0, 0.5311, 0), (0.9876, 0, 0.1572, 0), (-0.9997, 0, 0.0254, 0), (-0.9983, 0, 0.0576, 0), (-0.9766, 0, 0.2152, 0), (0.9789, 0, 0.2044, 0), (0.5049, 0, 0.8632, 0), (-0.203, 0, 0.9792, 0), (-0.9221, 0, 0.3869, 0), (0.9818, 0, 0.19, 0), (-0.0451, 0, 0.999, 0), (-0.8298, 0, 0.5581, 0), (-0.9193, 0, 0.3935, 0), (0.7954, 0, 0.6061, 0), (-0.4769, 0, 0.8789, 0), (0.9599, 0, 0.2802, 0), (-0.0434, 0, 0.9991, 0), (0.9881, 0, 0.154, 0), (-0.0093, 0, 1, 0), (-0.9084, 0, 0.4181, 0), (-0.6556, 0, 0.7551, 0), (-0.5648, 0, 0.8252, 0), (-0.7238, 0, 0.69, 0), (-0.0607, 0, 0.9982, 0), (0.143, 0, 0.9897, 0), (-0.9993, 0, 0.0384, 0), (-0.6506, 0, 0.7594, 0), (-0.3669, 0, 0.9303, 0), (-0.6431, 0, 0.7658, 0), (0.9034, 0, 0.4288, 0), (0.776, 0, 0.6307, 0), (0.9976, 0, 0.0696, 0), (-0.9488, 0, 0.3159, 0), (-0.9968, 0, 0.08, 0), (-0.8048, 0, 0.5936, 0), (-0.1444, 0, 0.9895, 0), (-0.2496, 0, 0.9683, 0), (-0.711, 0, 0.7032, 0), (0.175, 0, 0.9846, 0), (-0.8433, 0, 0.5374, 0), (0.8192, 0, 0.5735, 0), (0.7784, 0, 0.6278, 0), (-0.0548, 0, 0.9985, 0), (0.6762, 0, 0.7367, 0), (-0.8896, 0, 0.4568, 0), (0.9096, 0, 0.4154, 0), (-0.9406, 0, 0.3396, 0), (-0.3311, 0, 0.9436, 0), (-0.9689, 0, 0.2474, 0), (-0.9995, 0, 0.0329, 0), (-0.9361, 0, 0.3517, 0), (-0.0271, 0, 0.9996, 0), (0.9595, 0, 0.2817, 0), (0.9509, 0, 0.3096, 0), (0.7245, 0, 0.6892, 0), (0.8436, 0, 0.537, 0), (0.9927, 0, 0.1203, 0), (-0.9031, 0, 0.4294, 0), (0.894, 0, 0.4481, 0), (0.872, 0, 0.4895, 0), (-0.9405, 0, 0.3398, 0), (-0.9936, 0, 0.1132, 0), (-0.3642, 0, 0.9313, 0), (-0.2076, 0, 0.9782, 0), (0.3754, 0, 0.9269, 0), (0.1752, 0, 0.9845, 0), (0.7091, 0, 0.7051, 0), (0.3631, 0, 0.9317, 0), (-0.6843, 0, 0.7292, 0), (0.0176, 0, 0.9998, 0), (-0.3939, 0, 0.9192, 0), (0.1445, 0, 0.9895, 0), (-0.0956, 0, 0.9954, 0), (-0.1418, 0, 0.9899, 0), (-0.9395, 0, 0.3427, 0), (-0.9421, 0, 0.3352, 0), (-0.1029, 0, 0.9947, 0), (0.9595, 0, 0.2816, 0), (0.2497, 0, 0.9683, 0), (0.8282, 0, 0.5605, 0), (0.9956, 0, 0.0934, 0), (0.9599, 0, 0.2802, 0), (0.998, 0, 0.0634, 0), (-0.9008, 0, 0.4342, 0), (-0.0136, 0, 0.9999, 0), (-0.6214, 0, 0.7835, 0), (-0.972, 0, 0.2351, 0), (-0.7032, 0, 0.711, 0), (0.9342, 0, 0.3568, 0), (0.1348, 0, 0.9909, 0), (-0.5119, 0, 0.8591, 0), (0.9025, 0, 0.4308, 0), (-0.8561, 0, 0.5169, 0), (0.5659, 0, 0.8245, 0), (-0.5981, 0, 0.8014, 0), (-0.9994, 0, 0.0352, 0), (0.2257, 0, 0.9742, 0), (0.8613, 0, 0.5082, 0), (-0.5591, 0, 0.8291, 0), (-0.4002, 0, 0.9164, 0), (0.6012, 0, 0.7991, 0), (-0.9033, 0, 0.4289, 0), (-0.4525, 0, 0.8918, 0), (0.8915, 0, 0.453, 0), (0.7255, 0, 0.6882, 0), (0.8062, 0, 0.5917, 0), (0.1414, 0, 0.99, 0), (-0.9968, 0, 0.0803, 0), (-0.7035, 0, 0.7107, 0), (-0.8863, 0, 0.4631, 0), (-0.3672, 0, 0.9302, 0), (0.9453, 0, 0.3261, 0), (0.4406, 0, 0.8977, 0), (0.8776, 0, 0.4793, 0), (-0.8433, 0, 0.5374, 0), (-0.4191, 0, 0.9079, 0), (-0.5729, 0, 0.8196, 0), (-0.9908, 0, 0.1352, 0), (0.7339, 0, 0.6792, 0), (-0.9953, 0, 0.0969, 0), (0.9998, 0, 0.0173, 0), (-0.9492, 0, 0.3145, 0), (-0.192, 0, 0.9814, 0), (-0.831, 0, 0.5563, 0), (0.5289, 0, 0.8487, 0), (0.7105, 0, 0.7037, 0), (0.5039, 0, 0.8638, 0), (-0.6255, 0, 0.7802, 0), (0.4939, 0, 0.8695, 0), (-0.0993, 0, 0.9951, 0), (-0.9909, 0, 0.1346, 0), (-0.2839, 0, 0.9589, 0), (0.1042, 0, 0.9946, 0), (0.9408, 0, 0.339, 0), (-0.4737, 0, 0.8807, 0), (0.8078, 0, 0.5894, 0), (-0.1069, 0, 0.9943, 0), (-0.1523, 0, 0.9883, 0), (0.7807, 0, 0.6249, 0), (0.6166, 0, 0.7873, 0), (-0.7001, 0, 0.7141, 0), (-0.5443, 0, 0.8389, 0), (0.1647, 0, 0.9863, 0), (0.3919, 0, 0.92, 0), (0.9997, 0, 0.0226, 0), (0.0043, 0, 1, 0), (-0.9506, 0, 0.3103, 0), (0.6113, 0, 0.7914, 0), (-0.8553, 0, 0.5182, 0), (0.132, 0, 0.9912, 0), (-0.6206, 0, 0.7841, 0), (0.0496, 0, 0.9988, 0), (-0.2868, 0, 0.958, 0), (0.7853, 0, 0.6192, 0), (-0.8575, 0, 0.5145, 0), (0.5546, 0, 0.8321, 0), (-0.6035, 0, 0.7974, 0), (0.1754, 0, 0.9845, 0), (-0.2215, 0, 0.9751, 0), (-0.9373, 0, 0.3487, 0), (0.9016, 0, 0.4326, 0), (-0.999, 0, 0.0458, 0), (0.9894, 0, 0.145, 0), (0.288, 0, 0.9576, 0), (-0.9694, 0, 0.2457, 0), (-0.9581, 0, 0.2863, 0), (0.2363, 0, 0.9717, 0), (-0.802, 0, 0.5974, 0), (-0.8859, 0, 0.4639, 0), (-0.7247, 0, 0.689, 0), (-0.9715, 0, 0.2369, 0), (0.5291, 0, 0.8486, 0), (0.4662, 0, 0.8847, 0), (0.2176, 0, 0.976, 0), (0.5606, 0, 0.8281, 0), (-0.9365, 0, 0.3506, 0), (-0.8739, 0, 0.4862, 0), (-0.2911, 0, 0.9567, 0), (-0.9413, 0, 0.3376, 0), (-0.8753, 0, 0.4836, 0), (-0.7315, 0, 0.6819, 0), (-0.8821, 0, 0.471, 0), (0.3527, 0, 0.9357, 0), (-0.7709, 0, 0.637, 0), (0.6108, 0, 0.7918, 0), (0.9397, 0, 0.342, 0), (-0.7063, 0, 0.7079, 0), (0.5361, 0, 0.8441, 0), (0.9998, 0, 0.021, 0), (-0.8042, 0, 0.5943, 0), (-0.9513, 0, 0.3081, 0), (-0.4324, 0, 0.9017, 0), (0.9972, 0, 0.0744, 0), (-0.3634, 0, 0.9316, 0), (0.8894, 0, 0.4572, 0), (0.5909, 0, 0.8067, 0), (0.5038, 0, 0.8638, 0), (-0.3501, 0, 0.9367, 0), (-0.9998, 0, 0.0219, 0), (-0.1319, 0, 0.9913, 0), (0.5543, 0, 0.8323, 0), (0.9911, 0, 0.1332, 0), (0.3021, 0, 0.9533, 0), (-0.5046, 0, 0.8634, 0), (-0.7694, 0, 0.6388, 0), (-0.9963, 0, 0.0864, 0), (0.9887, 0, 0.1496, 0), (0.999, 0, 0.0457, 0), (0.9461, 0, 0.3239, 0), (-0.9234, 0, 0.3838, 0), (-0.8468, 0, 0.5319, 0), (-0.9187, 0, 0.3948, 0), (0.7857, 0, 0.6187, 0), (0.3951, 0, 0.9186, 0), (0.5963, 0, 0.8028, 0), (0.5416, 0, 0.8406, 0), (0.6281, 0, 0.7781, 0), (-0.5963, 0, 0.8028, 0), (0.3187, 0, 0.9479, 0), (0.206, 0, 0.9786, 0), (0.9956, 0, 0.094, 0), (0.7368, 0, 0.6761, 0), (-0.3032, 0, 0.9529, 0), (0.4153, 0, 0.9097, 0), (0.2282, 0, 0.9736, 0), (-0.7487, 0, 0.6629, 0), (-0.7933, 0, 0.6089, 0), (0.9955, 0, 0.0944, 0), (0.9087, 0, 0.4174, 0), (-0.4629, 0, 0.8864, 0), (-0.3112, 0, 0.9504, 0), (0.9211, 0, 0.3893, 0), (0.9176, 0, 0.3975, 0), (0.2703, 0, 0.9628, 0), (-0.8672, 0, 0.4979, 0), (0.9985, 0, 0.0555, 0), (0.7197, 0, 0.6943, 0), (0.3859, 0, 0.9225, 0), (0.8, 0, 0.5999, 0), (0.98, 0, 0.1992, 0), (0.3512, 0, 0.9363, 0), (0.7523, 0, 0.6589, 0), (-0.9968, 0, 0.0798, 0), (0.8208, 0, 0.5713, 0), (-0.9602, 0, 0.2793, 0), (-0.6276, 0, 0.7786, 0), (0.6601, 0, 0.7512, 0), (-0.8417, 0, 0.5399, 0), (-0.4742, 0, 0.8804, 0), (-0.6039, 0, 0.797, 0), (0.1703, 0, 0.9854, 0), (-0.3994, 0, 0.9168, 0), (-0.4899, 0, 0.8718, 0), (-0.8481, 0, 0.5299, 0), (0.3277, 0, 0.9448, 0), (-0.48, 0, 0.8773, 0), (-0.5206, 0, 0.8538, 0), (0.2046, 0, 0.9788, 0), (0.6733, 0, 0.7394, 0), (-0.2426, 0, 0.9701, 0), (0.4794, 0, 0.8776, 0), (-0.9785, 0, 0.2064, 0), (0.9995, 0, 0.0315, 0), (0.77, 0, 0.6381, 0), (0.9297, 0, 0.3684, 0), (0.2093, 0, 0.9779, 0), (-0.1496, 0, 0.9887, 0), (-0.0731, 0, 0.9973, 0), (0.871, 0, 0.4913, 0), (-0.4298, 0, 0.9029, 0), (0.768, 0, 0.6405, 0), (-0.786, 0, 0.6182, 0), (0.4438, 0, 0.8961, 0), (0.5265, 0, 0.8501, 0), (0.0819, 0, 0.9966, 0), (0.9616, 0, 0.2744, 0), (-0.8175, 0, 0.576, 0), (0.2803, 0, 0.9599, 0), (-0.6055, 0, 0.7959, 0), (-0.9743, 0, 0.2255, 0), (0.5634, 0, 0.8262, 0), (-0.8756, 0, 0.4831, 0), (0.9215, 0, 0.3884, 0), (0.0419, 0, 0.9991, 0), (-0.2025, 0, 0.9793, 0), (-0.8243, 0, 0.5661, 0), (0.8265, 0, 0.5629, 0), (-0.4228, 0, 0.9062, 0), (0.1985, 0, 0.9801, 0), (0.9334, 0, 0.3589, 0), (-0.9209, 0, 0.3899, 0), (0.3, 0, 0.9539, 0), (1, 0, 0.0078, 0), (0.9893, 0, 0.1462, 0), (0.6294, 0, 0.7771, 0), (-0.9983, 0, 0.0577, 0), (-0.9305, 0, 0.3664, 0), (0.8669, 0, 0.4984, 0), (-0.3851, 0, 0.9229, 0), (-0.6428, 0, 0.766, 0), (-0.9286, 0, 0.3712, 0), (0.9173, 0, 0.3981, 0), (0.8199, 0, 0.5725, 0), (-0.9621, 0, 0.2728, 0), (-0.0198, 0, 0.9998, 0), (0.6599, 0, 0.7513, 0), (0.3216, 0, 0.9469, 0), (-0.1393, 0, 0.9902, 0), (-0.9842, 0, 0.177, 0), (-0.416, 0, 0.9094, 0), (0.3995, 0, 0.9167, 0), (-0.8757, 0, 0.4829, 0), (0.1994, 0, 0.9799, 0), (0.3813, 0, 0.9244, 0), (0.5429, 0, 0.8398, 0), (0.3239, 0, 0.9461, 0), (-0.9466, 0, 0.3225, 0), (-0.825, 0, 0.5651, 0), (0.9923, 0, 0.1235, 0), (-0.9683, 0, 0.2498, 0), (-0.7782, 0, 0.628, 0), (-0.8741, 0, 0.4858, 0), (0.8202, 0, 0.5721, 0), (0.7296, 0, 0.6838, 0), (0.2171, 0, 0.9762, 0), (-0.7682, 0, 0.6403, 0), (-0.1677, 0, 0.9858, 0), (0.9999, 0, 0.014, 0), (-0.3952, 0, 0.9186, 0), (0.4655, 0, 0.8851, 0), (0.8692, 0, 0.4945, 0), (-0.7835, 0, 0.6214, 0), (-0.7457, 0, 0.6663, 0), (-0.5846, 0, 0.8114, 0), (-0.2062, 0, 0.9785, 0), (-0.3455, 0, 0.9384, 0), (0.9632, 0, 0.2687, 0), (-0.8374, 0, 0.5465, 0), (0.5551, 0, 0.8318, 0), (0.1008, 0, 0.9949, 0), (-0.8805, 0, 0.474, 0), (-0.1075, 0, 0.9942, 0), (-0.9932, 0, 0.1168, 0), (-0.9905, 0, 0.1378, 0), (-0.9657, 0, 0.2595, 0), (0.7611, 0, 0.6487, 0), (-0.202, 0, 0.9794, 0), (-0.3681, 0, 0.9298, 0), (-0.8736, 0, 0.4867, 0), (-0.9614, 0, 0.2753, 0), (-0.1307, 0, 0.9914, 0), (-0.8622, 0, 0.5066, 0), (0.076, 0, 0.9971, 0), (0.7816, 0, 0.6237, 0), (0.9275, 0, 0.3738, 0), (-0.9999, 0, 0.0168, 0), (0.9249, 0, 0.3801, 0), (0.2189, 0, 0.9757, 0), (-0.0037, 0, 1, 0), (0.9885, 0, 0.1513, 0), (0.8139, 0, 0.581, 0), (-0.748, 0, 0.6637, 0), (0.9392, 0, 0.3432, 0), (-0.1852, 0, 0.9827, 0), (-0.6093, 0, 0.7929, 0), (-0.9877, 0, 0.1562, 0), (0.323, 0, 0.9464, 0), (-0.9958, 0, 0.092, 0), (0.8569, 0, 0.5156, 0), (-0.9924, 0, 0.1233, 0), (-0.9853, 0, 0.171, 0), (-0.2428, 0, 0.9701, 0), (0.998, 0, 0.0629, 0), (-0.3681, 0, 0.9298, 0), (-0.762, 0, 0.6476, 0), (0.6721, 0, 0.7405, 0), (0.9625, 0, 0.2714, 0), (0.1414, 0, 0.99, 0), (0.6741, 0, 0.7386, 0), (-0.7865, 0, 0.6176, 0), (0.2686, 0, 0.9632, 0), (0.4202, 0, 0.9074, 0), (0.1128, 0, 0.9936, 0), (0.2264, 0, 0.974, 0), (-0.5817, 0, 0.8134, 0), (-0.8121, 0, 0.5836, 0), (0.16, 0, 0.9871, 0), (0.9265, 0, 0.3764, 0), (0.8963, 0, 0.4435, 0), (0.0168, 0, 0.9999, 0), (0.9988, 0, 0.0483, 0), (-0.3292, 0, 0.9442, 0), (-0.2906, 0, 0.9568, 0), (1, 0, 0.0028, 0), (0.5067, 0, 0.8621, 0), (-0.457, 0, 0.8895, 0), (0.4084, 0, 0.9128, 0), (0.6848, 0, 0.7288, 0), (-0.7851, 0, 0.6193, 0), (-0.4223, 0, 0.9065, 0), (0.6018, 0, 0.7986, 0), (-0.8208, 0, 0.5712, 0), (-0.9981, 0, 0.0615, 0), (-0.1634, 0, 0.9866, 0), (-0.7929, 0, 0.6093, 0), (-0.3734, 0, 0.9277, 0), (-0.6615, 0, 0.75, 0), (-0.9183, 0, 0.3958, 0), (0.8563, 0, 0.5165, 0), (-0.8161, 0, 0.5779, 0), (0.743, 0, 0.6692, 0), (0.5917, 0, 0.8062, 0), (0.2021, 0, 0.9794, 0), (0.4041, 0, 0.9147, 0), (-0.3317, 0, 0.9434, 0), (0.8262, 0, 0.5634, 0), (-0.4641, 0, 0.8858, 0), (0.3977, 0, 0.9175, 0), (0.0461, 0, 0.9989, 0), (-0.7402, 0, 0.6724, 0), (-0.9192, 0, 0.3939, 0), (0.0691, 0, 0.9976, 0), (-0.9714, 0, 0.2375, 0), (0.8878, 0, 0.4602, 0), (0.8747, 0, 0.4848, 0), (-0.5865, 0, 0.8099, 0), (-0.9566, 0, 0.2913, 0), (-0.8356, 0, 0.5493, 0), (-0.9838, 0, 0.1792, 0), (-0.7368, 0, 0.6761, 0), (-0.4098, 0, 0.9122, 0), (0.6604, 0, 0.7509, 0), (-0.9818, 0, 0.1901, 0), (0.2815, 0, 0.9596, 0), (0.9288, 0, 0.3706, 0), (-0.989, 0, 0.1478, 0), (-0.1001, 0, 0.995, 0), (-0.7036, 0, 0.7106, 0), (-0.9601, 0, 0.2795, 0), (-0.9893, 0, 0.1458, 0), (0.9918, 0, 0.1276, 0), (-0.0641, 0, 0.9979, 0), (-0.307, 0, 0.9517, 0), (0.908, 0, 0.4189, 0), (0.1493, 0, 0.9888, 0), (-0.3186, 0, 0.9479, 0), (-0.8618, 0, 0.5073, 0), (-0.5784, 0, 0.8157, 0), (0.7453, 0, 0.6668, 0), (0.5962, 0, 0.8028, 0), (-0.0597, 0, 0.9982, 0), (-0.9947, 0, 0.1029, 0), (-0.9888, 0, 0.1494, 0), (-0.9736, 0, 0.2283, 0), (-0.5657, 0, 0.8246, 0), (-0.857, 0, 0.5154, 0), (-0.1758, 0, 0.9844, 0), (0.804, 0, 0.5946, 0), (-0.4777, 0, 0.8785, 0), (-0.9344, 0, 0.3562, 0), (-0.8668, 0, 0.4987, 0), (0.9611, 0, 0.2762, 0), (-0.9978, 0, 0.0666, 0), (-0.6968, 0, 0.7173, 0), (-0.9694, 0, 0.2455, 0), (-0.1481, 0, 0.989, 0), (0.9774, 0, 0.2112, 0), (-0.226, 0, 0.9741, 0), (0.6158, 0, 0.7879, 0), (0.5319, 0, 0.8468, 0), (-0.9949, 0, 0.1004, 0), (0.1261, 0, 0.992, 0), (-1, 0, 0.0017, 0), (-0.7532, 0, 0.6577, 0), (0.7839, 0, 0.6208, 0), (-0.6229, 0, 0.7823, 0), (0.9262, 0, 0.3771, 0), (0.8331, 0, 0.5532, 0), (-0.3684, 0, 0.9297, 0), (0.9903, 0, 0.1388, 0), (0.3072, 0, 0.9516, 0), (-0.9982, 0, 0.0599, 0), (-0.9091, 0, 0.4167, 0), (0.1369, 0, 0.9906, 0), (-0.9104, 0, 0.4137, 0), (0.767, 0, 0.6417, 0), (-0.4469, 0, 0.8946, 0), (0.2899, 0, 0.9571, 0), (-0.4361, 0, 0.8999, 0), (0.0251, 0, 0.9997, 0), (0.0841, 0, 0.9965, 0), (-0.7082, 0, 0.706, 0), (0.9847, 0, 0.1742, 0), (0.4587, 0, 0.8886, 0), (0.9167, 0, 0.3995, 0), (-0.7868, 0, 0.6172, 0), (-0.9048, 0, 0.4258, 0), (-0.1906, 0, 0.9817, 0), (0.3267, 0, 0.9451, 0), (0.9851, 0, 0.1718, 0), (-0.9972, 0, 0.0749, 0), (-0.6047, 0, 0.7965, 0), (-0.7596, 0, 0.6504, 0), (-0.9455, 0, 0.3257, 0), (-0.9997, 0, 0.0235, 0), (-0.9333, 0, 0.3592, 0), (-0.597, 0, 0.8022, 0), (-0.2591, 0, 0.9658, 0), (-0.6141, 0, 0.7892, 0), (0.8609, 0, 0.5087, 0), (-0.6556, 0, 0.7551, 0), (0.0269, 0, 0.9996, 0), (0.9891, 0, 0.147, 0), (-0.9958, 0, 0.0918, 0), (-0.8418, 0, 0.5398, 0), (-0.7022, 0, 0.7119, 0), (-0.0555, 0, 0.9985, 0), (0.7218, 0, 0.6921, 0), (-0.2002, 0, 0.9798, 0), (-0.0586, 0, 0.9983, 0), (-0.8893, 0, 0.4573, 0), (0.7385, 0, 0.6742, 0), (0.7329, 0, 0.6803, 0), (0.8473, 0, 0.5312, 0), (0.4365, 0, 0.8997, 0), (-0.7322, 0, 0.6811, 0), (0.9546, 0, 0.2978, 0), (0.6038, 0, 0.7971, 0), (-0.9216, 0, 0.388, 0), (-0.7834, 0, 0.6216, 0), (0.8878, 0, 0.4601, 0), (-0.9999, 0, 0.0166, 0), (0.5198, 0, 0.8543, 0), (-0.3598, 0, 0.933, 0), (0.6915, 0, 0.7224, 0), (-0.9101, 0, 0.4143, 0), (-0.8784, 0, 0.4779, 0), (-0.8677, 0, 0.4971, 0), (-0.8703, 0, 0.4926, 0), (0.5509, 0, 0.8346, 0), (0.7237, 0, 0.6901, 0), (0.9977, 0, 0.0677, 0), (0.9222, 0, 0.3868, 0), (-0.0107, 0, 0.9999, 0), (-0.5411, 0, 0.8409, 0), (0.1786, 0, 0.9839, 0), (0.9781, 0, 0.2083, 0), (-0.7142, 0, 0.6999, 0), (0.7862, 0, 0.618, 0), (-0.6445, 0, 0.7646, 0), (0.5371, 0, 0.8435, 0), (0.1738, 0, 0.9848, 0), (-0.3726, 0, 0.928, 0), (0.5136, 0, 0.858, 0), (0.9762, 0, 0.2168, 0), (-0.5614, 0, 0.8276, 0), (-0.2927, 0, 0.9562, 0), (0.6753, 0, 0.7376, 0), (-0.9743, 0, 0.2252, 0), (-0.0102, 0, 0.9999, 0), (0.9556, 0, 0.2946, 0), (-0.3394, 0, 0.9406, 0), (-0.2084, 0, 0.978, 0), (0.8094, 0, 0.5872, 0), (0.4352, 0, 0.9003, 0), (0.9226, 0, 0.3858, 0), (-0.2899, 0, 0.957, 0), (0.418, 0, 0.9085, 0), (0.9612, 0, 0.276, 0), (-0.6003, 0, 0.7998, 0), (1, 0, 0.0088, 0), (0.708, 0, 0.7062, 0), (0.3994, 0, 0.9168, 0), (0.9377, 0, 0.3474, 0), (-0.9641, 0, 0.2655, 0), (0.5051, 0, 0.8631, 0), (-0.6325, 0, 0.7746, 0), (-0.6512, 0, 0.7589, 0), (-0.8725, 0, 0.4886, 0), (-0.3277, 0, 0.9448, 0), (-0.2586, 0, 0.966, 0), (-0.9714, 0, 0.2372, 0), (-0.9457, 0, 0.3249, 0), (0.8099, 0, 0.5865, 0), (0.3848, 0, 0.923, 0), (0.8263, 0, 0.5633, 0), (-0.9928, 0, 0.1199, 0), (0.5134, 0, 0.8581, 0), (0.6517, 0, 0.7584, 0), (-0.1796, 0, 0.9837, 0), (0.6052, 0, 0.7961, 0), (0.9077, 0, 0.4197, 0), (-0.7362, 0, 0.6767, 0), (-0.7871, 0, 0.6168, 0), (0.5903, 0, 0.8072, 0), (0.3326, 0, 0.9431, 0), (0.5428, 0, 0.8399, 0), (0.938, 0, 0.3467, 0), (-0.7333, 0, 0.6799, 0), (0.6155, 0, 0.7881, 0), (-0.0932, 0, 0.9956, 0), (0.8537, 0, 0.5208, 0), (0.1235, 0, 0.9923, 0), (-0.155, 0, 0.9879, 0), (0.9825, 0, 0.1865, 0), (-0.9458, 0, 0.3247, 0), (-0.7753, 0, 0.6316, 0), (0.7209, 0, 0.6931, 0), (-0.9993, 0, 0.0382, 0), (-0.6973, 0, 0.7168, 0), (-0.4053, 0, 0.9142, 0), (0.9679, 0, 0.2514, 0), (0.7736, 0, 0.6337, 0), (0.7341, 0, 0.679, 0), (0.9429, 0, 0.3331, 0), (0.8203, 0, 0.5719, 0), (-0.3325, 0, 0.9431, 0), (0.9889, 0, 0.1485, 0), (0.9413, 0, 0.3377, 0), (-0.8005, 0, 0.5993, 0), (0.9946, 0, 0.1034, 0), (0.6006, 0, 0.7996, 0), (-0.9066, 0, 0.4219, 0), (-0.5086, 0, 0.861, 0), (0.4333, 0, 0.9012, 0), (0.2367, 0, 0.9716, 0), (-0.0786, 0, 0.9969, 0), (0.4554, 0, 0.8903, 0), (-0.9527, 0, 0.304, 0), (0.3726, 0, 0.928, 0), (-0.9511, 0, 0.309, 0), (0.6033, 0, 0.7975, 0), (-0.506, 0, 0.8625, 0), (-0.606, 0, 0.7954, 0), (0.4639, 0, 0.8859, 0), (-0.4675, 0, 0.884, 0), (0.9992, 0, 0.0405, 0), (0.7256, 0, 0.6881, 0), (0.6302, 0, 0.7764, 0), (-0.5506, 0, 0.8348, 0), (-0.6556, 0, 0.7551, 0), (-0.258, 0, 0.9661, 0), (0.3966, 0, 0.918, 0), (-0.7327, 0, 0.6806, 0), (0.699, 0, 0.7152, 0), (0.4114, 0, 0.9114, 0), (0.6772, 0, 0.7358, 0), (0.261, 0, 0.9653, 0), (-0.9558, 0, 0.294, 0), (-0.0295, 0, 0.9996, 0), (-0.9261, 0, 0.3772, 0), (0.6506, 0, 0.7594, 0), (0.1613, 0, 0.9869, 0), (0.1642, 0, 0.9864, 0), (0.9941, 0, 0.1088, 0), (0.9174, 0, 0.3979, 0), (-0.4754, 0, 0.8798, 0), (-0.9121, 0, 0.4099, 0), (0.1309, 0, 0.9914, 0), (0.4826, 0, 0.8758, 0), (-0.9967, 0, 0.0816, 0), (0.567, 0, 0.8237, 0), (0.9956, 0, 0.0935, 0), (-0.8139, 0, 0.581, 0), (0.9082, 0, 0.4184, 0), (-0.6007, 0, 0.7995, 0), (-0.1384, 0, 0.9904, 0), (0.8248, 0, 0.5655, 0), (0.9975, 0, 0.0708, 0), (0.4216, 0, 0.9068, 0), (0.3623, 0, 0.932, 0), (-0.9634, 0, 0.2681, 0), (0.2061, 0, 0.9785, 0), (-0.7349, 0, 0.6782, 0), (0.015, 0, 0.9999, 0), (0.9924, 0, 0.1227, 0), (-0.1086, 0, 0.9941, 0), (-0.984, 0, 0.178, 0), (0.6256, 0, 0.7802, 0), (-0.9536, 0, 0.301, 0), (0.9779, 0, 0.2093, 0), (-0.9983, 0, 0.0587, 0), (-0.6723, 0, 0.7403, 0), (0.8068, 0, 0.5908, 0), (-0.5348, 0, 0.845, 0), (0.3644, 0, 0.9312, 0), (0.9367, 0, 0.35, 0), (0.8475, 0, 0.5308, 0), (-0.2798, 0, 0.9601, 0), (-0.7928, 0, 0.6095, 0), (-0.9878, 0, 0.1555, 0), (-0.5088, 0, 0.8609, 0), (0.9138, 0, 0.4061, 0), (-0.6201, 0, 0.7845, 0), (0.2969, 0, 0.9549, 0), (-0.963, 0, 0.2695, 0), (0.0188, 0, 0.9998, 0), (-0.5561, 0, 0.8311, 0), (0.908, 0, 0.419, 0), (0.483, 0, 0.8756, 0), (-0.0549, 0, 0.9985, 0), (-0.6194, 0, 0.7851, 0), (-0.4209, 0, 0.9071, 0), (0.9906, 0, 0.1366, 0), (-0.8501, 0, 0.5267, 0), (0.1294, 0, 0.9916, 0), (-0.9834, 0, 0.1816, 0), (0.9934, 0, 0.1143, 0), (-0.8355, 0, 0.5495, 0), (-0.8296, 0, 0.5583, 0), (-0.9855, 0, 0.1698, 0), (0.8517, 0, 0.5241, 0), (-0.9422, 0, 0.335, 0), (-0.7638, 0, 0.6454, 0), (0.0744, 0, 0.9972, 0), (0.5853, 0, 0.8108, 0), (0.649, 0, 0.7607, 0), (-0.7697, 0, 0.6384, 0), (0.8727, 0, 0.4882, 0), (-0.3552, 0, 0.9348, 0), (0.4624, 0, 0.8867, 0), (-0.9046, 0, 0.4263, 0), (0.1784, 0, 0.984, 0), (0.6471, 0, 0.7624, 0), (0.9034, 0, 0.4288, 0), (0.3633, 0, 0.9317, 0), (0.9756, 0, 0.2194, 0), (-0.9118, 0, 0.4107, 0), (-0.929, 0, 0.3701, 0), (0.0983, 0, 0.9952, 0), (0.0722, 0, 0.9974, 0), (-0.8523, 0, 0.523, 0), (0.9404, 0, 0.34, 0), (-0.1146, 0, 0.9934, 0), (-0.8975, 0, 0.4411, 0), (-0.9967, 0, 0.0817, 0), (-0.1778, 0, 0.9841, 0), (0.0578, 0, 0.9983, 0), (-0.7299, 0, 0.6836, 0), (-0.6817, 0, 0.7316, 0), (-0.9979, 0, 0.0653, 0), (-0.1827, 0, 0.9832, 0), (0.2168, 0, 0.9762, 0), (0.3635, 0, 0.9316, 0), (-0.973, 0, 0.2306, 0), (0.653, 0, 0.7573, 0), (-0.3427, 0, 0.9394, 0), (0.2703, 0, 0.9628, 0), (-0.9441, 0, 0.3298, 0), (0.6444, 0, 0.7647, 0), (-0.4329, 0, 0.9015, 0), (0.9314, 0, 0.3641, 0), (-0.0836, 0, 0.9965, 0), (-0.1863, 0, 0.9825, 0), (-0.8061, 0, 0.5917, 0), (0.0108, 0, 0.9999, 0), (-0.2322, 0, 0.9727, 0), (-0.9248, 0, 0.3803, 0), (0.782, 0, 0.6233, 0), (-0.9418, 0, 0.3362, 0), (-0.4389, 0, 0.8985, 0), (0.5386, 0, 0.8425, 0), (-0.8106, 0, 0.5856, 0), (-0.9803, 0, 0.1974, 0), (0.7621, 0, 0.6474, 0), (-0.9625, 0, 0.2714, 0), (0.8797, 0, 0.4755, 0), (0.6126, 0, 0.7904, 0), (0.1343, 0, 0.9909, 0), (-0.6479, 0, 0.7617, 0), (-0.8218, 0, 0.5698, 0), (-0.9283, 0, 0.3719, 0), (0.2319, 0, 0.9727, 0), (-0.1918, 0, 0.9814, 0), (-0.738, 0, 0.6748, 0), (0.9883, 0, 0.1526, 0), (0.9986, 0, 0.0523, 0), (0.9914, 0, 0.131, 0), (0.9721, 0, 0.2346, 0), (-0.977, 0, 0.2134, 0), (-0.6542, 0, 0.7563, 0), (-0.0908, 0, 0.9959, 0), (0.5228, 0, 0.8524, 0), (-0.4757, 0, 0.8796, 0), (-0.964, 0, 0.2659, 0), (0.681, 0, 0.7322, 0), (0.2389, 0, 0.971, 0), (-0.0896, 0, 0.996, 0), (0.9995, 0, 0.0318, 0), (0.7159, 0, 0.6982, 0), (0.2373, 0, 0.9714, 0), (0.031, 0, 0.9995, 0), (0.429, 0, 0.9033, 0), (0.673, 0, 0.7397, 0), (-0.9453, 0, 0.3262, 0), (0.4036, 0, 0.9149, 0), (-0.6451, 0, 0.7641, 0), (-0.471, 0, 0.8821, 0), (0.7871, 0, 0.6168, 0), (0.9963, 0, 0.0855, 0), (-0.4139, 0, 0.9103, 0), (-0.5276, 0, 0.8495, 0), (0.9655, 0, 0.2603, 0), (-0.1413, 0, 0.99, 0), (-0.0016, 0, 1, 0), (0.191, 0, 0.9816, 0), (-0.0825, 0, 0.9966, 0), (-0.5153, 0, 0.857, 0), (-0.1432, 0, 0.9897, 0), (-0.2741, 0, 0.9617, 0), (0.7313, 0, 0.6821, 0), (0.8979, 0, 0.4402, 0), (0.9416, 0, 0.3368, 0), (0.251, 0, 0.968, 0), (0.9953, 0, 0.0971, 0), (-0.968, 0, 0.2508, 0), (0.9981, 0, 0.061, 0), (-0.9958, 0, 0.0911, 0), (-0.3239, 0, 0.9461, 0), (-0.0996, 0, 0.995, 0), (-0.4069, 0, 0.9135, 0), (-0.3283, 0, 0.9446, 0), (0.7363, 0, 0.6766, 0), (-0.1482, 0, 0.989, 0), (-0.0172, 0, 0.9999, 0), (-0.9858, 0, 0.1678, 0), (0.2173, 0, 0.9761, 0), (0.8691, 0, 0.4947, 0), (-0.9942, 0, 0.1078, 0), (-0.9754, 0, 0.2205, 0), (-0.4052, 0, 0.9142, 0), (0.9798, 0, 0.2001, 0), (0.685, 0, 0.7286, 0), (-0.538, 0, 0.8429, 0), (0.9042, 0, 0.4272, 0), (0.9985, 0, 0.055, 0), (0.6353, 0, 0.7723, 0), (-0.4685, 0, 0.8835, 0), (-0.8064, 0, 0.5913, 0), (-0.7519, 0, 0.6593, 0), (-0.9996, 0, 0.0293, 0), (0.801, 0, 0.5987, 0), (-0.5393, 0, 0.8421, 0), (0.5593, 0, 0.8289, 0), (0.9851, 0, 0.172, 0), (0.7705, 0, 0.6374, 0), (0.1656, 0, 0.9862, 0), (-0.9997, 0, 0.0239, 0), (-0.3608, 0, 0.9327, 0), (-0.9562, 0, 0.2927, 0), (0.9294, 0, 0.3692, 0), (-0.988, 0, 0.1547, 0), (0.4044, 0, 0.9146, 0), (-0.9451, 0, 0.3269, 0), (0.8751, 0, 0.4839, 0), (0.833, 0, 0.5533, 0), (-0.6204, 0, 0.7843, 0), (-0.9061, 0, 0.4231, 0), (0.2107, 0, 0.9776, 0), (-0.6332, 0, 0.7739, 0), (-0.808, 0, 0.5892, 0), (0.9538, 0, 0.3003, 0), (-0.518, 0, 0.8554, 0), (-0.9823, 0, 0.1871, 0), (-0.3795, 0, 0.9252, 0), (-0.7668, 0, 0.6419, 0), (0.3275, 0, 0.9449, 0), (-0.9995, 0, 0.0324, 0), (0.9999, 0, 0.0129, 0), (-0.9956, 0, 0.094, 0), (0.1701, 0, 0.9854, 0), (-0.3263, 0, 0.9453, 0), (-0.7506, 0, 0.6608, 0), (0.4037, 0, 0.9149, 0), (0.6034, 0, 0.7975, 0), (0.9997, 0, 0.0242, 0), (0.1969, 0, 0.9804, 0), (-0.6908, 0, 0.723, 0), (-0.1713, 0, 0.9852, 0), (-0.5194, 0, 0.8545, 0), (0.6045, 0, 0.7966, 0), (-0.7376, 0, 0.6752, 0), (-0.9735, 0, 0.2288, 0), (0.4707, 0, 0.8823, 0), (0.1772, 0, 0.9842, 0), (-0.4537, 0, 0.8911, 0), (-0.8573, 0, 0.5149, 0), (-0.9332, 0, 0.3594, 0), (-0.063, 0, 0.998, 0), (0.4375, 0, 0.8992, 0), (-0.6078, 0, 0.7941, 0), (0.0996, 0, 0.995, 0), (-0.7346, 0, 0.6784, 0), (0.8721, 0, 0.4894, 0), (-0.8934, 0, 0.4492, 0), (0.9942, 0, 0.1075, 0), (-0.7354, 0, 0.6777, 0), (0.5366, 0, 0.8438, 0), (0.6034, 0, 0.7974, 0), (0.9144, 0, 0.4048, 0), (0.9534, 0, 0.3018, 0), (0.007, 0, 1, 0), (-0.3004, 0, 0.9538, 0), (0.2075, 0, 0.9782, 0), (0.5427, 0, 0.8399, 0), (0.7205, 0, 0.6935, 0), (0.9997, 0, 0.0228, 0), (0.9377, 0, 0.3473, 0), (0.996, 0, 0.0892, 0), (-0.9316, 0, 0.3634, 0)]
        float3[] scales = [(1.2309, 0.8617, 1.2309), (1.1302, 1.1302, 1.1302), (0.9392, 0.6575, 0.9392), (0.7787, 0.7787, 0.7787), (0.9472, 0.9472, 0.9472), (1.1493, 1.1493, 1.1493), (0.8169, 0.8169, 0.8169), (0.758, 0.758, 0.758), (0.8599, 0.8599, 0.8599), (0.9763, 0.9763, 0.9763), (0.9025, 0.9025, 0.9025), (0.8306, 0.8306, 0.8306), (1.265, 1.265, 1.265), (1.1524, 1.1524, 1.1524), (1.2033, 1.2033, 1.2033), (0.765, 0.765, 0.765), (1.1382, 0.7968, 1.1382), (1.2454, 1.2454, 1.2454), (0.7092, 0.7092, 0.7092), (0.9188, 0.6432, 0.9188), (1.0303, 1.0303, 1.0303), (0.6653, 0.4657, 0.6653), (0.7987, 0.5591, 0.7987), (1.0984, 1.0984, 1.0984), (0.9092, 0.9092, 0.9092), (1.1398, 1.1398, 1.1398), (1.0254, 1.0254, 1.0254), (1.1343, 0.794, 1.1343), (0.8736, 0.8736, 0.8736), (0.8198, 0.5739, 0.8198), (0.8917, 0.8917, 0.8917), (0.8717, 0.8717, 0.8717), (1.1109, 1.1109, 1.1109), (1.0474, 0.7332, 1.0474), (0.9685, 0.9685, 0.9685), (1.0389, 1.0389, 1.0389), (1.0015, 1.0015, 1.0015), (0.9189, 0.9189, 0.9189), (1.1452, 1.1452, 1.1452), (0.8327, 0.8327, 0.8327), (0.8556, 0.8556, 0.8556), (1.2224, 1.2224, 1.2224), (1.1907, 1.1907, 1.1907), (1.1541, 1.1541, 1.1541), (1.2232, 0.8562, 1.2232), (0.915, 0.915, 0.915), (0.8626, 0.8626, 0.8626), (0.9945, 0.9945, 0.9945), (1.1113, 1.1113, 1.1113), (1.0711, 1.0711, 1.0711), (0.8756, 0.8756, 0.8756), (0.7528, 0.7528, 0.7528), (0.9178, 0.6425, 0.9178), (1.0307, 1.0307, 1.0307), (1.0006, 1.0006, 1.0006), (1.0088, 1.0088, 1.0088), (1.1557, 1.1557, 1.1557), (0.94, 0.658, 0.94), (0.628, 0.4396, 0.628), (1.1474, 1.1474, 1.1474), (0.8126, 0.8126, 0.8126), (0.9449, 0.9449, 0.9449), (0.9163, 0.9163, 0.9163), (1.0442, 1.0442, 1.0442), (0.8947, 0.6263, 0.8947), (1.0087, 0.7061, 1.0087), (0.7717, 0.7717, 0.7717), (0.9125, 0.9125, 0.9125), (0.9294, 0.9294, 0.9294), (0.9917, 0.9917, 0.9917), (0.7693, 0.7693, 0.7693), (0.9, 0.9, 0.9), (0.994, 0.994, 0.994), (0.828, 0.828, 0.828), (1.2006, 1.2006, 1.2006), (0.936, 0.936, 0.936), (0.7467, 0.7467, 0.7467), (1.2099, 1.2099, 1.2099), (0.9502, 0.9502, 0.9502), (1.0334, 1.0334, 1.0334), (0.6948, 0.4863, 0.6948), (0.9321, 0.9321, 0.9321), (0.9542, 0.9542, 0.9542), (1.1097, 0.7768, 1.1097), (1.2165, 1.2165, 1.2165), (0.7782, 0.5447, 0.7782), (0.8502, 0.8502, 0.8502), (1.0067, 1.0067, 1.0067), (1.1868, 1.1868, 1.1868), (1.0466, 1.0466, 1.0466), (1.2355, 0.8648, 1.2355), (0.9354, 0.9354, 0.9354), (1.2867, 1.2867, 1.2867), (0.832, 0.832, 0.832), (0.7804, 0.7804, 0.7804), (0.8715, 0.8715, 0.8715), (0.8367, 0.8367, 0.8367), (0.9874, 0.9874, 0.9874), (0.8098, 0.5669, 0.8098), (1.2294, 1.2294, 1.2294), (1.077, 1.077, 1.077), (1.1573, 1.1573, 1.1573), (1.2482, 1.2482, 1.2482), (0.9174, 0.9174, 0.9174), (0.7947, 0.7947, 0.7947), (0.8176, 0.8176, 0.8176), (1.1792, 1.1792, 1.1792), (1.1191, 1.1191, 1.1191), (0.7606, 0.5324, 0.7606), (1.1335, 1.1335, 1.1335), (0.8088, 0.8088, 0.8088), (1.1922, 1.1922, 1.1922), (1.1212, 1.1212, 1.1212), (0.8841, 0.8841, 0.8841), (0.8328, 0.8328, 0.8328), (1.0049, 1.0049, 1.0049), (1.2706, 1.2706, 1.2706), (0.8134, 0.8134, 0.8134), (0.9687, 0.9687, 0.9687), (1.0795, 0.7556, 1.0795), (0.7788, 0.5452, 0.7788), (0.7623, 0.7623, 0.7623), (1.115, 1.115, 1.115), (0.8901, 0.8901, 0.8901), (1.0069, 0.7048, 1.0069), (1.1212, 1.1212, 1.1212), (1.0162, 1.0162, 1.0162), (0.7155, 0.7155, 0.7155), (1.1931, 1.1931, 1.1931), (0.7036, 0.7036, 0.7036), (1.2328, 1.2328, 1.2328), (1.0218, 1.0218, 1.0218), (0.9661, 0.9661, 0.9661), (0.8784, 0.8784, 0.8784), (1.2818, 1.2818, 1.2818), (1.2199, 0.8539, 1.2199), (1.2787, 1.2787, 1.2787), (0.9987, 0.9987, 0.9987), (1.1604, 1.1604, 1.1604), (0.7621, 0.7621, 0.7621), (1.1398, 1.1398, 1.1398), (0.5672, 0.397, 0.5672), (0.7444, 0.7444, 0.7444), (1.1448, 1.1448, 1.1448), (0.7131, 0.7131, 0.7131), (1.2205, 0.8543, 1.2205), (0.8105, 0.5674, 0.8105), (0.9573, 0.9573, 0.9573), (1.239, 1.239, 1.239), (1.0541, 1.0541, 1.0541), (1.1254, 1.1254, 1.1254), (1.1308, 1.1308, 1.1308), (1.0891, 1.0891, 1.0891), (0.9844, 0.6891, 0.9844), (0.9856, 0.9856, 0.9856), (1.0682, 1.0682, 1.0682), (0.9637, 0.6746, 0.9637), (1.0897, 1.0897, 1.0897), (0.9726, 0.9726, 0.9726), (1.2121, 1.2121, 1.2121), (0.9064, 0.9064, 0.9064), (0.9481, 0.9481, 0.9481), (0.9931, 0.9931, 0.9931), (1.044, 1.044, 1.044), (1.1267, 1.1267, 1.1267), (1.0719, 1.0719, 1.0719), (1.1694, 1.1694, 1.1694), (1.1123, 1.1123, 1.1123), (1.2538, 0.8777, 1.2538), (1.0208, 1.0208, 1.0208), (0.7258, 0.7258, 0.7258), (0.8802, 0.6162, 0.8802), (1.0051, 1.0051, 1.0051), (1.1261, 1.1261, 1.1261), (1.1604, 0.8123, 1.1604), (0.9294, 0.9294, 0.9294), (1.1792, 1.1792, 1.1792), (0.9225, 0.9225, 0.9225), (1.1969, 1.1969, 1.1969), (1.1618, 1.1618, 1.1618), (0.8819, 0.8819, 0.8819), (1.0209, 1.0209, 1.0209), (1.0385, 1.0385, 1.0385), (1.1828, 1.1828, 1.1828), (0.7128, 0.7128, 0.7128), (0.7616, 0.7616, 0.7616), (0.7934, 0.7934, 0.7934), (0.9125, 0.9125, 0.9125), (0.9931, 0.9931, 0.9931), (1.0467, 1.0467, 1.0467), (1.0675, 1.0675, 1.0675), (1.0758, 1.0758, 1.0758), (0.8418, 0.8418, 0.8418), (1.0656, 1.0656, 1.0656), (1.218, 1.218, 1.218), (0.7799, 0.7799, 0.7799), (1.2563, 1.2563, 1.2563), (0.8877, 0.8877, 0.8877), (0.9035, 0.9035, 0.9035), (0.7253, 0.7253, 0.7253), (0.9158, 0.9158, 0.9158), (0.943, 0.6601, 0.943), (0.9096, 0.9096, 0.9096), (1.025, 1.025, 1.025), (1.2446, 1.2446, 1.2446), (1.0497, 1.0497, 1.0497), (0.7882, 0.7882, 0.7882), (0.7691, 0.7691, 0.7691), (1.2352, 1.2352, 1.2352), (0.9627, 0.9627, 0.9627), (0.7994, 0.7994, 0.7994), (1.0925, 1.0925, 1.0925), (0.7158, 0.7158, 0.7158), (1.1383, 1.1383, 1.1383), (1.0808, 1.0808, 1.0808), (1.2075, 1.2075, 1.2075), (1.2448, 1.2448, 1.2448), (1.207, 1.207, 1.207), (0.7023, 0.7023, 0.7023), (1.1989, 1.1989, 1.1989), (1.2572, 1.2572, 1.2572), (1.0985, 1.0985, 1.0985), (1.2557, 1.2557, 1.2557), (0.743, 0.743, 0.743), (0.6446, 0.4512, 0.6446), (0.9563, 0.9563, 0.9563), (0.8517, 0.8517, 0.8517), (0.8682, 0.8682, 0.8682), (0.9801, 0.6861, 0.9801), (1.1921, 1.1921, 1.1921), (1.2389, 1.2389, 1.2389), (0.6611, 0.4628, 0.6611), (1.1565, 1.1565, 1.1565), (1.2618, 1.2618, 1.2618), (1.1818, 1.1818, 1.1818), (1.2406, 1.2406, 1.2406), (1.1209, 1.1209, 1.1209), (0.6145, 0.4302, 0.6145), (1.0279, 1.0279, 1.0279), (1.1829, 1.1829, 1.1829), (1.2389, 0.8673, 1.2389), (1.2273, 1.2273, 1.2273), (0.9914, 0.9914, 0.9914), (0.9595, 0.9595, 0.9595), (1.0184, 1.0184, 1.0184), (0.7769, 0.7769, 0.7769), (0.7478, 0.5235, 0.7478), (1.2589, 1.2589, 1.2589), (0.8771, 0.614, 0.8771), (0.9452, 0.9452, 0.9452), (1.0317, 1.0317, 1.0317), (0.6224, 0.4357, 0.6224), (1.2074, 0.8452, 1.2074), (1.0405, 1.0405, 1.0405), (0.7703, 0.7703, 0.7703), (0.9827, 0.9827, 0.9827), (0.846, 0.5922, 0.846), (1.1598, 1.1598, 1.1598), (1.1156, 1.1156, 1.1156), (0.7706, 0.7706, 0.7706), (0.8345, 0.8345, 0.8345), (0.9581, 0.9581, 0.9581), (1.2016, 1.2016, 1.2016), (1.2534, 1.2534, 1.2534), (0.5719, 0.4003, 0.5719), (1.2395, 1.2395, 1.2395), (1.279, 0.8953, 1.279), (0.6406, 0.4485, 0.6406), (0.8479, 0.8479, 0.8479), (1.2081, 0.8457, 1.2081), (1.259, 1.259, 1.259), (0.8561, 0.5993, 0.8561), (0.829, 0.829, 0.829), (1.0614, 1.0614, 1.0614), (0.7875, 0.7875, 0.7875), (0.7059, 0.7059, 0.7059), (1.2665, 1.2665, 1.2665), (1.0353, 1.0353, 1.0353), (0.9859, 0.9859, 0.9859), (1.269, 1.269, 1.269), (0.998, 0.6986, 0.998), (0.949, 0.949, 0.949), (0.7424, 0.7424, 0.7424), (1.2305, 1.2305, 1.2305), (1.1629, 1.1629, 1.1629), (0.734, 0.734, 0.734), (0.8286, 0.8286, 0.8286), (1.1058, 1.1058, 1.1058), (1.2718, 1.2718, 1.2718), (0.8299, 0.8299, 0.8299), (0.8282, 0.5798, 0.8282), (1.1854, 1.1854, 1.1854), (1.0282, 1.0282, 1.0282), (1.0266, 1.0266, 1.0266), (0.9063, 0.9063, 0.9063), (1.1089, 1.1089, 1.1089), (1.2253, 1.2253, 1.2253), (1.1334, 1.1334, 1.1334), (1.0025, 1.0025, 1.0025), (0.7535, 0.5274, 0.7535), (1.225, 1.225, 1.225), (1.2596, 1.2596, 1.2596), (1.1115, 1.1115, 1.1115), (0.9216, 0.9216, 0.9216), (0.8722, 0.8722, 0.8722), (0.9649, 0.9649, 0.9649), (0.9897, 0.9897, 0.9897), (1.0699, 1.0699, 1.0699), (1.1111, 1.1111, 1.1111), (0.8555, 0.8555, 0.8555), (0.7516, 0.7516, 0.7516), (0.9136, 0.9136, 0.9136), (1.0083, 1.0083, 1.0083), (1.1936, 1.1936, 1.1936), (1.0752, 1.0752, 1.0752), (0.8253, 0.8253, 0.8253), (0.8778, 0.8778, 0.8778), (0.6652, 0.4656, 0.6652), (0.7683, 0.5378, 0.7683), (1.0803, 1.0803, 1.0803), (0.8716, 0.8716, 0.8716), (1.2243, 1.2243, 1.2243), (1.0668, 1.0668, 1.0668), (1.1561, 1.1561, 1.1561), (1.0734, 1.0734, 1.0734), (0.7475, 0.7475, 0.7475), (1.023, 1.023, 1.023), (0.8409, 0.5886, 0.8409), (1.0548, 1.0548, 1.0548), (0.8186, 0.8186, 0.8186), (0.7411, 0.7411, 0.7411), (0.7794, 0.7794, 0.7794), (0.7659, 0.7659, 0.7659), (1.2294, 1.2294, 1.2294), (1.279, 0.8953, 1.279), (1.2577, 1.2577, 1.2577), (1.1319, 1.1319, 1.1319), (1.1875, 1.1875, 1.1875), (0.8918, 0.8918, 0.8918), (0.6692, 0.4684, 0.6692), (0.8862, 0.8862, 0.8862), (1.0675, 1.0675, 1.0675), (1.0579, 0.7406, 1.0579), (0.9529, 0.9529, 0.9529), (1.0899, 0.763, 1.0899), (0.7791, 0.7791, 0.7791), (1.061, 1.061, 1.061), (0.9696, 0.9696, 0.9696), (0.9083, 0.9083, 0.9083), (0.9249, 0.9249, 0.9249), (1.125, 1.125, 1.125), (1.1126, 1.1126, 1.1126), (1.1904, 0.8333, 1.1904), (1.2081, 1.2081, 1.2081), (1.0214, 1.0214, 1.0214), (0.8487, 0.8487, 0.8487), (0.704, 0.704, 0.704), (0.8241, 0.8241, 0.8241), (0.9904, 0.9904, 0.9904), (0.5603, 0.3922, 0.5603), (1.0487, 1.0487, 1.0487), (0.8063, 0.8063, 0.8063), (1.2347, 1.2347, 1.2347), (1.1902, 1.1902, 1.1902), (0.772, 0.772, 0.772), (0.9779, 0.9779, 0.9779), (0.8425, 0.8425, 0.8425), (1.2628, 1.2628, 1.2628), (1.2851, 1.2851, 1.2851), (1.2915, 1.2915, 1.2915), (0.9416, 0.9416, 0.9416), (0.5537, 0.3876, 0.5537), (0.8097, 0.8097, 0.8097), (1.0593, 1.0593, 1.0593), (1.0746, 1.0746, 1.0746), (1.1286, 1.1286, 1.1286), (1.1783, 1.1783, 1.1783), (1.1997, 1.1997, 1.1997), (1.0124, 1.0124, 1.0124), (1.1445, 0.8011, 1.1445), (0.7552, 0.7552, 0.7552), (0.8526, 0.8526, 0.8526), (1.0985, 1.0985, 1.0985), (1.0831, 1.0831, 1.0831), (0.8704, 0.8704, 0.8704), (0.9111, 0.9111, 0.9111), (0.8486, 0.594, 0.8486), (0.9721, 0.9721, 0.9721), (0.9819, 0.9819, 0.9819), (1.0751, 1.0751, 1.0751), (1.0945, 1.0945, 1.0945), (1.2039, 1.2039, 1.2039), (0.9009, 0.9009, 0.9009), (1.2506, 1.2506, 1.2506), (1.0575, 1.0575, 1.0575), (0.9598, 0.6719, 0.9598), (1.2202, 1.2202, 1.2202), (0.9724, 0.9724, 0.9724), (0.8003, 0.8003, 0.8003), (0.8157, 0.8157, 0.8157), (1.0655, 0.7458, 1.0655), (1.2589, 1.2589, 1.2589), (0.8389, 0.8389, 0.8389), (0.7318, 0.7318, 0.7318), (1.0778, 1.0778, 1.0778), (0.8486, 0.8486, 0.8486), (1.2449, 1.2449, 1.2449), (1.1788, 0.8252, 1.1788), (1.2317, 1.2317, 1.2317), (0.7361, 0.7361, 0.7361), (0.6143, 0.43, 0.6143), (1.1793, 1.1793, 1.1793), (1.0274, 1.0274, 1.0274), (1.2971, 1.2971, 1.2971), (0.8317, 0.8317, 0.8317), (1.2233, 1.2233, 1.2233), (0.768, 0.768, 0.768), (0.8976, 0.8976, 0.8976), (0.7227, 0.7227, 0.7227), (0.6172, 0.432, 0.6172), (1.132, 1.132, 1.132), (0.7955, 0.7955, 0.7955), (0.9488, 0.6641, 0.9488), (1.2508, 1.2508, 1.2508), (0.9502, 0.9502, 0.9502), (0.7827, 0.5479, 0.7827), (1.21, 1.21, 1.21), (0.9245, 0.9245, 0.9245), (1.0344, 1.0344, 1.0344), (1.1906, 1.1906, 1.1906), (1.2274, 1.2274, 1.2274), (0.7312, 0.7312, 0.7312), (0.7842, 0.7842, 0.7842), (1.03, 1.03, 1.03), (0.831, 0.831, 0.831), (1.1486, 1.1486, 1.1486), (0.9699, 0.9699, 0.9699), (1.1859, 1.1859, 1.1859), (0.7503, 0.7503, 0.7503), (0.8576, 0.8576, 0.8576), (1.0473, 1.0473, 1.0473), (1.0983, 1.0983, 1.0983), (0.7468, 0.7468, 0.7468), (0.8022, 0.8022, 0.8022), (0.7584, 0.7584, 0.7584), (1.1349, 1.1349, 1.1349), (1.2282, 1.2282, 1.2282), (1.2024, 1.2024, 1.2024), (1.2055, 1.2055, 1.2055), (0.6416, 0.4491, 0.6416), (0.5585, 0.391, 0.5585), (0.6401, 0.4481, 0.6401), (1.235, 1.235, 1.235), (1.1391, 1.1391, 1.1391), (0.9885, 0.9885, 0.9885), (0.8494, 0.8494, 0.8494), (0.7004, 0.7004, 0.7004), (0.9958, 0.9958, 0.9958), (0.7431, 0.7431, 0.7431), (0.9706, 0.9706, 0.9706), (0.8787, 0.8787, 0.8787), (0.6206, 0.4344, 0.6206), (1.0681, 1.0681, 1.0681), (0.8815, 0.8815, 0.8815), (0.8658, 0.8658, 0.8658), (1.0398, 1.0398, 1.0398), (1.1174, 1.1174, 1.1174), (1.1362, 1.1362, 1.1362), (1.2682, 1.2682, 1.2682), (0.9482, 0.9482, 0.9482), (1.03, 1.03, 1.03), (0.8555, 0.8555, 0.8555), (1.1551, 1.1551, 1.1551), (1.1707, 1.1707, 1.1707), (0.9988, 0.9988, 0.9988), (1.2197, 1.2197, 1.2197), (1.1712, 0.8199, 1.1712), (1.1468, 1.1468, 1.1468), (0.962, 0.962, 0.962), (1.1423, 1.1423, 1.1423), (1.2457, 1.2457, 1.2457), (0.8731, 0.6112, 0.8731), (1.0708, 1.0708, 1.0708), (0.8765, 0.6135, 0.8765), (1.2605, 1.2605, 1.2605), (1.0608, 1.0608, 1.0608), (1.1855, 1.1855, 1.1855), (1.1451, 1.1451, 1.1451), (1.1355, 1.1355, 1.1355), (1.1963, 1.1963, 1.1963), (0.944, 0.944, 0.944), (0.9179, 0.9179, 0.9179), (0.8589, 0.8589, 0.8589), (0.7533, 0.5273, 0.7533), (1.2762, 1.2762, 1.2762), (0.9779, 0.9779, 0.9779), (1.286, 1.286, 1.286), (0.8679, 0.6075, 0.8679), (0.7085, 0.7085, 0.7085), (0.8424, 0.8424, 0.8424), (0.7669, 0.7669, 0.7669), (1.0124, 0.7087, 1.0124), (0.907, 0.907, 0.907), (1.0477, 1.0477, 1.0477), (1.26, 1.26, 1.26), (1.0136, 1.0136, 1.0136), (0.7295, 0.7295, 0.7295), (0.8495, 0.8495, 0.8495), (0.7026, 0.7026, 0.7026), (0.7105, 0.4974, 0.7105), (1.167, 1.167, 1.167), (1.0053, 1.0053, 1.0053), (0.7198, 0.7198, 0.7198), (0.9572, 0.9572, 0.9572), (0.8585, 0.8585, 0.8585), (0.9543, 0.9543, 0.9543), (1.0223, 1.0223, 1.0223), (0.8479, 0.8479, 0.8479), (1.2335, 1.2335, 1.2335), (1.1162, 0.7813, 1.1162), (0.999, 0.999, 0.999), (1.2544, 0.8781, 1.2544), (0.8402, 0.8402, 0.8402), (0.6841, 0.4789, 0.6841), (0.8408, 0.8408, 0.8408), (0.9156, 0.6409, 0.9156), (0.9685, 0.9685, 0.9685), (0.8154, 0.8154, 0.8154), (0.9502, 0.9502, 0.9502), (1.0155, 1.0155, 1.0155), (1.186, 1.186, 1.186), (1.2598, 1.2598, 1.2598), (0.7811, 0.7811, 0.7811), (1.1053, 0.7737, 1.1053), (0.6863, 0.4804, 0.6863), (0.9842, 0.9842, 0.9842), (0.7311, 0.7311, 0.7311), (0.9489, 0.9489, 0.9489), (1.1053, 1.1053, 1.1053), (1.1862, 1.1862, 1.1862), (0.9595, 0.9595, 0.9595), (1.1373, 1.1373, 1.1373), (0.6237, 0.4366, 0.6237), (0.7039, 0.7039, 0.7039), (1.0624, 1.0624, 1.0624), (1.0108, 1.0108, 1.0108), (1.0237, 1.0237, 1.0237), (0.8773, 0.8773, 0.8773), (1.2155, 1.2155, 1.2155), (0.9379, 0.9379, 0.9379), (0.7078, 0.7078, 0.7078), (1.1301, 1.1301, 1.1301), (1.2204, 1.2204, 1.2204), (0.9908, 0.9908, 0.9908), (1.0933, 1.0933, 1.0933), (0.6838, 0.4786, 0.6838), (1.288, 1.288, 1.288), (0.7561, 0.7561, 0.7561), (0.8675, 0.8675, 0.8675), (1.0664, 1.0664, 1.0664), (1.266, 1.266, 1.266), (1.0016, 1.0016, 1.0016), (0.9922, 0.9922, 0.9922), (0.9783, 0.9783, 0.9783), (0.7844, 0.7844, 0.7844), (0.8548, 0.8548, 0.8548), (0.8402, 0.8402, 0.8402), (1.0173, 1.0173, 1.0173), (0.706, 0.706, 0.706), (0.8103, 0.8103, 0.8103), (1.1559, 0.8091, 1.1559), (0.9505, 0.9505, 0.9505), (1.1138, 1.1138, 1.1138), (1.0235, 0.7165, 1.0235), (1.1842, 1.1842, 1.1842), (1.1086, 0.776, 1.1086), (0.9964, 0.9964, 0.9964), (1.0149, 1.0149, 1.0149), (1.018, 1.018, 1.018), (1.1356, 1.1356, 1.1356), (0.7515, 0.7515, 0.7515), (0.8431, 0.5902, 0.8431), (1.2985, 1.2985, 1.2985), (1.2804, 1.2804, 1.2804), (1.157, 1.157, 1.157), (0.7952, 0.7952, 0.7952), (1.1363, 1.1363, 1.1363), (1.0011, 1.0011, 1.0011), (1.1975, 1.1975, 1.1975), (1.2543, 1.2543, 1.2543), (0.7491, 0.7491, 0.7491), (0.6076, 0.4253, 0.6076), (0.7259, 0.7259, 0.7259), (0.8061, 0.8061, 0.8061), (0.7296, 0.7296, 0.7296), (0.9565, 0.9565, 0.9565), (1.1567, 0.8097, 1.1567), (1.2603, 1.2603, 1.2603), (0.7555, 0.7555, 0.7555), (0.9688, 0.9688, 0.9688), (0.852, 0.852, 0.852), (1.0615, 1.0615, 1.0615), (0.9014, 0.9014, 0.9014), (1.0069, 1.0069, 1.0069), (0.8989, 0.8989, 0.8989), (0.8682, 0.8682, 0.8682), (0.9361, 0.6553, 0.9361), (1.1671, 1.1671, 1.1671), (0.8046, 0.5632, 0.8046), (0.9937, 0.9937, 0.9937), (0.8844, 0.8844, 0.8844), (0.8667, 0.6067, 0.8667), (1.13, 1.13, 1.13), (1.084, 0.7588, 1.084), (1.1077, 1.1077, 1.1077), (1.2981, 1.2981, 1.2981), (1.0839, 1.0839, 1.0839), (1.1038, 1.1038, 1.1038), (1.0694, 1.0694, 1.0694), (0.7403, 0.5182, 0.7403), (1.0537, 1.0537, 1.0537), (1.1097, 1.1097, 1.1097), (1.1329, 1.1329, 1.1329), (1.1841, 1.1841, 1.1841), (1.2696, 1.2696, 1.2696), (1.2779, 1.2779, 1.2779), (1.0835, 1.0835, 1.0835), (1.028, 1.028, 1.028), (1.0783, 1.0783, 1.0783), (1.1962, 1.1962, 1.1962), (1.0969, 1.0969, 1.0969), (1.0191, 1.0191, 1.0191), (0.8256, 0.8256, 0.8256), (0.889, 0.889, 0.889), (0.8535, 0.5974, 0.8535), (1.1098, 1.1098, 1.1098), (1.1598, 1.1598, 1.1598), (1.0009, 1.0009, 1.0009), (1.0612, 1.0612, 1.0612), (1.0335, 1.0335, 1.0335), (1.0299, 1.0299, 1.0299), (0.745, 0.745, 0.745), (1.0262, 1.0262, 1.0262), (0.7294, 0.7294, 0.7294), (0.994, 0.994, 0.994), (0.9702, 0.6791, 0.9702), (1.1297, 1.1297, 1.1297), (0.7378, 0.7378, 0.7378), (0.9997, 0.9997, 0.9997), (0.8886, 0.8886, 0.8886), (0.9677, 0.9677, 0.9677), (1.0355, 1.0355, 1.0355), (0.747, 0.747, 0.747), (1.2727, 1.2727, 1.2727), (1.0451, 1.0451, 1.0451), (0.7851, 0.7851, 0.7851), (0.8897, 0.8897, 0.8897), (1.1124, 1.1124, 1.1124), (0.9818, 0.9818, 0.9818), (1.2516, 1.2516, 1.2516), (0.84, 0.84, 0.84), (0.8612, 0.8612, 0.8612), (1.164, 1.164, 1.164), (1.1753, 1.1753, 1.1753), (1.1442, 1.1442, 1.1442), (0.7503, 0.7503, 0.7503), (0.8051, 0.8051, 0.8051), (1.1099, 1.1099, 1.1099), (0.8623, 0.8623, 0.8623), (0.8128, 0.8128, 0.8128), (1.2904, 1.2904, 1.2904), (1.1523, 0.8066, 1.1523), (0.7772, 0.7772, 0.7772), (0.5743, 0.402, 0.5743), (1.0592, 1.0592, 1.0592), (1.0787, 1.0787, 1.0787), (1.2898, 1.2898, 1.2898), (1.1433, 0.8003, 1.1433), (0.8495, 0.8495, 0.8495), (1.005, 1.005, 1.005), (1.1304, 1.1304, 1.1304), (0.8797, 0.8797, 0.8797), (0.8611, 0.8611, 0.8611), (1.2892, 1.2892, 1.2892), (1.0972, 1.0972, 1.0972), (1.2045, 1.2045, 1.2045), (0.7575, 0.7575, 0.7575), (0.7867, 0.7867, 0.7867), (0.9762, 0.9762, 0.9762), (1.0802, 1.0802, 1.0802), (0.7522, 0.5265, 0.7522), (1.1694, 1.1694, 1.1694), (0.5856, 0.4099, 0.5856), (1.0511, 1.0511, 1.0511), (1.2515, 1.2515, 1.2515), (0.961, 0.961, 0.961), (0.9377, 0.9377, 0.9377), (0.8089, 0.8089, 0.8089), (0.7249, 0.7249, 0.7249), (0.8144, 0.8144, 0.8144), (1.264, 1.264, 1.264), (0.9146, 0.9146, 0.9146), (1.031, 1.031, 1.031), (0.9643, 0.9643, 0.9643), (1.1512, 0.8059, 1.1512), (1.0156, 1.0156, 1.0156), (0.815, 0.5705, 0.815), (1.1283, 1.1283, 1.1283), (0.8075, 0.8075, 0.8075), (0.9674, 0.9674, 0.9674), (0.8672, 0.8672, 0.8672), (1.1793, 1.1793, 1.1793), (0.8993, 0.8993, 0.8993), (0.7674, 0.7674, 0.7674), (0.9358, 0.9358, 0.9358), (0.9032, 0.9032, 0.9032), (0.9948, 0.9948, 0.9948), (1.1679, 1.1679, 1.1679), (0.7471, 0.7471, 0.7471), (0.8562, 0.5993, 0.8562), (1.2038, 1.2038, 1.2038), (0.9378, 0.9378, 0.9378), (0.7449, 0.5214, 0.7449), (0.9781, 0.9781, 0.9781), (1.0126, 1.0126, 1.0126), (0.7748, 0.7748, 0.7748), (1.2406, 1.2406, 1.2406), (1.2267, 1.2267, 1.2267), (1.2683, 1.2683, 1.2683), (1.0135, 1.0135, 1.0135), (1.2626, 1.2626, 1.2626), (1.021, 1.021, 1.021), (1.1211, 1.1211, 1.1211), (0.9924, 0.6947, 0.9924), (0.8217, 0.8217, 0.8217), (1.0998, 1.0998, 1.0998), (0.9424, 0.9424, 0.9424), (1.1105, 1.1105, 1.1105), (1.0239, 1.0239, 1.0239), (1.0202, 1.0202, 1.0202), (1.1055, 1.1055, 1.1055), (0.7082, 0.7082, 0.7082), (0.7106, 0.7106, 0.7106), (0.7962, 0.7962, 0.7962), (0.7939, 0.7939, 0.7939), (1.1266, 1.1266, 1.1266), (0.8652, 0.8652, 0.8652), (1.208, 1.208, 1.208), (0.9269, 0.6488, 0.9269), (0.7458, 0.7458, 0.7458), (1.1455, 1.1455, 1.1455), (0.9323, 0.9323, 0.9323), (1.143, 1.143, 1.143), (0.7996, 0.7996, 0.7996), (0.9967, 0.9967, 0.9967), (0.7285, 0.7285, 0.7285), (1.0276, 1.0276, 1.0276), (1.2544, 1.2544, 1.2544), (1.0629, 1.0629, 1.0629), (0.9202, 0.6442, 0.9202), (1.0103, 1.0103, 1.0103), (1.0791, 1.0791, 1.0791), (1.2505, 1.2505, 1.2505), (0.7533, 0.7533, 0.7533), (1.2944, 1.2944, 1.2944), (1.1788, 0.8252, 1.1788), (1.1304, 0.7913, 1.1304), (1.1792, 1.1792, 1.1792), (1.179, 1.179, 1.179), (0.7164, 0.7164, 0.7164), (0.9777, 0.9777, 0.9777), (1.0894, 1.0894, 1.0894), (1.1243, 1.1243, 1.1243), (1.1785, 1.1785, 1.1785), (0.7229, 0.7229, 0.7229), (0.7318, 0.7318, 0.7318), (1.2979, 1.2979, 1.2979), (1.1912, 1.1912, 1.1912), (0.815, 0.815, 0.815), (0.9023, 0.9023, 0.9023), (0.7204, 0.7204, 0.7204), (0.722, 0.722, 0.722), (1.038, 1.038, 1.038), (0.8411, 0.5888, 0.8411), (1.0364, 1.0364, 1.0364), (1.18, 1.18, 1.18), (0.9989, 0.9989, 0.9989), (1.1537, 1.1537, 1.1537), (0.8937, 0.8937, 0.8937), (1.005, 0.7035, 1.005), (0.6225, 0.4358, 0.6225), (0.8237, 0.8237, 0.8237), (1.0533, 1.0533, 1.0533), (1.0378, 0.7264, 1.0378), (1.2918, 0.9043, 1.2918), (0.8026, 0.8026, 0.8026), (0.7302, 0.5111, 0.7302), (0.9251, 0.9251, 0.9251), (1.1694, 1.1694, 1.1694), (1.0427, 1.0427, 1.0427), (1.0787, 1.0787, 1.0787), (1.1364, 1.1364, 1.1364), (1.1067, 1.1067, 1.1067), (0.8496, 0.8496, 0.8496), (1.1752, 1.1752, 1.1752), (0.8747, 0.8747, 0.8747), (1.1148, 1.1148, 1.1148), (1.1242, 1.1242, 1.1242), (0.8685, 0.8685, 0.8685), (0.9625, 0.9625, 0.9625), (0.6032, 0.4222, 0.6032), (0.7804, 0.5462, 0.7804), (1.1238, 1.1238, 1.1238), (1.0677, 1.0677, 1.0677), (1.1465, 1.1465, 1.1465), (0.9145, 0.9145, 0.9145), (1.1074, 1.1074, 1.1074), (0.9257, 0.9257, 0.9257), (0.8947, 0.6263, 0.8947), (0.7901, 0.7901, 0.7901), (0.9069, 0.6348, 0.9069), (0.8368, 0.8368, 0.8368), (1.2553, 1.2553, 1.2553), (0.9881, 0.9881, 0.9881), (0.6931, 0.4852, 0.6931), (1.0028, 1.0028, 1.0028), (1.2353, 1.2353, 1.2353), (0.7409, 0.7409, 0.7409), (0.9697, 0.9697, 0.9697), (1.0436, 1.0436, 1.0436), (0.8483, 0.8483, 0.8483), (1.1245, 1.1245, 1.1245), (0.8831, 0.8831, 0.8831), (0.8172, 0.8172, 0.8172), (1.2325, 1.2325, 1.2325), (0.7437, 0.7437, 0.7437), (1.04, 1.04, 1.04), (0.8676, 0.8676, 0.8676), (0.7456, 0.7456, 0.7456), (1.0414, 1.0414, 1.0414), (1.0279, 1.0279, 1.0279), (0.8783, 0.8783, 0.8783), (1.0013, 0.7009, 1.0013), (0.9284, 0.9284, 0.9284), (1.1394, 1.1394, 1.1394), (0.7646, 0.7646, 0.7646), (0.7286, 0.51, 0.7286), (1.0904, 1.0904, 1.0904), (0.9813, 0.9813, 0.9813), (1.235, 1.235, 1.235), (1.2527, 1.2527, 1.2527), (1.2912, 1.2912, 1.2912), (1.0814, 1.0814, 1.0814), (1.0823, 1.0823, 1.0823), (0.73, 0.511, 0.73), (1.2723, 1.2723, 1.2723), (0.811, 0.811, 0.811), (0.603, 0.4221, 0.603), (1.0897, 1.0897, 1.0897), (0.7945, 0.7945, 0.7945), (1.0567, 1.0567, 1.0567), (0.9779, 0.9779, 0.9779), (0.7012, 0.4908, 0.7012), (0.9096, 0.9096, 0.9096), (1.2652, 1.2652, 1.2652), (1.0522, 1.0522, 1.0522), (0.8412, 0.8412, 0.8412), (1.2169, 1.2169, 1.2169), (0.8468, 0.8468, 0.8468), (1.0409, 1.0409, 1.0409), (1.15, 1.15, 1.15), (1.1476, 1.1476, 1.1476), (0.997, 0.997, 0.997), (0.7794, 0.7794, 0.7794), (1.1421, 1.1421, 1.1421), (0.8086, 0.8086, 0.8086), (1.0396, 1.0396, 1.0396), (1.1042, 0.7729, 1.1042), (1.1917, 1.1917, 1.1917), (0.9669, 0.6768, 0.9669), (1.273, 1.273, 1.273), (0.7949, 0.5564, 0.7949), (0.9912, 0.9912, 0.9912), (1.2433, 1.2433, 1.2433), (0.7379, 0.7379, 0.7379), (0.9864, 0.9864, 0.9864), (0.786, 0.5502, 0.786), (0.8808, 0.8808, 0.8808), (0.995, 0.995, 0.995), (1.2139, 1.2139, 1.2139), (1.1363, 1.1363, 1.1363), (0.7783, 0.7783, 0.7783), (0.8783, 0.8783, 0.8783), (1.1886, 1.1886, 1.1886), (1.1133, 1.1133, 1.1133), (1.1312, 1.1312, 1.1312), (1.075, 1.075, 1.075), (1.1189, 1.1189, 1.1189), (1.1932, 1.1932, 1.1932), (1.2699, 1.2699, 1.2699), (0.7904, 0.7904, 0.7904), (0.8905, 0.8905, 0.8905), (0.9538, 0.9538, 0.9538), (0.9434, 0.9434, 0.9434), (1.1407, 1.1407, 1.1407), (1.0008, 1.0008, 1.0008), (1.2007, 1.2007, 1.2007), (0.9188, 0.9188, 0.9188), (1.0422, 1.0422, 1.0422), (1.2304, 1.2304, 1.2304), (1.0523, 0.7366, 1.0523), (1.2288, 1.2288, 1.2288), (0.9564, 0.9564, 0.9564), (1.1781, 0.8246, 1.1781), (0.9161, 0.9161, 0.9161), (0.7838, 0.7838, 0.7838), (0.7136, 0.4995, 0.7136), (0.5207, 0.3645, 0.5207), (1.0928, 0.765, 1.0928), (1.2195, 1.2195, 1.2195), (0.9273, 0.9273, 0.9273), (0.6544, 0.4581, 0.6544), (1.1246, 1.1246, 1.1246), (1.2673, 1.2673, 1.2673), (1.247, 0.8729, 1.247), (0.7127, 0.7127, 0.7127), (0.8868, 0.8868, 0.8868), (1.1313, 1.1313, 1.1313), (0.8802, 0.8802, 0.8802), (1.122, 1.122, 1.122), (0.8989, 0.6292, 0.8989), (1.2002, 0.8401, 1.2002), (1.2236, 0.8565, 1.2236), (1.0243, 1.0243, 1.0243), (0.7226, 0.7226, 0.7226), (1.0495, 1.0495, 1.0495), (1.2031, 1.2031, 1.2031), (0.7336, 0.5136, 0.7336), (1.1135, 1.1135, 1.1135), (0.9903, 0.9903, 0.9903), (1.1078, 1.1078, 1.1078), (1.2323, 1.2323, 1.2323), (0.681, 0.4767, 0.681), (0.8309, 0.8309, 0.8309), (0.9592, 0.9592, 0.9592), (1.0549, 1.0549, 1.0549), (1.2985, 1.2985, 1.2985), (1.279, 1.279, 1.279), (0.9429, 0.9429, 0.9429), (1.2212, 1.2212, 1.2212), (1.2384, 1.2384, 1.2384), (1.0136, 1.0136, 1.0136), (1.2887, 0.9021, 1.2887), (1.0917, 1.0917, 1.0917), (1.1027, 1.1027, 1.1027), (0.939, 0.939, 0.939), (0.6978, 0.4884, 0.6978), (0.9132, 0.9132, 0.9132), (1.1892, 1.1892, 1.1892), (0.7862, 0.7862, 0.7862), (1.1891, 1.1891, 1.1891), (1.2059, 1.2059, 1.2059), (1.2842, 1.2842, 1.2842), (1.1845, 1.1845, 1.1845), (0.7521, 0.7521, 0.7521), (1.0444, 1.0444, 1.0444), (1.2638, 1.2638, 1.2638), (1.2762, 1.2762, 1.2762), (0.7001, 0.7001, 0.7001), (0.7783, 0.7783, 0.7783), (0.7139, 0.7139, 0.7139), (0.903, 0.903, 0.903), (1.0384, 1.0384, 1.0384), (0.9189, 0.9189, 0.9189), (1.1252, 1.1252, 1.1252), (0.8314, 0.8314, 0.8314), (1.1341, 1.1341, 1.1341), (0.8773, 0.8773, 0.8773), (1.0028, 1.0028, 1.0028), (1.2576, 1.2576, 1.2576), (0.9485, 0.9485, 0.9485), (1.1616, 1.1616, 1.1616), (1.0943, 1.0943, 1.0943), (1.2328, 0.863, 1.2328), (1.1751, 1.1751, 1.1751), (0.9919, 0.6943, 0.9919), (1.1967, 1.1967, 1.1967), (0.7497, 0.7497, 0.7497), (1.0289, 1.0289, 1.0289), (0.7799, 0.7799, 0.7799), (1.2699, 1.2699, 1.2699), (1.1007, 0.7705, 1.1007), (1.1892, 1.1892, 1.1892), (0.9683, 0.9683, 0.9683), (0.9591, 0.9591, 0.9591), (0.785, 0.785, 0.785), (1.0585, 1.0585, 1.0585), (0.6473, 0.4531, 0.6473), (0.8545, 0.8545, 0.8545), (1.2641, 1.2641, 1.2641), (0.8988, 0.8988, 0.8988), (1.0534, 1.0534, 1.0534), (1.0695, 0.7487, 1.0695), (0.9771, 0.9771, 0.9771), (0.8091, 0.8091, 0.8091), (0.9565, 0.6696, 0.9565), (0.7043, 0.493, 0.7043), (0.9951, 0.9951, 0.9951), (0.7377, 0.7377, 0.7377), (0.8148, 0.8148, 0.8148), (0.8733, 0.8733, 0.8733), (1.1081, 1.1081, 1.1081), (0.9043, 0.9043, 0.9043), (1.2759, 1.2759, 1.2759), (0.8149, 0.5704, 0.8149), (0.6909, 0.4837, 0.6909), (0.7927, 0.7927, 0.7927), (1.1918, 1.1918, 1.1918), (0.9693, 0.9693, 0.9693), (0.5197, 0.3638, 0.5197), (0.9665, 0.9665, 0.9665), (1.2534, 1.2534, 1.2534), (1.2311, 1.2311, 1.2311), (1.0981, 1.0981, 1.0981), (1.0498, 1.0498, 1.0498), (1.0544, 1.0544, 1.0544), (0.7789, 0.7789, 0.7789), (1.1548, 1.1548, 1.1548), (0.8389, 0.5872, 0.8389), (0.9723, 0.9723, 0.9723), (0.7931, 0.7931, 0.7931), (1.1058, 1.1058, 1.1058), (1.1496, 1.1496, 1.1496), (0.9462, 0.9462, 0.9462), (1.2078, 1.2078, 1.2078), (1.0343, 1.0343, 1.0343), (0.7893, 0.7893, 0.7893), (1.1127, 1.1127, 1.1127), (1.0934, 1.0934, 1.0934), (1.1487, 1.1487, 1.1487), (0.805, 0.805, 0.805), (1.0937, 1.0937, 1.0937), (0.9997, 0.9997, 0.9997), (1.1327, 1.1327, 1.1327), (0.7956, 0.7956, 0.7956), (0.7811, 0.5468, 0.7811), (0.9722, 0.9722, 0.9722), (0.9406, 0.9406, 0.9406), (0.9458, 0.9458, 0.9458), (0.8435, 0.8435, 0.8435), (1.1598, 1.1598, 1.1598), (0.9395, 0.9395, 0.9395), (1.0513, 1.0513, 1.0513), (0.7717, 0.7717, 0.7717), (0.9775, 0.9775, 0.9775), (0.9438, 0.9438, 0.9438), (0.9337, 0.9337, 0.9337), (0.6689, 0.4682, 0.6689), (1.2166, 1.2166, 1.2166), (0.8487, 0.8487, 0.8487), (0.7969, 0.7969, 0.7969), (1.0692, 0.7484, 1.0692), (0.8747, 0.8747, 0.8747), (1.1514, 1.1514, 1.1514), (0.8347, 0.5843, 0.8347), (1.24, 1.24, 1.24), (0.7336, 0.7336, 0.7336), (0.7578, 0.7578, 0.7578), (0.7037, 0.7037, 0.7037), (0.983, 0.983, 0.983), (0.7865, 0.7865, 0.7865), (0.8291, 0.8291, 0.8291), (1.1371, 1.1371, 1.1371), (0.7215, 0.505, 0.7215), (1.1607, 1.1607, 1.1607), (1.0139, 1.0139, 1.0139), (0.7324, 0.7324, 0.7324), (0.7554, 0.7554, 0.7554), (1.1143, 1.1143, 1.1143), (1.1474, 1.1474, 1.1474), (0.7326, 0.7326, 0.7326), (1.1805, 1.1805, 1.1805), (0.8544, 0.8544, 0.8544), (1.0075, 1.0075, 1.0075), (1.0842, 1.0842, 1.0842), (0.7333, 0.7333, 0.7333), (0.9758, 0.9758, 0.9758), (0.905, 0.905, 0.905), (1.0296, 1.0296, 1.0296), (1.0372, 0.726, 1.0372), (1.0237, 0.7166, 1.0237), (1.1877, 1.1877, 1.1877), (0.9371, 0.9371, 0.9371), (0.9974, 0.9974, 0.9974), (1.0662, 1.0662, 1.0662), (1.1728, 1.1728, 1.1728), (1.212, 1.212, 1.212), (0.8213, 0.8213, 0.8213), (1.1848, 1.1848, 1.1848), (0.9235, 0.9235, 0.9235), (0.856, 0.856, 0.856), (0.9664, 0.9664, 0.9664), (0.8075, 0.8075, 0.8075), (0.8989, 0.8989, 0.8989), (1.2287, 1.2287, 1.2287), (0.878, 0.878, 0.878), (1.1995, 1.1995, 1.1995), (0.7853, 0.7853, 0.7853), (1.2358, 0.8651, 1.2358), (0.9645, 0.9645, 0.9645), (0.8741, 0.8741, 0.8741), (0.934, 0.934, 0.934), (1.1445, 1.1445, 1.1445), (1.1581, 0.8107, 1.1581), (1.0595, 1.0595, 1.0595), (1.0595, 1.0595, 1.0595), (1.0368, 1.0368, 1.0368), (0.8437, 0.8437, 0.8437), (1.089, 1.089, 1.089), (0.9137, 0.9137, 0.9137), (0.7614, 0.7614, 0.7614), (1.0217, 1.0217, 1.0217), (1.1945, 1.1945, 1.1945), (1.0554, 1.0554, 1.0554), (1.2475, 1.2475, 1.2475), (1.2463, 1.2463, 1.2463), (0.9123, 0.6386, 0.9123), (0.9105, 0.6373, 0.9105), (0.7413, 0.7413, 0.7413), (0.7907, 0.5535, 0.7907), (1.1942, 1.1942, 1.1942), (1.2924, 1.2924, 1.2924), (1.2802, 0.8961, 1.2802), (0.569, 0.3983, 0.569), (0.9923, 0.9923, 0.9923), (0.5712, 0.3999, 0.5712), (1.1395, 1.1395, 1.1395), (1.2753, 1.2753, 1.2753), (1.2149, 1.2149, 1.2149), (1.2095, 1.2095, 1.2095), (1.1892, 1.1892, 1.1892), (0.7587, 0.7587, 0.7587), (0.9577, 0.6704, 0.9577), (1.2044, 1.2044, 1.2044), (0.788, 0.788, 0.788), (0.7098, 0.7098, 0.7098), (1.05, 1.05, 1.05), (0.7023, 0.7023, 0.7023), (0.6426, 0.4498, 0.6426), (0.9611, 0.9611, 0.9611), (0.8052, 0.8052, 0.8052), (0.7924, 0.5547, 0.7924), (1.2489, 1.2489, 1.2489), (1.1413, 1.1413, 1.1413), (0.6161, 0.4313, 0.6161), (1.1996, 1.1996, 1.1996), (1.1451, 1.1451, 1.1451), (1.1255, 1.1255, 1.1255), (1.0031, 1.0031, 1.0031), (1.068, 0.7476, 1.068), (1.0297, 1.0297, 1.0297), (1.2421, 1.2421, 1.2421), (0.8939, 0.8939, 0.8939), (0.7493, 0.7493, 0.7493), (1.1458, 1.1458, 1.1458), (0.7969, 0.5578, 0.7969), (1.2789, 1.2789, 1.2789), (0.8551, 0.5986, 0.8551), (1.2718, 1.2718, 1.2718), (0.8891, 0.6224, 0.8891), (1.0549, 1.0549, 1.0549), (0.8538, 0.8538, 0.8538), (0.7869, 0.7869, 0.7869), (1.2551, 0.8786, 1.2551), (0.7276, 0.7276, 0.7276), (1.0572, 0.74, 1.0572), (0.6936, 0.4855, 0.6936), (1.0269, 1.0269, 1.0269), (0.9362, 0.9362, 0.9362), (1.2696, 1.2696, 1.2696), (0.8513, 0.8513, 0.8513), (1.2775, 1.2775, 1.2775), (1.1169, 1.1169, 1.1169), (1.0215, 1.0215, 1.0215), (1.2873, 1.2873, 1.2873), (0.8953, 0.8953, 0.8953), (1.2589, 1.2589, 1.2589), (1.0641, 1.0641, 1.0641), (0.7766, 0.7766, 0.7766), (0.7363, 0.7363, 0.7363), (1.0249, 1.0249, 1.0249), (1.2521, 1.2521, 1.2521), (0.9016, 0.9016, 0.9016), (0.7289, 0.7289, 0.7289), (0.9898, 0.9898, 0.9898), (1.0347, 1.0347, 1.0347), (0.701, 0.701, 0.701), (0.9944, 0.9944, 0.9944), (0.8796, 0.6157, 0.8796), (1.2033, 1.2033, 1.2033), (1.2483, 1.2483, 1.2483), (0.8685, 0.8685, 0.8685), (1.2808, 1.2808, 1.2808), (0.7146, 0.7146, 0.7146), (1.0294, 1.0294, 1.0294), (1.0247, 1.0247, 1.0247), (1.1438, 1.1438, 1.1438), (0.7431, 0.7431, 0.7431), (0.7332, 0.7332, 0.7332), (1.2201, 1.2201, 1.2201), (1.2417, 1.2417, 1.2417), (0.9079, 0.9079, 0.9079), (0.9074, 0.9074, 0.9074), (1.2707, 1.2707, 1.2707), (1.1105, 1.1105, 1.1105), (0.5704, 0.3993, 0.5704), (1.1832, 1.1832, 1.1832), (1.0654, 0.7458, 1.0654), (1.162, 1.162, 1.162), (1.1219, 1.1219, 1.1219), (1.1889, 1.1889, 1.1889), (0.8071, 0.8071, 0.8071), (1.1175, 1.1175, 1.1175), (1.2578, 1.2578, 1.2578), (0.8041, 0.8041, 0.8041), (1.2067, 1.2067, 1.2067), (0.8867, 0.8867, 0.8867), (0.7687, 0.7687, 0.7687), (1.2858, 1.2858, 1.2858), (1.1669, 1.1669, 1.1669), (0.6217, 0.4352, 0.6217), (0.803, 0.803, 0.803), (1.1868, 1.1868, 1.1868), (0.9349, 0.9349, 0.9349), (0.798, 0.5586, 0.798), (0.8712, 0.6099, 0.8712), (1.1792, 1.1792, 1.1792), (1.1896, 1.1896, 1.1896), (1.1021, 1.1021, 1.1021), (1.1757, 1.1757, 1.1757), (1.1521, 1.1521, 1.1521), (1.2886, 1.2886, 1.2886), (0.5123, 0.3586, 0.5123), (1.2949, 1.2949, 1.2949), (0.8312, 0.8312, 0.8312), (0.8328, 0.8328, 0.8328), (1.0122, 1.0122, 1.0122), (0.7796, 0.7796, 0.7796), (0.7256, 0.7256, 0.7256), (0.9693, 0.9693, 0.9693), (1.1983, 1.1983, 1.1983), (1.2078, 1.2078, 1.2078), (0.8127, 0.5689, 0.8127), (1.2196, 1.2196, 1.2196), (0.537, 0.3759, 0.537), (1.1748, 1.1748, 1.1748), (0.9588, 0.9588, 0.9588), (0.7407, 0.7407, 0.7407), (0.7424, 0.7424, 0.7424), (0.5976, 0.4183, 0.5976), (1.2495, 1.2495, 1.2495), (1.0532, 1.0532, 1.0532), (0.9293, 0.6505, 0.9293), (0.9606, 0.9606, 0.9606), (0.9718, 0.6802, 0.9718), (0.9413, 0.9413, 0.9413), (0.9823, 0.9823, 0.9823), (0.8194, 0.8194, 0.8194), (0.9575, 0.9575, 0.9575), (0.7044, 0.7044, 0.7044), (0.8861, 0.8861, 0.8861), (0.9903, 0.9903, 0.9903), (1.1061, 1.1061, 1.1061), (0.8087, 0.8087, 0.8087), (1.047, 1.047, 1.047), (0.7003, 0.7003, 0.7003), (1.2564, 1.2564, 1.2564), (0.732, 0.732, 0.732), (0.6216, 0.4351, 0.6216), (0.8196, 0.8196, 0.8196), (1.1919, 1.1919, 1.1919), (1.1643, 1.1643, 1.1643), (1.2726, 1.2726, 1.2726), (1.0462, 1.0462, 1.0462), (1.2655, 1.2655, 1.2655), (0.9999, 0.9999, 0.9999), (0.9056, 0.9056, 0.9056), (1.0036, 1.0036, 1.0036), (0.9423, 0.9423, 0.9423), (0.6119, 0.4283, 0.6119), (0.9681, 0.9681, 0.9681), (0.8002, 0.8002, 0.8002), (1.2041, 1.2041, 1.2041), (0.8776, 0.8776, 0.8776), (1.0327, 0.7229, 1.0327), (1.1672, 1.1672, 1.1672), (1.2328, 1.2328, 1.2328), (0.9812, 0.6868, 0.9812), (0.9233, 0.9233, 0.9233), (1.0187, 1.0187, 1.0187), (0.9514, 0.9514, 0.9514), (0.8571, 0.8571, 0.8571), (0.7064, 0.7064, 0.7064), (0.9012, 0.9012, 0.9012), (1.262, 1.262, 1.262), (1.0358, 1.0358, 1.0358), (0.7043, 0.7043, 0.7043), (0.9806, 0.9806, 0.9806), (0.9426, 0.9426, 0.9426), (0.8828, 0.8828, 0.8828), (0.9724, 0.6807, 0.9724), (1.267, 0.8869, 1.267), (1.1415, 0.799, 1.1415), (0.7292, 0.5104, 0.7292), (0.7721, 0.7721, 0.7721), (1.2246, 0.8572, 1.2246), (1.2465, 1.2465, 1.2465), (0.7606, 0.7606, 0.7606), (1.073, 1.073, 1.073), (0.9915, 0.9915, 0.9915), (1.0732, 1.0732, 1.0732), (0.8331, 0.8331, 0.8331), (1.2017, 1.2017, 1.2017), (1.0371, 1.0371, 1.0371), (1.1035, 1.1035, 1.1035), (1.0471, 1.0471, 1.0471), (0.8349, 0.8349, 0.8349), (1.2444, 1.2444, 1.2444), (1.1727, 1.1727, 1.1727), (1.0901, 1.0901, 1.0901), (1.2118, 1.2118, 1.2118), (0.8535, 0.8535, 0.8535), (1.247, 1.247, 1.247), (0.6488, 0.4542, 0.6488), (1.0409, 1.0409, 1.0409), (1.0918, 1.0918, 1.0918), (0.8544, 0.8544, 0.8544), (0.7003, 0.4902, 0.7003), (0.9138, 0.6397, 0.9138), (0.7548, 0.7548, 0.7548), (0.7147, 0.7147, 0.7147), (0.8, 0.8, 0.8), (1.2755, 1.2755, 1.2755), (0.7598, 0.7598, 0.7598), (1.0331, 1.0331, 1.0331), (1.1141, 1.1141, 1.1141), (0.9503, 0.9503, 0.9503), (0.864, 0.864, 0.864), (1.1713, 1.1713, 1.1713), (1.1943, 0.836, 1.1943), (1.1519, 1.1519, 1.1519), (1.0195, 1.0195, 1.0195), (1.2592, 0.8814, 1.2592), (0.8218, 0.8218, 0.8218), (0.9676, 0.9676, 0.9676), (0.8026, 0.8026, 0.8026), (0.9499, 0.9499, 0.9499), (1.1839, 1.1839, 1.1839), (1.2489, 1.2489, 1.2489), (0.9811, 0.9811, 0.9811), (1.1918, 1.1918, 1.1918), (1.2538, 1.2538, 1.2538), (0.9678, 0.9678, 0.9678), (0.9399, 0.9399, 0.9399), (1.175, 1.175, 1.175), (0.8231, 0.8231, 0.8231), (0.9921, 0.9921, 0.9921), (0.8319, 0.8319, 0.8319), (1.267, 0.8869, 1.267), (1.1183, 0.7828, 1.1183), (1.1373, 1.1373, 1.1373), (1.2145, 0.8501, 1.2145), (0.9034, 0.6324, 0.9034), (0.7439, 0.5208, 0.7439), (0.9842, 0.9842, 0.9842), (0.944, 0.944, 0.944), (1.0414, 1.0414, 1.0414), (0.7111, 0.7111, 0.7111), (0.8868, 0.8868, 0.8868), (0.9325, 0.9325, 0.9325), (0.7947, 0.7947, 0.7947), (1.2436, 1.2436, 1.2436), (1.1873, 1.1873, 1.1873), (0.887, 0.887, 0.887), (1.0027, 1.0027, 1.0027), (0.9992, 0.9992, 0.9992), (0.8953, 0.8953, 0.8953), (1.0673, 1.0673, 1.0673), (1.2708, 1.2708, 1.2708), (1.0702, 1.0702, 1.0702), (0.9435, 0.9435, 0.9435), (1.0181, 1.0181, 1.0181), (0.887, 0.6209, 0.887), (0.883, 0.883, 0.883), (0.8543, 0.598, 0.8543), (1.0667, 0.7467, 1.0667), (1.2245, 1.2245, 1.2245), (1.1072, 0.775, 1.1072), (1.2685, 0.8879, 1.2685), (0.7329, 0.7329, 0.7329), (0.884, 0.884, 0.884), (1.2077, 1.2077, 1.2077), (0.942, 0.942, 0.942), (0.6376, 0.4463, 0.6376), (0.9766, 0.9766, 0.9766), (0.8255, 0.8255, 0.8255), (0.9946, 0.9946, 0.9946), (1.1809, 1.1809, 1.1809), (0.7792, 0.7792, 0.7792), (0.8873, 0.8873, 0.8873), (1.159, 1.159, 1.159), (0.8054, 0.8054, 0.8054), (1.0259, 0.7181, 1.0259), (1.2293, 1.2293, 1.2293), (0.8324, 0.8324, 0.8324), (0.8036, 0.8036, 0.8036), (1.2156, 1.2156, 1.2156), (0.9297, 0.9297, 0.9297), (0.5096, 0.3567, 0.5096), (0.665, 0.4655, 0.665), (0.7312, 0.7312, 0.7312), (1.0867, 1.0867, 1.0867), (1.039, 1.039, 1.039), (0.8393, 0.8393, 0.8393), (0.9809, 0.9809, 0.9809), (0.9602, 0.9602, 0.9602), (0.633, 0.4431, 0.633), (1.1101, 1.1101, 1.1101), (1.0191, 1.0191, 1.0191), (0.7944, 0.7944, 0.7944), (0.8282, 0.8282, 0.8282), (0.9015, 0.9015, 0.9015), (1.2489, 1.2489, 1.2489), (1.0977, 1.0977, 1.0977), (0.8185, 0.8185, 0.8185), (0.9751, 0.9751, 0.9751), (0.7319, 0.7319, 0.7319), (0.8669, 0.8669, 0.8669), (1.0923, 1.0923, 1.0923), (0.9646, 0.9646, 0.9646), (0.8576, 0.8576, 0.8576), (1.124, 1.124, 1.124), (1.1045, 1.1045, 1.1045), (0.9263, 0.9263, 0.9263), (0.9557, 0.9557, 0.9557), (1.2587, 1.2587, 1.2587), (1.1597, 1.1597, 1.1597), (1.0909, 1.0909, 1.0909), (0.9762, 0.9762, 0.9762), (0.7125, 0.7125, 0.7125), (0.795, 0.795, 0.795), (1.2983, 1.2983, 1.2983), (0.9427, 0.9427, 0.9427), (1.2399, 1.2399, 1.2399), (0.7603, 0.7603, 0.7603), (0.9209, 0.9209, 0.9209), (1.1816, 1.1816, 1.1816), (0.8386, 0.8386, 0.8386), (0.9196, 0.9196, 0.9196), (1.0488, 1.0488, 1.0488), (1.164, 1.164, 1.164), (0.9065, 0.9065, 0.9065), (1.0388, 1.0388, 1.0388), (0.7355, 0.7355, 0.7355), (0.8734, 0.6114, 0.8734), (1.2199, 1.2199, 1.2199), (1.0397, 1.0397, 1.0397), (1.0008, 1.0008, 1.0008), (0.7804, 0.5463, 0.7804), (0.9991, 0.9991, 0.9991), (0.6316, 0.4421, 0.6316), (1.2608, 1.2608, 1.2608), (1.2989, 1.2989, 1.2989), (0.9421, 0.6595, 0.9421), (0.7711, 0.7711, 0.7711), (0.831, 0.831, 0.831), (0.7245, 0.7245, 0.7245), (0.9323, 0.9323, 0.9323), (1.243, 1.243, 1.243), (0.7726, 0.7726, 0.7726), (1.2352, 1.2352, 1.2352), (0.9567, 0.9567, 0.9567), (0.8904, 0.8904, 0.8904), (1.142, 1.142, 1.142), (1.0356, 0.7249, 1.0356), (0.956, 0.956, 0.956), (0.7706, 0.5394, 0.7706), (1.2362, 0.8653, 1.2362), (0.785, 0.5495, 0.785), (0.7194, 0.7194, 0.7194), (0.7936, 0.7936, 0.7936), (0.7004, 0.7004, 0.7004), (0.7665, 0.7665, 0.7665), (1.2186, 1.2186, 1.2186), (0.9619, 0.9619, 0.9619), (0.9628, 0.9628, 0.9628), (1.0876, 0.7613, 1.0876), (0.7816, 0.5471, 0.7816), (0.8887, 0.8887, 0.8887), (0.8194, 0.8194, 0.8194), (0.9559, 0.9559, 0.9559), (1.0177, 1.0177, 1.0177), (0.9205, 0.9205, 0.9205), (0.7586, 0.531, 0.7586), (1.0551, 1.0551, 1.0551), (0.9844, 0.9844, 0.9844), (0.7421, 0.7421, 0.7421), (0.7907, 0.7907, 0.7907), (0.8031, 0.8031, 0.8031), (1.1598, 1.1598, 1.1598), (0.6365, 0.4455, 0.6365), (1.1717, 1.1717, 1.1717), (0.7814, 0.547, 0.7814), (0.8618, 0.8618, 0.8618), (1.2978, 1.2978, 1.2978), (1.252, 1.252, 1.252), (0.7384, 0.7384, 0.7384), (1.0808, 1.0808, 1.0808), (1.0271, 1.0271, 1.0271), (0.8748, 0.6124, 0.8748), (0.8181, 0.5727, 0.8181), (1.1313, 1.1313, 1.1313), (1.0868, 1.0868, 1.0868), (1.0294, 1.0294, 1.0294), (1.2931, 1.2931, 1.2931), (0.5024, 0.3517, 0.5024), (1.0114, 1.0114, 1.0114), (0.7583, 0.7583, 0.7583), (1.1213, 1.1213, 1.1213), (1.004, 1.004, 1.004), (1.1416, 0.7991, 1.1416), (1.239, 1.239, 1.239), (1.0867, 1.0867, 1.0867), (1.049, 1.049, 1.049), (0.7467, 0.7467, 0.7467), (1.1078, 1.1078, 1.1078), (1.0181, 1.0181, 1.0181), (0.8043, 0.8043, 0.8043), (0.8891, 0.6224, 0.8891), (1.1819, 1.1819, 1.1819), (1.1643, 1.1643, 1.1643), (1.2493, 1.2493, 1.2493), (0.7325, 0.7325, 0.7325), (1.0588, 1.0588, 1.0588), (1.0673, 1.0673, 1.0673), (1.1431, 1.1431, 1.1431), (0.7889, 0.7889, 0.7889), (1.1729, 1.1729, 1.1729), (0.8681, 0.6077, 0.8681), (0.7594, 0.7594, 0.7594), (0.7261, 0.7261, 0.7261), (1.2559, 1.2559, 1.2559), (0.9128, 0.9128, 0.9128), (1.2861, 1.2861, 1.2861), (0.845, 0.845, 0.845), (0.9404, 0.6583, 0.9404), (0.5958, 0.417, 0.5958), (0.9173, 0.9173, 0.9173), (0.9347, 0.9347, 0.9347), (1.1835, 1.1835, 1.1835), (1.0372, 1.0372, 1.0372), (1.0123, 0.7086, 1.0123), (0.9518, 0.9518, 0.9518), (1.0681, 1.0681, 1.0681), (0.6621, 0.4635, 0.6621), (1.0486, 0.734, 1.0486), (0.9873, 0.9873, 0.9873), (0.5183, 0.3628, 0.5183), (1.1621, 1.1621, 1.1621), (0.7662, 0.5363, 0.7662), (0.7681, 0.7681, 0.7681), (0.7449, 0.7449, 0.7449), (0.8382, 0.8382, 0.8382), (0.7815, 0.547, 0.7815), (0.9373, 0.9373, 0.9373), (1.09, 1.09, 1.09), (1.1566, 1.1566, 1.1566), (1.1, 1.1, 1.1), (0.9747, 0.9747, 0.9747), (1.089, 1.089, 1.089), (1.0999, 1.0999, 1.0999), (1.0775, 1.0775, 1.0775), (0.8829, 0.8829, 0.8829), (0.8182, 0.8182, 0.8182), (0.8746, 0.6122, 0.8746), (0.792, 0.792, 0.792), (1.0568, 1.0568, 1.0568), (1.2162, 1.2162, 1.2162), (1.1591, 1.1591, 1.1591), (0.7389, 0.7389, 0.7389), (0.7905, 0.7905, 0.7905), (1.1331, 0.7931, 1.1331), (0.8459, 0.5921, 0.8459), (0.7596, 0.7596, 0.7596), (1.1249, 1.1249, 1.1249), (0.9906, 0.9906, 0.9906), (1.1388, 1.1388, 1.1388), (1.1656, 1.1656, 1.1656), (1.258, 1.258, 1.258), (1.1232, 1.1232, 1.1232), (0.6694, 0.4686, 0.6694), (0.76, 0.76, 0.76), (1.2167, 1.2167, 1.2167), (1.1417, 1.1417, 1.1417), (1.0812, 1.0812, 1.0812), (1.0311, 1.0311, 1.0311), (0.7676, 0.7676, 0.7676), (0.8414, 0.8414, 0.8414), (0.7958, 0.7958, 0.7958), (0.9917, 0.6942, 0.9917), (0.752, 0.752, 0.752), (1.266, 1.266, 1.266), (0.9053, 0.9053, 0.9053), (0.7355, 0.7355, 0.7355), (0.8755, 0.8755, 0.8755), (0.7722, 0.7722, 0.7722), (1.0673, 0.7471, 1.0673), (0.7886, 0.7886, 0.7886), (0.8182, 0.8182, 0.8182), (1.0492, 1.0492, 1.0492), (1.1851, 1.1851, 1.1851), (0.8931, 0.8931, 0.8931), (1.2669, 1.2669, 1.2669), (1.0649, 1.0649, 1.0649), (1.2139, 1.2139, 1.2139), (1.2501, 0.875, 1.2501), (0.9165, 0.9165, 0.9165), (0.8005, 0.8005, 0.8005), (1.0483, 1.0483, 1.0483), (0.978, 0.978, 0.978), (1.0974, 1.0974, 1.0974), (0.9101, 0.6371, 0.9101), (0.7975, 0.7975, 0.7975), (0.9768, 0.9768, 0.9768), (0.8526, 0.8526, 0.8526), (1.2483, 1.2483, 1.2483), (0.7119, 0.4984, 0.7119), (0.8871, 0.8871, 0.8871), (0.5147, 0.3603, 0.5147), (1.2989, 1.2989, 1.2989), (0.8969, 0.8969, 0.8969), (1.1803, 0.8262, 1.1803), (1.2846, 1.2846, 1.2846), (0.8178, 0.8178, 0.8178), (1.2224, 0.8557, 1.2224), (0.9814, 0.9814, 0.9814), (1.0107, 1.0107, 1.0107), (0.9928, 0.9928, 0.9928), (0.7771, 0.7771, 0.7771), (0.9224, 0.9224, 0.9224), (1.2559, 1.2559, 1.2559), (1.1979, 1.1979, 1.1979), (0.9537, 0.9537, 0.9537), (0.864, 0.864, 0.864), (1.1707, 1.1707, 1.1707), (0.7582, 0.7582, 0.7582), (0.9835, 0.9835, 0.9835), (0.7117, 0.7117, 0.7117), (0.908, 0.908, 0.908), (1.2221, 1.2221, 1.2221), (0.9465, 0.9465, 0.9465), (0.9742, 0.9742, 0.9742), (0.7574, 0.7574, 0.7574), (0.9609, 0.9609, 0.9609), (0.9457, 0.9457, 0.9457), (0.6382, 0.4468, 0.6382), (0.8518, 0.8518, 0.8518), (1.0161, 1.0161, 1.0161), (0.8851, 0.8851, 0.8851), (0.87, 0.87, 0.87), (1.0111, 1.0111, 1.0111), (0.8673, 0.6071, 0.8673), (1.2164, 1.2164, 1.2164), (1.2641, 0.8849, 1.2641), (0.7859, 0.5501, 0.7859), (0.8628, 0.8628, 0.8628), (1.1908, 1.1908, 1.1908), (0.9677, 0.9677, 0.9677), (1.0625, 1.0625, 1.0625), (1.2492, 1.2492, 1.2492), (1.1446, 1.1446, 1.1446), (0.7165, 0.7165, 0.7165), (0.7685, 0.7685, 0.7685), (1.0982, 1.0982, 1.0982), (0.8153, 0.8153, 0.8153), (1.1486, 0.804, 1.1486), (1.0785, 1.0785, 1.0785), (0.785, 0.785, 0.785), (1.1221, 1.1221, 1.1221), (0.7314, 0.7314, 0.7314), (1.0099, 1.0099, 1.0099), (0.9202, 0.9202, 0.9202), (1.1415, 0.7991, 1.1415), (0.737, 0.5159, 0.737), (0.9457, 0.9457, 0.9457), (0.9394, 0.9394, 0.9394), (1.0064, 1.0064, 1.0064), (1.2905, 1.2905, 1.2905), (1.0787, 1.0787, 1.0787), (0.7106, 0.7106, 0.7106), (0.7299, 0.7299, 0.7299), (0.941, 0.941, 0.941), (0.6217, 0.4352, 0.6217), (1.1305, 1.1305, 1.1305), (1.2979, 1.2979, 1.2979), (0.6819, 0.4773, 0.6819), (1.2076, 1.2076, 1.2076), (0.9088, 0.9088, 0.9088), (1.1835, 0.8285, 1.1835), (1.0046, 1.0046, 1.0046), (1.0595, 1.0595, 1.0595), (0.7108, 0.7108, 0.7108), (0.7532, 0.7532, 0.7532), (1.1918, 1.1918, 1.1918), (0.8246, 0.8246, 0.8246), (1.253, 1.253, 1.253), (1.1463, 1.1463, 1.1463), (1.006, 1.006, 1.006), (0.9807, 0.9807, 0.9807), (1.1467, 1.1467, 1.1467), (1.2407, 1.2407, 1.2407), (0.8805, 0.8805, 0.8805), (0.8787, 0.8787, 0.8787), (1.0588, 1.0588, 1.0588), (1.1869, 1.1869, 1.1869), (0.9271, 0.9271, 0.9271), (0.7017, 0.7017, 0.7017), (0.8299, 0.8299, 0.8299), (0.7143, 0.7143, 0.7143), (1.0183, 1.0183, 1.0183), (0.6069, 0.4248, 0.6069), (1.083, 1.083, 1.083), (1.268, 1.268, 1.268), (0.7934, 0.7934, 0.7934), (0.8386, 0.8386, 0.8386), (0.677, 0.4739, 0.677), (0.771, 0.771, 0.771), (0.5956, 0.4169, 0.5956), (0.8288, 0.8288, 0.8288), (1.0412, 1.0412, 1.0412), (0.7686, 0.7686, 0.7686), (1.2691, 1.2691, 1.2691), (1.2122, 1.2122, 1.2122), (1.0683, 1.0683, 1.0683), (1.1501, 0.805, 1.1501), (1.0811, 1.0811, 1.0811), (1.1114, 1.1114, 1.1114), (1.2219, 0.8553, 1.2219), (0.8577, 0.8577, 0.8577), (1.2129, 1.2129, 1.2129), (1.2631, 1.2631, 1.2631), (0.919, 0.919, 0.919), (0.7487, 0.7487, 0.7487), (1.0654, 1.0654, 1.0654), (0.9756, 0.9756, 0.9756), (0.9006, 0.9006, 0.9006), (1.1627, 1.1627, 1.1627), (0.8401, 0.8401, 0.8401), (0.9985, 0.6989, 0.9985), (1.0535, 1.0535, 1.0535), (1.0112, 0.7079, 1.0112), (1.0331, 1.0331, 1.0331), (1.1715, 1.1715, 1.1715), (0.7585, 0.7585, 0.7585), (0.9639, 0.9639, 0.9639), (1.0083, 1.0083, 1.0083), (0.8503, 0.8503, 0.8503), (0.8564, 0.8564, 0.8564), (0.8302, 0.8302, 0.8302), (1.0065, 0.7046, 1.0065), (1.2949, 1.2949, 1.2949), (1.012, 1.012, 1.012), (0.7721, 0.7721, 0.7721), (0.7862, 0.7862, 0.7862), (1.2882, 0.9018, 1.2882), (1.0396, 1.0396, 1.0396), (1.2168, 1.2168, 1.2168), (1.2123, 0.8486, 1.2123), (1.0575, 1.0575, 1.0575), (1.1238, 1.1238, 1.1238), (1.1237, 1.1237, 1.1237), (0.9802, 0.6861, 0.9802), (0.7605, 0.7605, 0.7605), (1.0179, 1.0179, 1.0179), (0.6794, 0.4756, 0.6794), (1.2148, 1.2148, 1.2148), (0.8359, 0.5852, 0.8359), (1.2396, 1.2396, 1.2396), (0.7452, 0.7452, 0.7452), (0.949, 0.6643, 0.949), (0.6607, 0.4625, 0.6607), (0.8337, 0.8337, 0.8337), (1.022, 1.022, 1.022), (0.7198, 0.7198, 0.7198), (0.7047, 0.7047, 0.7047), (1.019, 1.019, 1.019), (1.1929, 1.1929, 1.1929), (1.1804, 1.1804, 1.1804), (0.876, 0.876, 0.876), (0.8184, 0.8184, 0.8184), (0.8561, 0.8561, 0.8561), (1.245, 1.245, 1.245), (1.297, 1.297, 1.297), (1.0184, 1.0184, 1.0184), (1.1434, 1.1434, 1.1434), (1.1384, 1.1384, 1.1384), (0.7147, 0.5003, 0.7147), (0.9475, 0.9475, 0.9475), (0.9337, 0.9337, 0.9337), (1.2418, 1.2418, 1.2418), (1.2562, 1.2562, 1.2562), (1.011, 1.011, 1.011), (0.7585, 0.7585, 0.7585), (0.956, 0.956, 0.956), (1.2786, 1.2786, 1.2786), (0.9361, 0.9361, 0.9361), (0.7451, 0.7451, 0.7451), (0.5897, 0.4128, 0.5897), (0.8214, 0.8214, 0.8214), (0.745, 0.745, 0.745), (0.893, 0.893, 0.893), (1.1128, 0.7789, 1.1128), (1.192, 1.192, 1.192), (1.2654, 1.2654, 1.2654), (1.1733, 1.1733, 1.1733), (0.7361, 0.5153, 0.7361), (1.0514, 1.0514, 1.0514), (1.0359, 1.0359, 1.0359), (0.7773, 0.7773, 0.7773), (1.2595, 1.2595, 1.2595), (0.8872, 0.8872, 0.8872), (0.964, 0.964, 0.964), (0.9529, 0.9529, 0.9529), (0.8106, 0.8106, 0.8106), (0.7887, 0.7887, 0.7887), (0.826, 0.826, 0.826), (0.9396, 0.9396, 0.9396), (0.7641, 0.7641, 0.7641), (1.1472, 1.1472, 1.1472), (0.7446, 0.7446, 0.7446), (1.2725, 1.2725, 1.2725), (0.7157, 0.7157, 0.7157), (1.2984, 1.2984, 1.2984), (0.8303, 0.8303, 0.8303), (1.2865, 1.2865, 1.2865), (1.2729, 1.2729, 1.2729), (1.1215, 1.1215, 1.1215), (0.847, 0.847, 0.847), (0.9708, 0.9708, 0.9708), (0.976, 0.976, 0.976), (1.2261, 1.2261, 1.2261), (0.746, 0.746, 0.746), (1.2281, 1.2281, 1.2281), (1.0226, 1.0226, 1.0226), (1.1574, 1.1574, 1.1574), (0.7932, 0.7932, 0.7932), (0.8392, 0.8392, 0.8392), (0.9482, 0.9482, 0.9482), (0.5684, 0.3979, 0.5684), (1.0561, 1.0561, 1.0561), (1.1681, 1.1681, 1.1681), (0.7926, 0.7926, 0.7926), (1.2833, 1.2833, 1.2833), (1.1765, 1.1765, 1.1765), (0.7188, 0.5031, 0.7188), (1.1966, 0.8376, 1.1966), (0.8272, 0.8272, 0.8272), (1.1364, 1.1364, 1.1364), (1.2033, 1.2033, 1.2033), (0.8945, 0.8945, 0.8945), (0.955, 0.955, 0.955), (1.1248, 1.1248, 1.1248), (0.8751, 0.8751, 0.8751), (0.843, 0.843, 0.843), (0.774, 0.774, 0.774), (0.9572, 0.9572, 0.9572), (1.2423, 1.2423, 1.2423), (1.1455, 1.1455, 1.1455), (1.1743, 1.1743, 1.1743), (1.2259, 1.2259, 1.2259), (0.871, 0.871, 0.871), (1.2569, 1.2569, 1.2569), (0.8271, 0.8271, 0.8271), (1.1917, 0.8342, 1.1917), (1.1941, 1.1941, 1.1941), (0.9981, 0.9981, 0.9981), (0.8231, 0.8231, 0.8231), (0.7647, 0.7647, 0.7647), (1.2885, 1.2885, 1.2885), (1.2328, 1.2328, 1.2328), (1.2683, 1.2683, 1.2683), (1.0678, 1.0678, 1.0678), (1.0303, 1.0303, 1.0303), (1.1685, 1.1685, 1.1685), (1.094, 1.094, 1.094), (0.7332, 0.7332, 0.7332), (0.8897, 0.8897, 0.8897), (1.0936, 1.0936, 1.0936), (1.0101, 1.0101, 1.0101), (0.7173, 0.7173, 0.7173), (1.0197, 1.0197, 1.0197), (1.1374, 1.1374, 1.1374), (0.7841, 0.7841, 0.7841), (0.8028, 0.8028, 0.8028), (1.1569, 1.1569, 1.1569), (0.9887, 0.9887, 0.9887), (0.7358, 0.7358, 0.7358), (0.9912, 0.9912, 0.9912), (1.2001, 1.2001, 1.2001), (0.7328, 0.7328, 0.7328), (1.1806, 1.1806, 1.1806), (0.7352, 0.5147, 0.7352), (1.2725, 1.2725, 1.2725), (1.211, 1.211, 1.211), (0.8485, 0.8485, 0.8485), (0.742, 0.742, 0.742), (0.7712, 0.7712, 0.7712), (1.2922, 1.2922, 1.2922), (1.2463, 1.2463, 1.2463), (0.7469, 0.7469, 0.7469), (1.0684, 1.0684, 1.0684), (0.7487, 0.7487, 0.7487), (0.8618, 0.8618, 0.8618), (0.8733, 0.8733, 0.8733), (0.8924, 0.6247, 0.8924), (0.9586, 0.9586, 0.9586), (0.7211, 0.5047, 0.7211), (1.0502, 1.0502, 1.0502), (1.0663, 1.0663, 1.0663), (0.9382, 0.9382, 0.9382), (0.8916, 0.8916, 0.8916), (1.0018, 1.0018, 1.0018), (1.2945, 1.2945, 1.2945), (1.0497, 1.0497, 1.0497), (1.272, 1.272, 1.272), (1.0542, 1.0542, 1.0542), (0.9798, 0.9798, 0.9798), (0.8541, 0.8541, 0.8541), (0.7192, 0.7192, 0.7192), (1.0926, 0.7648, 1.0926), (0.8746, 0.8746, 0.8746), (1.2987, 1.2987, 1.2987), (0.8173, 0.8173, 0.8173), (0.8401, 0.5881, 0.8401), (1.2484, 1.2484, 1.2484), (1.1243, 1.1243, 1.1243), (1.0772, 1.0772, 1.0772), (0.9678, 0.9678, 0.9678), (0.7479, 0.7479, 0.7479), (1.1881, 1.1881, 1.1881), (0.782, 0.782, 0.782), (1.2994, 1.2994, 1.2994), (0.7341, 0.7341, 0.7341), (1.2307, 1.2307, 1.2307), (0.8253, 0.8253, 0.8253), (0.991, 0.6937, 0.991), (0.918, 0.6426, 0.918), (1.2113, 1.2113, 1.2113), (1.1188, 1.1188, 1.1188), (0.7567, 0.7567, 0.7567), (1.1832, 1.1832, 1.1832), (1.2799, 1.2799, 1.2799), (0.5904, 0.4133, 0.5904), (1.0379, 1.0379, 1.0379), (0.7128, 0.499, 0.7128), (0.9532, 0.9532, 0.9532), (0.8671, 0.607, 0.8671), (0.6358, 0.445, 0.6358), (0.7694, 0.7694, 0.7694), (1.2036, 1.2036, 1.2036), (1.0245, 0.7171, 1.0245), (0.7252, 0.5077, 0.7252), (0.9501, 0.9501, 0.9501), (0.7188, 0.7188, 0.7188), (0.6454, 0.4518, 0.6454), (0.7296, 0.5107, 0.7296), (0.8355, 0.8355, 0.8355), (1.0338, 0.7237, 1.0338), (1.1685, 1.1685, 1.1685), (0.5129, 0.359, 0.5129), (0.8863, 0.8863, 0.8863), (0.5381, 0.3766, 0.5381), (0.707, 0.707, 0.707), (1.274, 1.274, 1.274), (0.877, 0.877, 0.877), (1.1509, 1.1509, 1.1509), (1.2605, 1.2605, 1.2605), (0.7775, 0.7775, 0.7775), (1.1188, 1.1188, 1.1188), (1.1033, 1.1033, 1.1033), (1.2203, 0.8542, 1.2203), (0.7074, 0.7074, 0.7074), (0.9958, 0.9958, 0.9958), (0.8827, 0.8827, 0.8827), (0.7106, 0.7106, 0.7106), (0.6402, 0.4481, 0.6402), (0.8879, 0.8879, 0.8879), (0.7307, 0.7307, 0.7307), (1.2392, 1.2392, 1.2392), (1.0967, 1.0967, 1.0967), (1.2222, 1.2222, 1.2222), (1.2567, 1.2567, 1.2567), (1.0744, 1.0744, 1.0744), (0.8877, 0.8877, 0.8877), (0.8844, 0.8844, 0.8844), (1.2513, 1.2513, 1.2513), (1.0372, 1.0372, 1.0372), (1.0054, 1.0054, 1.0054), (0.8728, 0.8728, 0.8728), (0.7075, 0.7075, 0.7075), (0.9313, 0.9313, 0.9313), (1.2806, 1.2806, 1.2806), (1.1235, 1.1235, 1.1235), (1.2848, 1.2848, 1.2848), (1.1474, 1.1474, 1.1474), (1.0617, 1.0617, 1.0617), (0.8777, 0.8777, 0.8777), (1.0104, 1.0104, 1.0104), (0.8456, 0.8456, 0.8456), (0.9204, 0.9204, 0.9204), (0.8907, 0.6235, 0.8907), (0.8611, 0.8611, 0.8611), (0.9292, 0.9292, 0.9292), (0.9893, 0.9893, 0.9893), (1.0584, 1.0584, 1.0584), (1.0623, 1.0623, 1.0623), (0.8871, 0.8871, 0.8871), (1.039, 1.039, 1.039), (0.8435, 0.8435, 0.8435), (1.2013, 1.2013, 1.2013), (1.1258, 1.1258, 1.1258), (1.1814, 1.1814, 1.1814), (1.069, 0.7483, 1.069), (1.0951, 1.0951, 1.0951), (1.1581, 1.1581, 1.1581), (0.9065, 0.9065, 0.9065), (1.0008, 1.0008, 1.0008), (1.2094, 1.2094, 1.2094), (0.9887, 0.9887, 0.9887), (0.6257, 0.438, 0.6257), (1.2435, 1.2435, 1.2435), (0.7193, 0.7193, 0.7193), (0.7655, 0.7655, 0.7655), (1.217, 1.217, 1.217), (1.0375, 1.0375, 1.0375), (1.2058, 1.2058, 1.2058), (0.8965, 0.8965, 0.8965), (1.1363, 1.1363, 1.1363), (1.2037, 0.8426, 1.2037), (0.9005, 0.9005, 0.9005), (0.8256, 0.8256, 0.8256), (0.7376, 0.5163, 0.7376), (1.2862, 1.2862, 1.2862), (0.9628, 0.9628, 0.9628), (1.2347, 1.2347, 1.2347), (0.9995, 0.9995, 0.9995), (0.9379, 0.9379, 0.9379), (1.2249, 1.2249, 1.2249), (0.8392, 0.8392, 0.8392), (0.7916, 0.7916, 0.7916), (0.7153, 0.7153, 0.7153), (0.9068, 0.9068, 0.9068), (1.2699, 1.2699, 1.2699), (1.0398, 1.0398, 1.0398), (0.8811, 0.8811, 0.8811), (1.0722, 1.0722, 1.0722), (1.237, 1.237, 1.237), (1.168, 1.168, 1.168), (0.5276, 0.3693, 0.5276), (1.1583, 1.1583, 1.1583), (0.7531, 0.7531, 0.7531), (0.9951, 0.9951, 0.9951), (1.1355, 0.7948, 1.1355), (0.8087, 0.8087, 0.8087), (0.7948, 0.7948, 0.7948), (1.1776, 0.8243, 1.1776), (0.9648, 0.9648, 0.9648), (0.863, 0.863, 0.863), (1.1378, 1.1378, 1.1378), (0.7462, 0.7462, 0.7462), (1.1568, 1.1568, 1.1568), (0.9628, 0.674, 0.9628), (1.093, 1.093, 1.093), (0.9095, 0.9095, 0.9095), (0.975, 0.975, 0.975), (1.0944, 1.0944, 1.0944), (0.8313, 0.8313, 0.8313), (1.0672, 1.0672, 1.0672), (1.1801, 1.1801, 1.1801), (0.7452, 0.7452, 0.7452), (0.9094, 0.9094, 0.9094), (0.8294, 0.8294, 0.8294), (1.2798, 1.2798, 1.2798), (0.8372, 0.5861, 0.8372), (1.2975, 1.2975, 1.2975), (0.8253, 0.8253, 0.8253), (1.2183, 1.2183, 1.2183), (1.1829, 0.828, 1.1829), (1.2434, 1.2434, 1.2434), (0.9958, 0.697, 0.9958), (0.8057, 0.8057, 0.8057), (1.1744, 0.8221, 1.1744), (0.9147, 0.9147, 0.9147), (0.9752, 0.6826, 0.9752), (1.0552, 0.7386, 1.0552), (1.2993, 1.2993, 1.2993), (1.2908, 1.2908, 1.2908), (0.9034, 0.9034, 0.9034), (0.6231, 0.4362, 0.6231), (0.7047, 0.7047, 0.7047), (0.8, 0.8, 0.8), (1.2759, 0.8932, 1.2759), (0.9961, 0.6973, 0.9961), (1.1502, 1.1502, 1.1502), (1.146, 1.146, 1.146), (0.7103, 0.7103, 0.7103), (1.1197, 1.1197, 1.1197), (0.9737, 0.9737, 0.9737), (1.0514, 1.0514, 1.0514), (0.8632, 0.8632, 0.8632), (1.0883, 1.0883, 1.0883), (1.0297, 1.0297, 1.0297), (0.7805, 0.7805, 0.7805), (1.2069, 1.2069, 1.2069), (1.1782, 0.8248, 1.1782), (0.9336, 0.9336, 0.9336), (1.2898, 1.2898, 1.2898), (1.2013, 0.8409, 1.2013), (0.8587, 0.8587, 0.8587), (1.1741, 1.1741, 1.1741), (0.924, 0.6468, 0.924), (1.1226, 1.1226, 1.1226), (1.1673, 1.1673, 1.1673), (1.0905, 1.0905, 1.0905), (1.0347, 0.7243, 1.0347), (1.1344, 1.1344, 1.1344), (0.9907, 0.9907, 0.9907), (1.1105, 1.1105, 1.1105), (0.903, 0.903, 0.903), (1.2994, 1.2994, 1.2994), (0.7524, 0.7524, 0.7524), (0.8062, 0.8062, 0.8062), (1.0511, 1.0511, 1.0511), (0.8997, 0.8997, 0.8997), (1.1604, 1.1604, 1.1604), (0.796, 0.796, 0.796), (1.0996, 1.0996, 1.0996), (0.7369, 0.7369, 0.7369), (0.7009, 0.7009, 0.7009), (1.1337, 0.7936, 1.1337), (0.7457, 0.7457, 0.7457), (0.7855, 0.7855, 0.7855), (0.5506, 0.3854, 0.5506), (1.1289, 1.1289, 1.1289), (1.1641, 1.1641, 1.1641), (0.9774, 0.9774, 0.9774), (1.1862, 1.1862, 1.1862), (0.9248, 0.9248, 0.9248), (1.0937, 1.0937, 1.0937), (1.2613, 1.2613, 1.2613), (0.8887, 0.8887, 0.8887), (1.1099, 1.1099, 1.1099), (0.9378, 0.6565, 0.9378), (0.8771, 0.8771, 0.8771), (0.5927, 0.4149, 0.5927), (1.0718, 1.0718, 1.0718), (0.838, 0.838, 0.838), (1.2028, 1.2028, 1.2028), (0.7096, 0.7096, 0.7096), (0.827, 0.827, 0.827), (1.2104, 1.2104, 1.2104), (1.1913, 0.8339, 1.1913), (0.7382, 0.7382, 0.7382), (0.849, 0.849, 0.849), (0.7617, 0.5332, 0.7617), (1.0089, 1.0089, 1.0089), (1.2188, 1.2188, 1.2188), (1.0662, 1.0662, 1.0662), (0.7977, 0.7977, 0.7977), (0.7104, 0.7104, 0.7104), (0.8214, 0.8214, 0.8214), (0.8791, 0.8791, 0.8791), (0.9935, 0.6954, 0.9935), (1.033, 1.033, 1.033), (0.885, 0.885, 0.885), (1.1461, 1.1461, 1.1461), (1.2026, 1.2026, 1.2026), (0.8886, 0.622, 0.8886), (1.2199, 1.2199, 1.2199), (0.9966, 0.6976, 0.9966), (1.0778, 1.0778, 1.0778), (0.8256, 0.8256, 0.8256), (0.8213, 0.8213, 0.8213), (0.8768, 0.8768, 0.8768), (0.9715, 0.9715, 0.9715), (1.1487, 1.1487, 1.1487), (0.6182, 0.4328, 0.6182), (0.9055, 0.9055, 0.9055), (0.7258, 0.7258, 0.7258), (1.2168, 1.2168, 1.2168), (1.2008, 1.2008, 1.2008), (1.0042, 1.0042, 1.0042), (0.9828, 0.9828, 0.9828), (0.7642, 0.7642, 0.7642), (0.5142, 0.36, 0.5142), (1.0842, 1.0842, 1.0842), (1.1372, 0.796, 1.1372), (0.9441, 0.6609, 0.9441), (0.7774, 0.7774, 0.7774), (0.8871, 0.8871, 0.8871), (1.0099, 1.0099, 1.0099), (1.2964, 1.2964, 1.2964), (1.2362, 1.2362, 1.2362), (1.2301, 1.2301, 1.2301), (0.7963, 0.7963, 0.7963), (1.1295, 0.7907, 1.1295), (0.555, 0.3885, 0.555), (0.9572, 0.9572, 0.9572), (0.7625, 0.7625, 0.7625), (1.103, 1.103, 1.103), (0.8274, 0.8274, 0.8274), (0.8056, 0.8056, 0.8056), (0.9985, 0.9985, 0.9985), (1.2763, 1.2763, 1.2763), (0.7252, 0.7252, 0.7252), (0.8641, 0.6048, 0.8641), (0.7694, 0.7694, 0.7694), (1.0908, 1.0908, 1.0908), (0.9101, 0.9101, 0.9101), (1.0432, 1.0432, 1.0432), (1.1872, 1.1872, 1.1872), (0.7773, 0.7773, 0.7773), (1.0381, 1.0381, 1.0381), (0.9677, 0.9677, 0.9677), (0.8878, 0.8878, 0.8878), (0.8002, 0.8002, 0.8002), (0.7085, 0.7085, 0.7085), (0.6807, 0.4765, 0.6807), (1.2833, 1.2833, 1.2833), (1.0308, 1.0308, 1.0308), (0.9597, 0.6718, 0.9597), (1.2556, 1.2556, 1.2556), (1.1196, 1.1196, 1.1196), (1.0996, 1.0996, 1.0996), (0.9266, 0.9266, 0.9266), (0.941, 0.941, 0.941), (0.723, 0.723, 0.723), (1.2747, 1.2747, 1.2747), (1.1748, 1.1748, 1.1748), (0.9902, 0.9902, 0.9902), (1.0847, 1.0847, 1.0847), (0.8458, 0.8458, 0.8458), (1.1528, 1.1528, 1.1528), (0.9942, 0.9942, 0.9942), (1.1917, 1.1917, 1.1917), (1.1349, 1.1349, 1.1349), (1.0538, 0.7377, 1.0538), (1.0472, 1.0472, 1.0472), (1.0243, 1.0243, 1.0243), (0.7145, 0.7145, 0.7145), (1.033, 1.033, 1.033), (1.2214, 1.2214, 1.2214), (0.7561, 0.7561, 0.7561), (1.1978, 1.1978, 1.1978), (0.9437, 0.9437, 0.9437), (0.8931, 0.8931, 0.8931), (1.2034, 1.2034, 1.2034), (1.2009, 0.8406, 1.2009), (0.8678, 0.6074, 0.8678), (1.2653, 1.2653, 1.2653), (1.1478, 1.1478, 1.1478), (0.9157, 0.9157, 0.9157), (0.7481, 0.7481, 0.7481), (1.2496, 1.2496, 1.2496), (0.997, 0.997, 0.997), (1.2406, 1.2406, 1.2406), (0.8624, 0.8624, 0.8624), (1.2821, 1.2821, 1.2821), (1.2141, 1.2141, 1.2141), (0.7486, 0.7486, 0.7486), (0.9579, 0.9579, 0.9579), (0.8298, 0.8298, 0.8298), (0.8136, 0.8136, 0.8136), (0.7599, 0.7599, 0.7599), (1.1117, 1.1117, 1.1117), (0.8274, 0.8274, 0.8274), (1.1197, 1.1197, 1.1197), (0.7054, 0.7054, 0.7054), (0.8778, 0.8778, 0.8778), (0.8874, 0.8874, 0.8874), (1.0283, 1.0283, 1.0283), (0.7087, 0.7087, 0.7087), (1.1196, 1.1196, 1.1196), (1.0102, 1.0102, 1.0102), (1.2618, 1.2618, 1.2618), (0.7818, 0.5473, 0.7818), (0.7445, 0.7445, 0.7445), (1.2356, 0.8649, 1.2356), (1.1941, 1.1941, 1.1941), (1.1277, 1.1277, 1.1277), (1.2105, 1.2105, 1.2105), (0.8788, 0.8788, 0.8788), (0.8987, 0.8987, 0.8987), (0.7418, 0.7418, 0.7418), (0.9621, 0.9621, 0.9621), (0.8716, 0.8716, 0.8716), (1.1216, 1.1216, 1.1216), (1.0784, 1.0784, 1.0784), (0.7992, 0.7992, 0.7992), (1.2989, 1.2989, 1.2989), (1.2164, 1.2164, 1.2164), (0.8069, 0.8069, 0.8069), (1.1939, 0.8358, 1.1939), (1.1981, 1.1981, 1.1981), (1.2667, 1.2667, 1.2667), (0.8413, 0.8413, 0.8413), (0.9881, 0.9881, 0.9881), (1.2022, 0.8415, 1.2022), (1.0027, 1.0027, 1.0027), (0.9316, 0.9316, 0.9316), (0.9603, 0.9603, 0.9603), (0.8297, 0.8297, 0.8297), (0.5346, 0.3742, 0.5346), (0.7193, 0.7193, 0.7193), (1.264, 1.264, 1.264), (1.0709, 1.0709, 1.0709), (0.8023, 0.5616, 0.8023), (0.7617, 0.7617, 0.7617), (0.9396, 0.9396, 0.9396), (0.9833, 0.9833, 0.9833), (0.6074, 0.4251, 0.6074), (0.9702, 0.9702, 0.9702), (1.2941, 1.2941, 1.2941), (1.1612, 1.1612, 1.1612), (0.9197, 0.9197, 0.9197), (1.0219, 1.0219, 1.0219), (0.712, 0.712, 0.712), (0.8987, 0.8987, 0.8987), (1.2577, 1.2577, 1.2577), (0.9176, 0.9176, 0.9176), (0.9352, 0.9352, 0.9352), (0.7576, 0.7576, 0.7576), (0.9112, 0.9112, 0.9112), (0.9145, 0.9145, 0.9145), (0.8804, 0.8804, 0.8804), (0.9359, 0.6552, 0.9359), (0.7149, 0.7149, 0.7149), (1.2555, 1.2555, 1.2555), (0.9007, 0.9007, 0.9007), (0.8157, 0.8157, 0.8157), (0.6766, 0.4736, 0.6766), (1.1009, 1.1009, 1.1009), (0.8876, 0.8876, 0.8876), (1.1303, 1.1303, 1.1303), (1.0107, 1.0107, 1.0107), (0.9006, 0.9006, 0.9006), (0.8742, 0.8742, 0.8742), (0.8246, 0.8246, 0.8246), (0.9385, 0.9385, 0.9385), (1.1077, 1.1077, 1.1077), (1.2819, 1.2819, 1.2819), (1.0094, 1.0094, 1.0094), (0.784, 0.784, 0.784), (0.8348, 0.8348, 0.8348), (0.8973, 0.8973, 0.8973), (1.2417, 1.2417, 1.2417), (1.2195, 1.2195, 1.2195), (1.125, 1.125, 1.125), (0.9049, 0.9049, 0.9049), (0.6351, 0.4446, 0.6351), (0.7062, 0.7062, 0.7062), (0.788, 0.788, 0.788), (1.1056, 1.1056, 1.1056), (1.1663, 1.1663, 1.1663), (1.0316, 1.0316, 1.0316), (0.9222, 0.9222, 0.9222), (0.7091, 0.7091, 0.7091), (0.8738, 0.8738, 0.8738), (0.8297, 0.8297, 0.8297), (0.8986, 0.8986, 0.8986), (1.2295, 1.2295, 1.2295), (0.8543, 0.8543, 0.8543), (0.7099, 0.7099, 0.7099), (1.0725, 1.0725, 1.0725), (0.7701, 0.7701, 0.7701), (1.0305, 1.0305, 1.0305), (0.9866, 0.9866, 0.9866), (1.1593, 0.8115, 1.1593), (1.097, 0.7679, 1.097), (1.1174, 0.7822, 1.1174), (0.8657, 0.8657, 0.8657), (0.8283, 0.8283, 0.8283), (0.9065, 0.9065, 0.9065), (0.7227, 0.7227, 0.7227), (0.946, 0.946, 0.946), (0.8447, 0.5913, 0.8447), (1.2665, 1.2665, 1.2665), (0.9495, 0.9495, 0.9495), (1.1755, 1.1755, 1.1755), (1.0498, 1.0498, 1.0498), (0.9883, 0.9883, 0.9883), (1.0649, 1.0649, 1.0649), (1.1443, 1.1443, 1.1443), (1.1774, 0.8242, 1.1774), (0.9201, 0.9201, 0.9201), (0.8317, 0.8317, 0.8317), (0.8267, 0.8267, 0.8267), (0.9466, 0.9466, 0.9466), (0.853, 0.853, 0.853), (1.2489, 1.2489, 1.2489), (0.5212, 0.3648, 0.5212), (1.2064, 1.2064, 1.2064), (1.2383, 1.2383, 1.2383), (0.7727, 0.5409, 0.7727), (1.171, 1.171, 1.171), (0.7405, 0.7405, 0.7405), (0.9523, 0.9523, 0.9523), (0.8957, 0.627, 0.8957), (1.1595, 1.1595, 1.1595), (0.8002, 0.8002, 0.8002), (1.1909, 1.1909, 1.1909), (1.1363, 1.1363, 1.1363), (1.1406, 0.7984, 1.1406), (0.846, 0.846, 0.846), (1.1337, 1.1337, 1.1337), (0.8932, 0.8932, 0.8932), (0.9256, 0.9256, 0.9256), (1.2203, 1.2203, 1.2203), (1.0779, 1.0779, 1.0779), (1.075, 1.075, 1.075), (1.1768, 1.1768, 1.1768), (0.7659, 0.5361, 0.7659), (0.7025, 0.4917, 0.7025), (0.8943, 0.8943, 0.8943), (0.9365, 0.9365, 0.9365), (0.8427, 0.8427, 0.8427), (1.252, 1.252, 1.252), (0.9039, 0.9039, 0.9039), (0.881, 0.881, 0.881), (1.1724, 1.1724, 1.1724), (0.8686, 0.8686, 0.8686), (1.1063, 1.1063, 1.1063), (1.0809, 1.0809, 1.0809), (1.2072, 1.2072, 1.2072), (1.1538, 1.1538, 1.1538), (1.0747, 0.7523, 1.0747), (1.111, 0.7777, 1.111), (0.8639, 0.8639, 0.8639), (1.0061, 1.0061, 1.0061), (0.9536, 0.9536, 0.9536), (0.7244, 0.7244, 0.7244), (0.8863, 0.8863, 0.8863), (0.9669, 0.9669, 0.9669), (0.8318, 0.8318, 0.8318), (0.9114, 0.9114, 0.9114), (1.1013, 1.1013, 1.1013), (0.9527, 0.9527, 0.9527), (1.0028, 1.0028, 1.0028), (1.1472, 1.1472, 1.1472), (0.8061, 0.8061, 0.8061), (1.1092, 1.1092, 1.1092), (0.8724, 0.8724, 0.8724), (1.0267, 1.0267, 1.0267), (0.9832, 0.9832, 0.9832), (1.2819, 1.2819, 1.2819), (0.8966, 0.8966, 0.8966), (0.938, 0.938, 0.938), (1.141, 1.141, 1.141), (0.8548, 0.5983, 0.8548), (0.728, 0.728, 0.728), (0.9005, 0.9005, 0.9005), (1.0499, 1.0499, 1.0499), (0.8423, 0.8423, 0.8423), (0.8172, 0.8172, 0.8172), (0.7065, 0.7065, 0.7065), (0.9779, 0.9779, 0.9779), (1.0537, 1.0537, 1.0537), (1.0484, 1.0484, 1.0484), (1.1211, 0.7848, 1.1211), (0.7806, 0.7806, 0.7806), (0.9057, 0.634, 0.9057), (1.0309, 1.0309, 1.0309), (0.7971, 0.7971, 0.7971), (0.7558, 0.7558, 0.7558), (0.9803, 0.9803, 0.9803), (0.7107, 0.7107, 0.7107), (1.0915, 1.0915, 1.0915), (0.786, 0.786, 0.786), (0.74, 0.74, 0.74), (0.7743, 0.7743, 0.7743), (1.122, 1.122, 1.122), (1.2396, 1.2396, 1.2396), (0.643, 0.4501, 0.643), (0.836, 0.836, 0.836), (0.7702, 0.7702, 0.7702), (1.2512, 1.2512, 1.2512), (1.1492, 1.1492, 1.1492), (0.9354, 0.9354, 0.9354), (1.0308, 1.0308, 1.0308), (0.9865, 0.9865, 0.9865), (0.923, 0.923, 0.923), (1.1621, 1.1621, 1.1621), (0.7492, 0.7492, 0.7492), (1.0333, 1.0333, 1.0333), (0.751, 0.751, 0.751), (0.7808, 0.7808, 0.7808), (0.8706, 0.8706, 0.8706), (1.0099, 1.0099, 1.0099), (0.8936, 0.8936, 0.8936), (0.813, 0.813, 0.813), (0.8324, 0.8324, 0.8324), (1.288, 1.288, 1.288), (0.7843, 0.549, 0.7843), (0.8316, 0.8316, 0.8316), (1.1529, 0.807, 1.1529), (1.2153, 1.2153, 1.2153), (0.7874, 0.7874, 0.7874), (0.8986, 0.8986, 0.8986), (1.1772, 1.1772, 1.1772), (1.1088, 1.1088, 1.1088), (0.7922, 0.7922, 0.7922), (1.184, 1.184, 1.184), (0.8882, 0.8882, 0.8882), (0.8954, 0.8954, 0.8954), (1.2464, 1.2464, 1.2464), (0.7564, 0.7564, 0.7564), (1.2955, 1.2955, 1.2955), (0.9155, 0.9155, 0.9155), (1.0509, 1.0509, 1.0509), (0.9179, 0.9179, 0.9179), (0.9239, 0.9239, 0.9239), (0.7183, 0.7183, 0.7183), (1.0736, 0.7515, 1.0736), (0.6838, 0.4786, 0.6838), (1.2768, 1.2768, 1.2768), (0.8498, 0.8498, 0.8498), (1.0855, 1.0855, 1.0855), (1.0398, 1.0398, 1.0398), (0.8078, 0.5655, 0.8078), (0.7061, 0.7061, 0.7061), (0.8437, 0.8437, 0.8437), (0.8163, 0.8163, 0.8163), (1.0742, 1.0742, 1.0742), (1.1146, 1.1146, 1.1146), (0.7303, 0.7303, 0.7303), (1.0803, 1.0803, 1.0803), (0.9623, 0.9623, 0.9623), (1.207, 1.207, 1.207), (1.0957, 1.0957, 1.0957), (0.7304, 0.7304, 0.7304), (0.807, 0.807, 0.807), (0.8959, 0.8959, 0.8959), (0.952, 0.952, 0.952), (1.1494, 1.1494, 1.1494), (0.7132, 0.7132, 0.7132), (1.2151, 1.2151, 1.2151), (1.0488, 1.0488, 1.0488), (0.8092, 0.8092, 0.8092), (1.0169, 1.0169, 1.0169), (1.0435, 1.0435, 1.0435), (1.1474, 1.1474, 1.1474), (0.8196, 0.8196, 0.8196), (0.9174, 0.9174, 0.9174), (0.7804, 0.7804, 0.7804), (1.2069, 1.2069, 1.2069), (1.2077, 0.8454, 1.2077), (1.1639, 0.8147, 1.1639), (1.0462, 0.7323, 1.0462), (1.0916, 1.0916, 1.0916), (0.8598, 0.8598, 0.8598), (0.7153, 0.7153, 0.7153), (0.9245, 0.9245, 0.9245), (0.8329, 0.8329, 0.8329), (0.9724, 0.9724, 0.9724), (0.8306, 0.5814, 0.8306), (0.9184, 0.9184, 0.9184), (1.2413, 1.2413, 1.2413), (1.1467, 1.1467, 1.1467), (0.8864, 0.8864, 0.8864), (1.0509, 1.0509, 1.0509), (0.5676, 0.3973, 0.5676), (0.8264, 0.8264, 0.8264), (0.7281, 0.7281, 0.7281), (0.938, 0.938, 0.938), (0.9813, 0.9813, 0.9813), (1.1568, 1.1568, 1.1568), (1.1763, 1.1763, 1.1763), (1.1305, 1.1305, 1.1305), (1.0038, 1.0038, 1.0038), (0.9515, 0.9515, 0.9515), (0.7777, 0.7777, 0.7777), (0.8071, 0.8071, 0.8071), (1.0293, 1.0293, 1.0293), (0.7725, 0.7725, 0.7725), (0.8603, 0.6022, 0.8603), (1.1281, 1.1281, 1.1281), (0.9136, 0.9136, 0.9136), (1.074, 1.074, 1.074), (1.0921, 1.0921, 1.0921), (1.2655, 1.2655, 1.2655), (1.2, 1.2, 1.2), (0.7888, 0.7888, 0.7888), (0.8767, 0.8767, 0.8767), (0.7509, 0.7509, 0.7509), (0.99, 0.99, 0.99), (1.0364, 0.7255, 1.0364), (0.9014, 0.631, 0.9014), (1.241, 1.241, 1.241), (0.8083, 0.8083, 0.8083), (1.1437, 1.1437, 1.1437), (1.0781, 0.7547, 1.0781), (1.0416, 0.7291, 1.0416), (0.7252, 0.7252, 0.7252), (0.9343, 0.9343, 0.9343), (1.0613, 1.0613, 1.0613), (0.7814, 0.7814, 0.7814), (0.7858, 0.7858, 0.7858), (0.9474, 0.9474, 0.9474), (0.7952, 0.7952, 0.7952), (1.0496, 1.0496, 1.0496), (1.1533, 1.1533, 1.1533), (0.9999, 0.9999, 0.9999), (1.2198, 1.2198, 1.2198), (1.1509, 1.1509, 1.1509), (0.8174, 0.8174, 0.8174), (0.8132, 0.5693, 0.8132), (0.9298, 0.9298, 0.9298), (1.174, 1.174, 1.174), (0.9455, 0.9455, 0.9455), (1.2889, 1.2889, 1.2889), (0.8629, 0.8629, 0.8629), (1.0977, 1.0977, 1.0977), (0.7015, 0.7015, 0.7015), (1.0577, 1.0577, 1.0577), (0.9535, 0.9535, 0.9535), (0.927, 0.927, 0.927), (0.9472, 0.9472, 0.9472), (1.2009, 1.2009, 1.2009), (0.9138, 0.9138, 0.9138), (1.1068, 1.1068, 1.1068), (0.8042, 0.8042, 0.8042), (1.0833, 1.0833, 1.0833), (0.5802, 0.4062, 0.5802), (1.2957, 1.2957, 1.2957), (0.7173, 0.7173, 0.7173), (0.8945, 0.8945, 0.8945), (1.2872, 1.2872, 1.2872), (1.0148, 1.0148, 1.0148), (0.9191, 0.9191, 0.9191), (0.8024, 0.8024, 0.8024), (0.749, 0.5243, 0.749), (0.7937, 0.7937, 0.7937), (1.0206, 1.0206, 1.0206), (1.0345, 1.0345, 1.0345), (1.2502, 1.2502, 1.2502), (0.8949, 0.8949, 0.8949), (0.741, 0.741, 0.741), (0.7336, 0.7336, 0.7336), (0.973, 0.973, 0.973), (1.275, 1.275, 1.275), (1.1207, 1.1207, 1.1207), (1.0255, 1.0255, 1.0255), (0.9514, 0.9514, 0.9514), (1.0513, 1.0513, 1.0513), (1.0861, 1.0861, 1.0861), (1.0903, 1.0903, 1.0903), (1.1408, 1.1408, 1.1408), (0.9771, 0.9771, 0.9771), (0.7161, 0.7161, 0.7161), (1.1363, 1.1363, 1.1363), (0.9575, 0.9575, 0.9575), (1.2015, 1.2015, 1.2015), (0.9888, 0.9888, 0.9888), (0.7275, 0.7275, 0.7275), (0.8861, 0.8861, 0.8861), (1.151, 1.151, 1.151), (0.9284, 0.9284, 0.9284), (0.7971, 0.7971, 0.7971), (1.2244, 1.2244, 1.2244), (1.0416, 1.0416, 1.0416), (0.9951, 0.9951, 0.9951), (0.9716, 0.9716, 0.9716), (0.8288, 0.5802, 0.8288), (1.0792, 1.0792, 1.0792), (1.0459, 1.0459, 1.0459), (1.2224, 1.2224, 1.2224), (1.2908, 1.2908, 1.2908), (0.516, 0.3612, 0.516), (1.1612, 1.1612, 1.1612), (0.9082, 0.9082, 0.9082), (1.1757, 1.1757, 1.1757), (1.1651, 1.1651, 1.1651), (0.8935, 0.8935, 0.8935), (0.7928, 0.7928, 0.7928), (0.663, 0.4641, 0.663), (0.8666, 0.8666, 0.8666), (1.1027, 1.1027, 1.1027), (1.1835, 1.1835, 1.1835), (0.909, 0.909, 0.909), (1.2688, 1.2688, 1.2688), (1.0667, 1.0667, 1.0667), (1.0611, 1.0611, 1.0611), (0.7867, 0.7867, 0.7867), (1.1733, 1.1733, 1.1733), (0.7388, 0.5172, 0.7388), (0.907, 0.907, 0.907), (1.0716, 1.0716, 1.0716), (1.2204, 1.2204, 1.2204), (1.2326, 1.2326, 1.2326), (1.0706, 1.0706, 1.0706), (0.6832, 0.4783, 0.6832), (1.031, 1.031, 1.031), (1.111, 1.111, 1.111), (0.7634, 0.7634, 0.7634), (0.9096, 0.9096, 0.9096), (1.1158, 1.1158, 1.1158), (0.8298, 0.5808, 0.8298), (1.1338, 0.7937, 1.1338), (1.1313, 1.1313, 1.1313), (1.2258, 1.2258, 1.2258), (0.7968, 0.7968, 0.7968), (1.013, 1.013, 1.013), (0.8694, 0.8694, 0.8694), (1.1087, 1.1087, 1.1087), (1.2039, 1.2039, 1.2039), (0.8281, 0.8281, 0.8281), (0.9449, 0.9449, 0.9449), (1.0469, 1.0469, 1.0469), (1.1086, 1.1086, 1.1086), (1.0032, 0.7022, 1.0032), (1.2218, 1.2218, 1.2218), (0.6512, 0.4559, 0.6512), (0.6869, 0.4808, 0.6869), (1.1293, 1.1293, 1.1293), (0.7556, 0.7556, 0.7556), (0.7949, 0.7949, 0.7949), (0.9992, 0.9992, 0.9992), (0.9831, 0.9831, 0.9831), (0.8743, 0.8743, 0.8743), (1.0446, 1.0446, 1.0446), (0.8646, 0.8646, 0.8646), (1.1015, 1.1015, 1.1015), (0.7475, 0.7475, 0.7475), (1.0294, 1.0294, 1.0294), (0.9356, 0.9356, 0.9356), (0.7648, 0.7648, 0.7648), (0.9982, 0.9982, 0.9982), (1.2514, 1.2514, 1.2514), (1.0645, 1.0645, 1.0645), (0.9552, 0.9552, 0.9552), (0.651, 0.4557, 0.651), (1.2482, 1.2482, 1.2482), (1.1802, 1.1802, 1.1802), (1.0213, 1.0213, 1.0213), (0.8602, 0.8602, 0.8602), (0.7031, 0.7031, 0.7031), (0.8256, 0.8256, 0.8256), (0.9949, 0.9949, 0.9949), (0.8641, 0.8641, 0.8641), (0.9733, 0.9733, 0.9733), (1.0636, 1.0636, 1.0636), (0.9782, 0.9782, 0.9782), (0.6166, 0.4316, 0.6166), (1.1511, 1.1511, 1.1511), (0.7939, 0.7939, 0.7939), (0.9964, 0.9964, 0.9964), (1.0922, 1.0922, 1.0922), (1.0841, 1.0841, 1.0841), (0.9965, 0.9965, 0.9965), (1.1852, 0.8297, 1.1852), (0.9247, 0.9247, 0.9247), (1.0413, 1.0413, 1.0413), (0.7429, 0.7429, 0.7429), (1.0092, 1.0092, 1.0092), (1.0348, 1.0348, 1.0348), (1.2684, 1.2684, 1.2684), (1.1384, 1.1384, 1.1384), (0.788, 0.788, 0.788), (0.89, 0.89, 0.89), (0.9209, 0.9209, 0.9209), (0.9478, 0.9478, 0.9478), (0.9152, 0.6407, 0.9152), (1.0539, 1.0539, 1.0539), (0.7326, 0.7326, 0.7326), (0.9138, 0.9138, 0.9138), (0.8481, 0.8481, 0.8481), (0.8789, 0.8789, 0.8789), (0.7779, 0.7779, 0.7779), (1.0038, 1.0038, 1.0038), (1.1868, 0.8308, 1.1868), (1.1823, 0.8276, 1.1823), (1.1239, 1.1239, 1.1239), (0.9887, 0.9887, 0.9887), (0.8046, 0.8046, 0.8046), (0.7401, 0.7401, 0.7401), (0.9864, 0.9864, 0.9864), (1.0274, 1.0274, 1.0274), (1.2374, 1.2374, 1.2374), (1.2851, 1.2851, 1.2851), (0.8257, 0.8257, 0.8257), (0.797, 0.797, 0.797), (0.8407, 0.8407, 0.8407), (1.2859, 1.2859, 1.2859), (1.151, 1.151, 1.151), (1.2131, 1.2131, 1.2131), (0.8065, 0.8065, 0.8065), (0.7106, 0.7106, 0.7106), (1.1407, 1.1407, 1.1407), (0.9398, 0.9398, 0.9398), (0.8357, 0.8357, 0.8357), (0.8355, 0.8355, 0.8355), (1.0641, 1.0641, 1.0641), (1.1421, 1.1421, 1.1421), (1.0842, 1.0842, 1.0842), (1.0788, 1.0788, 1.0788), (1.1401, 1.1401, 1.1401), (0.7172, 0.7172, 0.7172), (1.1527, 1.1527, 1.1527), (0.9959, 0.9959, 0.9959), (0.7404, 0.7404, 0.7404), (1.276, 1.276, 1.276), (1.1319, 1.1319, 1.1319), (1.0326, 1.0326, 1.0326), (0.8762, 0.8762, 0.8762), (1.2434, 1.2434, 1.2434), (0.82, 0.82, 0.82), (0.8772, 0.614, 0.8772), (0.8076, 0.5653, 0.8076), (0.9558, 0.9558, 0.9558), (1.2581, 1.2581, 1.2581), (0.7325, 0.7325, 0.7325), (1.0472, 1.0472, 1.0472), (1.0255, 1.0255, 1.0255), (1.1419, 1.1419, 1.1419), (0.7699, 0.7699, 0.7699), (0.783, 0.783, 0.783), (0.932, 0.932, 0.932), (0.8376, 0.5863, 0.8376), (0.8993, 0.8993, 0.8993), (0.7234, 0.7234, 0.7234), (1.1322, 1.1322, 1.1322), (1.0598, 1.0598, 1.0598), (1.1269, 1.1269, 1.1269), (1.0561, 1.0561, 1.0561), (1.2727, 1.2727, 1.2727), (1.2032, 0.8422, 1.2032), (0.9623, 0.9623, 0.9623), (1.2236, 1.2236, 1.2236), (0.9461, 0.9461, 0.9461), (1.2994, 1.2994, 1.2994), (0.871, 0.6097, 0.871), (0.9919, 0.9919, 0.9919), (0.9478, 0.9478, 0.9478), (0.7665, 0.7665, 0.7665), (0.6349, 0.4444, 0.6349), (0.5906, 0.4134, 0.5906), (1.1905, 1.1905, 1.1905), (0.7751, 0.7751, 0.7751), (0.8148, 0.5704, 0.8148), (0.7778, 0.7778, 0.7778), (0.9989, 0.9989, 0.9989), (0.8786, 0.8786, 0.8786), (1.0715, 1.0715, 1.0715), (1.2938, 1.2938, 1.2938), (1.0487, 1.0487, 1.0487), (0.7102, 0.7102, 0.7102), (0.861, 0.861, 0.861), (1.0628, 1.0628, 1.0628), (1.2336, 1.2336, 1.2336), (1.065, 1.065, 1.065), (1.1112, 1.1112, 1.1112), (1.1113, 1.1113, 1.1113), (0.9756, 0.9756, 0.9756), (0.7322, 0.7322, 0.7322), (0.9717, 0.9717, 0.9717), (1.0509, 1.0509, 1.0509), (1.1758, 1.1758, 1.1758), (0.8054, 0.8054, 0.8054), (0.884, 0.884, 0.884), (0.9092, 0.9092, 0.9092), (1.2363, 1.2363, 1.2363), (1.235, 0.8645, 1.235), (0.8821, 0.8821, 0.8821), (1.0848, 1.0848, 1.0848), (0.7484, 0.7484, 0.7484), (0.7743, 0.7743, 0.7743), (0.9819, 0.9819, 0.9819), (1.0586, 1.0586, 1.0586), (0.9038, 0.9038, 0.9038), (1.0223, 1.0223, 1.0223), (0.8178, 0.8178, 0.8178), (1.1789, 1.1789, 1.1789), (0.8202, 0.8202, 0.8202), (1.1581, 1.1581, 1.1581), (1.0553, 1.0553, 1.0553), (0.8111, 0.8111, 0.8111), (1.2045, 1.2045, 1.2045), (0.7898, 0.7898, 0.7898), (1.1507, 1.1507, 1.1507), (1.2175, 1.2175, 1.2175), (0.9065, 0.6345, 0.9065), (1.0679, 1.0679, 1.0679), (0.9999, 0.9999, 0.9999), (0.9817, 0.9817, 0.9817), (0.8955, 0.8955, 0.8955), (1.2754, 1.2754, 1.2754), (0.7425, 0.7425, 0.7425), (0.9888, 0.6921, 0.9888), (0.9228, 0.9228, 0.9228), (1.1869, 1.1869, 1.1869), (0.8922, 0.8922, 0.8922), (0.8052, 0.8052, 0.8052), (0.9668, 0.9668, 0.9668), (0.6859, 0.4802, 0.6859), (1.1668, 1.1668, 1.1668), (1.1171, 1.1171, 1.1171), (0.7906, 0.5534, 0.7906), (1.1188, 1.1188, 1.1188), (0.9375, 0.9375, 0.9375), (1.1862, 1.1862, 1.1862), (1.1352, 1.1352, 1.1352), (0.7787, 0.7787, 0.7787), (1.047, 1.047, 1.047), (1.0043, 1.0043, 1.0043), (0.9017, 0.9017, 0.9017), (0.7869, 0.7869, 0.7869), (0.7606, 0.7606, 0.7606), (1.1842, 1.1842, 1.1842), (1.2632, 1.2632, 1.2632), (0.9887, 0.6921, 0.9887), (0.9208, 0.9208, 0.9208), (0.8303, 0.5812, 0.8303), (1.266, 1.266, 1.266), (0.793, 0.793, 0.793), (1.0869, 1.0869, 1.0869), (0.9454, 0.9454, 0.9454), (0.9072, 0.9072, 0.9072), (1.0013, 1.0013, 1.0013), (0.7789, 0.7789, 0.7789), (0.5653, 0.3957, 0.5653), (0.8682, 0.6077, 0.8682), (1.1101, 1.1101, 1.1101), (1.0209, 1.0209, 1.0209), (0.8999, 0.8999, 0.8999), (0.9549, 0.9549, 0.9549), (0.8972, 0.8972, 0.8972), (1.0831, 1.0831, 1.0831), (1.0603, 1.0603, 1.0603), (0.9825, 0.9825, 0.9825), (1.1768, 1.1768, 1.1768), (1.2148, 1.2148, 1.2148), (1.0284, 1.0284, 1.0284), (1.1972, 1.1972, 1.1972), (1.2001, 1.2001, 1.2001), (1.2919, 0.9043, 1.2919), (1.0685, 1.0685, 1.0685), (1.0582, 1.0582, 1.0582), (1.1076, 1.1076, 1.1076), (0.9055, 0.9055, 0.9055), (0.9969, 0.9969, 0.9969), (0.9205, 0.9205, 0.9205), (1.2368, 1.2368, 1.2368), (0.7124, 0.7124, 0.7124), (0.8222, 0.8222, 0.8222), (0.8911, 0.8911, 0.8911), (1.0838, 1.0838, 1.0838), (1.1001, 1.1001, 1.1001), (0.9456, 0.9456, 0.9456), (1.1715, 1.1715, 1.1715), (0.7812, 0.7812, 0.7812), (0.7847, 0.7847, 0.7847), (1.1274, 1.1274, 1.1274), (0.7688, 0.7688, 0.7688), (1.1131, 1.1131, 1.1131), (0.9432, 0.9432, 0.9432), (1.0082, 1.0082, 1.0082), (0.6222, 0.4356, 0.6222), (1.1634, 1.1634, 1.1634), (1.2061, 0.8443, 1.2061), (1.2886, 1.2886, 1.2886), (1.1499, 1.1499, 1.1499), (1.0527, 1.0527, 1.0527), (0.9409, 0.9409, 0.9409), (0.9775, 0.9775, 0.9775), (0.7271, 0.7271, 0.7271), (0.6236, 0.4365, 0.6236), (1.1127, 1.1127, 1.1127), (0.8668, 0.8668, 0.8668), (0.9948, 0.9948, 0.9948), (0.7376, 0.7376, 0.7376), (0.73, 0.73, 0.73), (1.0631, 1.0631, 1.0631), (0.8402, 0.5881, 0.8402), (0.7883, 0.7883, 0.7883), (1.0002, 1.0002, 1.0002), (0.8908, 0.8908, 0.8908), (0.9249, 0.6474, 0.9249), (0.5582, 0.3907, 0.5582), (1.0124, 1.0124, 1.0124), (0.9717, 0.6802, 0.9717), (1.2305, 1.2305, 1.2305), (1.0199, 1.0199, 1.0199), (1.0161, 1.0161, 1.0161), (0.8349, 0.8349, 0.8349), (0.7375, 0.7375, 0.7375), (1.2223, 1.2223, 1.2223), (0.747, 0.747, 0.747), (0.7053, 0.7053, 0.7053), (1.2928, 1.2928, 1.2928), (1.0583, 1.0583, 1.0583), (1.1901, 1.1901, 1.1901), (0.9279, 0.9279, 0.9279), (1.1838, 0.8287, 1.1838), (1.0196, 1.0196, 1.0196), (0.8368, 0.8368, 0.8368), (0.7759, 0.5432, 0.7759), (0.7508, 0.5255, 0.7508), (0.7291, 0.7291, 0.7291), (0.9789, 0.9789, 0.9789), (1.1104, 1.1104, 1.1104), (0.9802, 0.9802, 0.9802), (1.05, 1.05, 1.05), (1.2084, 0.8459, 1.2084), (1.1483, 1.1483, 1.1483), (0.7886, 0.7886, 0.7886), (1.105, 1.105, 1.105), (0.8451, 0.8451, 0.8451), (0.8491, 0.8491, 0.8491), (1.0243, 0.717, 1.0243), (1.0776, 1.0776, 1.0776), (0.7791, 0.7791, 0.7791), (1.2641, 1.2641, 1.2641), (0.9017, 0.9017, 0.9017), (0.8344, 0.8344, 0.8344), (1.2775, 1.2775, 1.2775), (0.7925, 0.7925, 0.7925), (1.0467, 1.0467, 1.0467), (1.2642, 1.2642, 1.2642), (0.9054, 0.9054, 0.9054), (1.0382, 1.0382, 1.0382), (1.2829, 1.2829, 1.2829), (1.1706, 0.8194, 1.1706), (1.2548, 1.2548, 1.2548), (1.1227, 0.7859, 1.1227), (0.7318, 0.5123, 0.7318), (0.7245, 0.7245, 0.7245), (1.0088, 1.0088, 1.0088), (0.955, 0.955, 0.955), (1.0234, 1.0234, 1.0234), (0.843, 0.843, 0.843), (0.5161, 0.3613, 0.5161), (0.8578, 0.6004, 0.8578), (0.9567, 0.9567, 0.9567), (1.0282, 1.0282, 1.0282), (1.1719, 1.1719, 1.1719), (0.6854, 0.4798, 0.6854), (0.9662, 0.9662, 0.9662), (0.725, 0.5075, 0.725), (1.0288, 1.0288, 1.0288), (0.8004, 0.8004, 0.8004), (0.9448, 0.9448, 0.9448), (0.7892, 0.7892, 0.7892), (0.7626, 0.7626, 0.7626), (0.7274, 0.7274, 0.7274), (0.9045, 0.9045, 0.9045), (1.0368, 1.0368, 1.0368), (1.2219, 0.8554, 1.2219), (1.0646, 1.0646, 1.0646), (0.7251, 0.7251, 0.7251), (0.9117, 0.9117, 0.9117), (0.8699, 0.8699, 0.8699), (0.6779, 0.4745, 0.6779), (0.8382, 0.5868, 0.8382), (1.0946, 1.0946, 1.0946), (1.1962, 1.1962, 1.1962), (0.9722, 0.9722, 0.9722), (0.9079, 0.9079, 0.9079), (1.2826, 1.2826, 1.2826), (1.0032, 1.0032, 1.0032), (1.2702, 1.2702, 1.2702), (1.1176, 1.1176, 1.1176), (0.8724, 0.8724, 0.8724), (0.704, 0.704, 0.704), (0.9193, 0.6435, 0.9193), (0.929, 0.929, 0.929), (1.0481, 1.0481, 1.0481), (0.7691, 0.7691, 0.7691), (0.7305, 0.7305, 0.7305), (0.7346, 0.7346, 0.7346), (0.5802, 0.4061, 0.5802), (1.0764, 1.0764, 1.0764), (0.5607, 0.3925, 0.5607), (0.8525, 0.8525, 0.8525), (0.7685, 0.7685, 0.7685), (1.2967, 1.2967, 1.2967), (0.8691, 0.8691, 0.8691), (1.272, 1.272, 1.272), (1.1624, 0.8137, 1.1624), (1.1804, 1.1804, 1.1804), (1.2716, 1.2716, 1.2716), (1.2962, 1.2962, 1.2962), (0.9014, 0.9014, 0.9014), (0.5635, 0.3944, 0.5635), (0.5252, 0.3676, 0.5252), (0.9236, 0.9236, 0.9236), (1.2752, 1.2752, 1.2752), (0.7125, 0.7125, 0.7125), (0.7192, 0.7192, 0.7192), (0.5802, 0.4061, 0.5802), (0.8549, 0.8549, 0.8549), (1.011, 1.011, 1.011), (0.8604, 0.8604, 0.8604), (1.2101, 0.847, 1.2101), (1.0771, 1.0771, 1.0771), (1.2786, 1.2786, 1.2786), (0.831, 0.5817, 0.831), (1.0705, 1.0705, 1.0705), (0.948, 0.948, 0.948), (0.9471, 0.9471, 0.9471), (0.796, 0.796, 0.796), (1.0218, 1.0218, 1.0218), (1.2669, 1.2669, 1.2669), (1.1544, 1.1544, 1.1544), (1.1934, 1.1934, 1.1934), (0.9546, 0.9546, 0.9546), (1.0637, 1.0637, 1.0637), (1.1428, 0.7999, 1.1428), (0.6637, 0.4646, 0.6637), (0.9631, 0.6742, 0.9631), (0.7106, 0.7106, 0.7106), (0.8481, 0.8481, 0.8481), (0.802, 0.802, 0.802), (0.8184, 0.8184, 0.8184), (0.7529, 0.7529, 0.7529), (1.2307, 1.2307, 1.2307), (1.2588, 1.2588, 1.2588), (0.9025, 0.9025, 0.9025), (1.0202, 1.0202, 1.0202), (1.0677, 1.0677, 1.0677), (0.7089, 0.7089, 0.7089), (1.2243, 1.2243, 1.2243), (1.1414, 1.1414, 1.1414), (1.1879, 1.1879, 1.1879), (0.8576, 0.8576, 0.8576), (1.1692, 1.1692, 1.1692), (0.8994, 0.8994, 0.8994), (1.0992, 1.0992, 1.0992), (0.9972, 0.9972, 0.9972), (0.977, 0.6839, 0.977), (0.9334, 0.9334, 0.9334), (1.0779, 1.0779, 1.0779), (1.0619, 1.0619, 1.0619), (0.732, 0.732, 0.732), (0.7933, 0.7933, 0.7933), (1.2861, 1.2861, 1.2861), (1.1215, 1.1215, 1.1215), (1.2578, 1.2578, 1.2578), (0.8574, 0.8574, 0.8574), (1.1162, 1.1162, 1.1162), (1.1667, 1.1667, 1.1667), (1.0905, 1.0905, 1.0905), (0.8269, 0.8269, 0.8269), (0.7715, 0.7715, 0.7715), (1.2954, 1.2954, 1.2954), (0.7585, 0.7585, 0.7585), (1.1952, 1.1952, 1.1952), (0.9301, 0.9301, 0.9301), (0.8496, 0.8496, 0.8496), (1.1018, 1.1018, 1.1018), (1.0457, 1.0457, 1.0457), (1.251, 1.251, 1.251), (0.5703, 0.3992, 0.5703), (0.8729, 0.611, 0.8729), (1.0422, 1.0422, 1.0422), (0.8021, 0.8021, 0.8021), (0.8574, 0.8574, 0.8574), (0.7742, 0.7742, 0.7742), (0.9639, 0.6747, 0.9639), (1.1984, 1.1984, 1.1984), (0.542, 0.3794, 0.542), (1.0903, 1.0903, 1.0903), (0.8231, 0.8231, 0.8231), (1.2557, 1.2557, 1.2557), (0.9563, 0.9563, 0.9563), (1.1489, 1.1489, 1.1489), (1.0175, 1.0175, 1.0175), (1.2532, 1.2532, 1.2532), (1.128, 1.128, 1.128), (1.0635, 1.0635, 1.0635), (0.9689, 0.9689, 0.9689), (0.9535, 0.9535, 0.9535), (1.0854, 1.0854, 1.0854), (1.1942, 0.836, 1.1942), (0.9832, 0.9832, 0.9832), (1.21, 1.21, 1.21), (1.2741, 1.2741, 1.2741), (0.7068, 0.7068, 0.7068), (0.9533, 0.9533, 0.9533), (0.922, 0.922, 0.922), (1.2533, 1.2533, 1.2533), (1.0537, 1.0537, 1.0537), (1.1769, 1.1769, 1.1769), (1.0427, 1.0427, 1.0427), (0.8165, 0.8165, 0.8165), (0.9643, 0.9643, 0.9643), (1.1259, 1.1259, 1.1259), (0.7536, 0.7536, 0.7536), (0.781, 0.5467, 0.781), (0.9429, 0.9429, 0.9429), (0.9958, 0.6971, 0.9958), (1.1404, 1.1404, 1.1404), (1.2091, 1.2091, 1.2091), (1.0742, 1.0742, 1.0742), (0.8785, 0.8785, 0.8785), (0.9467, 0.9467, 0.9467), (0.9102, 0.9102, 0.9102), (0.7958, 0.7958, 0.7958), (0.7769, 0.7769, 0.7769), (1.1614, 1.1614, 1.1614), (1.0019, 1.0019, 1.0019), (0.87, 0.87, 0.87), (1.0884, 1.0884, 1.0884), (1.0523, 1.0523, 1.0523), (1.1867, 1.1867, 1.1867), (1.1597, 0.8118, 1.1597), (1.1406, 0.7984, 1.1406), (0.7164, 0.7164, 0.7164), (0.7811, 0.7811, 0.7811), (1.0037, 1.0037, 1.0037), (0.7675, 0.7675, 0.7675), (1.049, 1.049, 1.049), (1.247, 1.247, 1.247), (1.2946, 1.2946, 1.2946), (0.8184, 0.5729, 0.8184), (1.1187, 1.1187, 1.1187), (1.0834, 1.0834, 1.0834), (1.2225, 0.8558, 1.2225), (0.9145, 0.9145, 0.9145), (1.1057, 1.1057, 1.1057), (1.045, 1.045, 1.045), (0.8836, 0.8836, 0.8836), (0.9585, 0.9585, 0.9585), (1.2386, 1.2386, 1.2386), (0.7409, 0.7409, 0.7409), (1.1458, 1.1458, 1.1458), (1.1678, 1.1678, 1.1678), (1.0655, 0.7458, 1.0655), (1.1813, 1.1813, 1.1813), (0.9341, 0.9341, 0.9341), (1.0693, 1.0693, 1.0693), (1.1221, 1.1221, 1.1221), (1.0336, 0.7235, 1.0336), (0.9244, 0.9244, 0.9244), (0.896, 0.6272, 0.896), (1.0049, 1.0049, 1.0049), (1.2877, 1.2877, 1.2877), (0.971, 0.971, 0.971), (1.2737, 1.2737, 1.2737), (1.177, 1.177, 1.177), (1.0364, 1.0364, 1.0364), (1.0772, 1.0772, 1.0772), (0.7207, 0.7207, 0.7207), (0.7247, 0.7247, 0.7247), (0.8433, 0.8433, 0.8433), (0.836, 0.836, 0.836), (1.2259, 1.2259, 1.2259), (1.14, 1.14, 1.14), (0.9466, 0.9466, 0.9466), (0.9719, 0.9719, 0.9719), (1.1327, 1.1327, 1.1327), (0.9669, 0.6769, 0.9669), (1.0577, 1.0577, 1.0577), (0.7984, 0.7984, 0.7984), (0.922, 0.922, 0.922), (1.2132, 0.8493, 1.2132), (0.7065, 0.7065, 0.7065), (0.8814, 0.8814, 0.8814), (0.7002, 0.7002, 0.7002), (1.1465, 1.1465, 1.1465), (0.8367, 0.8367, 0.8367), (1.1857, 1.1857, 1.1857), (0.6848, 0.4793, 0.6848), (1.2615, 1.2615, 1.2615), (0.8587, 0.8587, 0.8587), (0.9876, 0.9876, 0.9876), (1.2588, 1.2588, 1.2588), (0.9614, 0.9614, 0.9614), (0.7412, 0.7412, 0.7412), (0.9332, 0.9332, 0.9332), (1.1447, 0.8013, 1.1447), (1.2365, 1.2365, 1.2365), (0.8569, 0.8569, 0.8569), (0.7038, 0.7038, 0.7038), (0.915, 0.915, 0.915), (0.8744, 0.8744, 0.8744), (1.0906, 1.0906, 1.0906), (0.8916, 0.8916, 0.8916), (1.1752, 1.1752, 1.1752), (1.0674, 1.0674, 1.0674), (0.8542, 0.5979, 0.8542), (0.9208, 0.9208, 0.9208), (0.616, 0.4312, 0.616), (1.1734, 1.1734, 1.1734), (0.7779, 0.7779, 0.7779), (0.8918, 0.6243, 0.8918), (1.1671, 1.1671, 1.1671), (0.6451, 0.4516, 0.6451), (0.7703, 0.7703, 0.7703), (0.789, 0.789, 0.789), (1.0293, 1.0293, 1.0293), (1.2534, 1.2534, 1.2534), (0.9666, 0.9666, 0.9666), (0.9475, 0.9475, 0.9475), (1.0689, 1.0689, 1.0689), (1.2953, 1.2953, 1.2953), (0.8713, 0.8713, 0.8713), (0.7444, 0.7444, 0.7444), (1.0733, 1.0733, 1.0733), (1.0968, 0.7677, 1.0968), (1.1086, 1.1086, 1.1086), (0.8501, 0.8501, 0.8501), (0.9328, 0.9328, 0.9328), (1.043, 0.7301, 1.043), (0.8851, 0.8851, 0.8851), (0.8889, 0.8889, 0.8889), (0.8924, 0.8924, 0.8924), (0.7995, 0.7995, 0.7995), (0.7865, 0.7865, 0.7865), (0.9464, 0.9464, 0.9464), (1.1138, 1.1138, 1.1138), (0.7778, 0.5445, 0.7778), (1.1195, 1.1195, 1.1195), (1.0546, 1.0546, 1.0546), (0.8308, 0.8308, 0.8308), (1.023, 1.023, 1.023), (1.173, 0.8211, 1.173), (0.9738, 0.9738, 0.9738), (1.1635, 0.8144, 1.1635), (0.721, 0.721, 0.721), (1.1387, 1.1387, 1.1387), (0.9949, 0.9949, 0.9949), (1.2534, 1.2534, 1.2534), (1.0509, 1.0509, 1.0509), (0.9201, 0.9201, 0.9201), (0.9207, 0.9207, 0.9207), (0.9477, 0.9477, 0.9477), (1.2109, 1.2109, 1.2109), (0.8636, 0.8636, 0.8636), (1.2013, 0.8409, 1.2013), (0.7565, 0.7565, 0.7565), (1.217, 0.8519, 1.217), (1.1931, 1.1931, 1.1931), (1.1174, 1.1174, 1.1174), (1.2888, 1.2888, 1.2888), (0.7393, 0.7393, 0.7393), (0.9586, 0.9586, 0.9586), (0.819, 0.819, 0.819), (1.1122, 1.1122, 1.1122), (0.7909, 0.7909, 0.7909), (0.9427, 0.9427, 0.9427), (1.1468, 1.1468, 1.1468), (1.168, 1.168, 1.168), (0.9436, 0.9436, 0.9436), (1.1651, 1.1651, 1.1651), (1.1317, 1.1317, 1.1317), (1.0386, 1.0386, 1.0386), (0.9722, 0.9722, 0.9722), (0.934, 0.934, 0.934), (0.8812, 0.8812, 0.8812), (1.2034, 1.2034, 1.2034), (1.1046, 1.1046, 1.1046), (0.968, 0.968, 0.968), (0.8398, 0.8398, 0.8398), (0.7581, 0.7581, 0.7581), (1.1288, 1.1288, 1.1288), (1.0403, 1.0403, 1.0403), (1.2104, 1.2104, 1.2104), (1.2591, 1.2591, 1.2591), (0.9822, 0.9822, 0.9822), (0.9436, 0.9436, 0.9436), (0.8334, 0.8334, 0.8334), (1.2703, 1.2703, 1.2703), (0.6154, 0.4308, 0.6154), (1.0294, 1.0294, 1.0294), (0.8852, 0.8852, 0.8852), (0.8421, 0.8421, 0.8421), (0.5984, 0.4189, 0.5984), (1.002, 1.002, 1.002), (0.977, 0.977, 0.977), (1.2981, 1.2981, 1.2981), (1.2168, 1.2168, 1.2168), (1.1147, 1.1147, 1.1147), (0.5808, 0.4066, 0.5808), (0.8191, 0.8191, 0.8191), (1.2, 1.2, 1.2), (0.756, 0.756, 0.756), (1.2672, 1.2672, 1.2672), (1.1513, 1.1513, 1.1513), (1.0559, 1.0559, 1.0559), (1.2513, 1.2513, 1.2513), (1.1386, 1.1386, 1.1386), (1.1984, 1.1984, 1.1984), (0.806, 0.806, 0.806), (1.2762, 1.2762, 1.2762), (1.1669, 1.1669, 1.1669), (1.2242, 1.2242, 1.2242), (1.1952, 1.1952, 1.1952), (1.243, 1.243, 1.243), (1.256, 1.256, 1.256), (0.756, 0.756, 0.756), (0.7555, 0.5289, 0.7555), (0.7529, 0.7529, 0.7529), (1.0354, 1.0354, 1.0354), (0.7525, 0.7525, 0.7525), (0.8128, 0.5689, 0.8128), (0.7869, 0.7869, 0.7869), (0.8867, 0.6207, 0.8867), (1.178, 1.178, 1.178), (1.2247, 1.2247, 1.2247), (1.0568, 1.0568, 1.0568), (0.8165, 0.8165, 0.8165), (0.9392, 0.9392, 0.9392), (1.1685, 0.818, 1.1685), (1.1625, 1.1625, 1.1625), (0.7658, 0.536, 0.7658), (0.9579, 0.9579, 0.9579), (1.1265, 1.1265, 1.1265), (1.2026, 1.2026, 1.2026), (1.1686, 1.1686, 1.1686), (0.775, 0.775, 0.775), (0.8052, 0.8052, 0.8052), (1.017, 1.017, 1.017), (1.1036, 1.1036, 1.1036), (0.8936, 0.8936, 0.8936), (0.7348, 0.7348, 0.7348), (0.7271, 0.7271, 0.7271), (0.8334, 0.8334, 0.8334), (0.7892, 0.7892, 0.7892), (0.8359, 0.8359, 0.8359), (1.2213, 1.2213, 1.2213), (0.7333, 0.7333, 0.7333), (1.0115, 1.0115, 1.0115), (1.1686, 1.1686, 1.1686), (0.9504, 0.9504, 0.9504), (0.7846, 0.7846, 0.7846), (1.2979, 1.2979, 1.2979), (1.2905, 0.9034, 1.2905), (1.274, 1.274, 1.274), (1.1929, 0.835, 1.1929), (1.1639, 0.8147, 1.1639), (1.2357, 1.2357, 1.2357), (0.7238, 0.5067, 0.7238), (0.9779, 0.9779, 0.9779), (1.277, 1.277, 1.277), (0.9815, 0.6871, 0.9815), (0.8368, 0.8368, 0.8368), (1.0115, 1.0115, 1.0115), (1.2345, 1.2345, 1.2345), (0.7646, 0.5352, 0.7646), (0.9532, 0.9532, 0.9532), (0.9443, 0.9443, 0.9443), (0.9018, 0.9018, 0.9018), (1.1319, 1.1319, 1.1319), (0.7904, 0.7904, 0.7904), (0.6202, 0.4341, 0.6202), (0.605, 0.4235, 0.605), (0.7204, 0.7204, 0.7204), (1.0512, 1.0512, 1.0512), (1.1971, 1.1971, 1.1971), (0.7827, 0.7827, 0.7827), (0.7995, 0.7995, 0.7995), (0.7324, 0.5127, 0.7324), (1.1268, 1.1268, 1.1268), (1.1877, 1.1877, 1.1877), (1.0531, 1.0531, 1.0531), (1.2478, 1.2478, 1.2478), (0.7314, 0.7314, 0.7314), (0.7266, 0.7266, 0.7266), (1.2746, 1.2746, 1.2746), (0.842, 0.842, 0.842), (0.9057, 0.9057, 0.9057), (0.9313, 0.6519, 0.9313), (0.9287, 0.9287, 0.9287), (0.9362, 0.6553, 0.9362), (0.8882, 0.8882, 0.8882), (0.732, 0.732, 0.732), (1.2031, 1.2031, 1.2031), (1.1845, 1.1845, 1.1845), (0.8527, 0.8527, 0.8527), (1.1201, 1.1201, 1.1201), (0.9165, 0.9165, 0.9165), (1.0494, 1.0494, 1.0494), (1.0658, 1.0658, 1.0658), (1.2921, 1.2921, 1.2921), (0.9233, 0.6463, 0.9233), (1.1336, 1.1336, 1.1336), (1.0191, 1.0191, 1.0191), (0.83, 0.581, 0.83), (0.7828, 0.7828, 0.7828), (1.0325, 1.0325, 1.0325), (1.2276, 1.2276, 1.2276), (0.7678, 0.7678, 0.7678), (1.1821, 1.1821, 1.1821), (1.1462, 1.1462, 1.1462), (1.1019, 1.1019, 1.1019), (1.2598, 1.2598, 1.2598), (1.2772, 1.2772, 1.2772), (0.9792, 0.9792, 0.9792), (1.2358, 1.2358, 1.2358), (0.7216, 0.7216, 0.7216), (1.1421, 0.7995, 1.1421), (0.7688, 0.7688, 0.7688), (0.7949, 0.7949, 0.7949), (1.2658, 1.2658, 1.2658), (1.0457, 0.732, 1.0457), (1.2291, 1.2291, 1.2291), (0.7186, 0.7186, 0.7186), (1.1228, 1.1228, 1.1228), (0.9946, 0.9946, 0.9946), (0.948, 0.948, 0.948), (1.1033, 1.1033, 1.1033), (0.892, 0.892, 0.892), (0.8835, 0.8835, 0.8835), (0.7573, 0.7573, 0.7573), (1.0176, 1.0176, 1.0176), (1.2955, 1.2955, 1.2955), (1.136, 1.136, 1.136), (1.0463, 0.7324, 1.0463), (0.7514, 0.7514, 0.7514), (0.8422, 0.8422, 0.8422), (0.811, 0.811, 0.811), (0.9353, 0.9353, 0.9353), (0.8621, 0.8621, 0.8621), (0.9031, 0.9031, 0.9031), (1.0257, 1.0257, 1.0257), (0.8292, 0.8292, 0.8292), (1.1089, 1.1089, 1.1089), (0.722, 0.722, 0.722), (1.0446, 0.7312, 1.0446), (1.1209, 1.1209, 1.1209), (1.1618, 1.1618, 1.1618), (0.9541, 0.9541, 0.9541), (1.2668, 1.2668, 1.2668), (0.8611, 0.8611, 0.8611), (0.97, 0.97, 0.97), (0.7702, 0.7702, 0.7702), (1.0202, 1.0202, 1.0202), (0.5312, 0.3719, 0.5312), (1.2858, 1.2858, 1.2858), (1.2012, 1.2012, 1.2012), (1.197, 1.197, 1.197), (1.2819, 1.2819, 1.2819), (0.7513, 0.7513, 0.7513), (0.7212, 0.7212, 0.7212), (1.1346, 1.1346, 1.1346), (1.0377, 0.7264, 1.0377), (1.1933, 1.1933, 1.1933), (0.806, 0.806, 0.806), (0.9922, 0.9922, 0.9922), (1.0338, 1.0338, 1.0338), (1.015, 1.015, 1.015), (1.0378, 0.7265, 1.0378), (1.0021, 1.0021, 1.0021), (0.962, 0.962, 0.962), (1.0737, 1.0737, 1.0737), (1.0387, 0.7271, 1.0387), (1.2707, 1.2707, 1.2707), (0.9273, 0.6491, 0.9273), (1.0386, 1.0386, 1.0386), (0.8541, 0.8541, 0.8541), (0.7303, 0.7303, 0.7303), (1.1923, 1.1923, 1.1923), (1.1105, 1.1105, 1.1105), (0.812, 0.812, 0.812), (1.1837, 1.1837, 1.1837), (1.2493, 1.2493, 1.2493), (0.895, 0.895, 0.895), (0.9578, 0.6704, 0.9578), (1.229, 1.229, 1.229), (0.8403, 0.5882, 0.8403), (1.1646, 1.1646, 1.1646), (1.1342, 0.7939, 1.1342), (1.1141, 1.1141, 1.1141), (1.0397, 1.0397, 1.0397), (0.9739, 0.9739, 0.9739), (0.6156, 0.4309, 0.6156), (1.2648, 1.2648, 1.2648), (1.1372, 1.1372, 1.1372), (0.9056, 0.9056, 0.9056), (0.7363, 0.7363, 0.7363), (1.0829, 1.0829, 1.0829), (1.1562, 1.1562, 1.1562), (0.7785, 0.7785, 0.7785), (1.101, 1.101, 1.101), (1.2358, 0.865, 1.2358), (1.2258, 1.2258, 1.2258), (0.8411, 0.8411, 0.8411), (1.1113, 1.1113, 1.1113), (0.7564, 0.5295, 0.7564), (1.0397, 1.0397, 1.0397), (0.7989, 0.7989, 0.7989), (1.0608, 1.0608, 1.0608), (1.0381, 1.0381, 1.0381), (0.9515, 0.9515, 0.9515), (1.2836, 1.2836, 1.2836), (1.131, 1.131, 1.131), (1.0951, 1.0951, 1.0951), (0.9538, 0.9538, 0.9538), (1.0316, 1.0316, 1.0316), (1.0509, 1.0509, 1.0509), (1.111, 1.111, 1.111), (0.8647, 0.8647, 0.8647), (0.8408, 0.8408, 0.8408), (1.2164, 1.2164, 1.2164), (1.039, 1.039, 1.039), (0.6125, 0.4287, 0.6125), (0.9455, 0.9455, 0.9455), (0.8609, 0.8609, 0.8609), (0.936, 0.936, 0.936), (1.0246, 1.0246, 1.0246), (0.7487, 0.7487, 0.7487), (1.265, 1.265, 1.265), (0.9907, 0.9907, 0.9907), (1.154, 1.154, 1.154), (0.5443, 0.381, 0.5443), (1.2841, 1.2841, 1.2841), (0.7969, 0.7969, 0.7969), (0.7895, 0.7895, 0.7895), (1.2053, 1.2053, 1.2053), (0.7908, 0.7908, 0.7908), (1.2246, 1.2246, 1.2246), (0.9039, 0.9039, 0.9039), (0.8155, 0.8155, 0.8155), (0.9051, 0.6335, 0.9051), (0.7105, 0.7105, 0.7105), (1.2648, 1.2648, 1.2648), (0.7871, 0.7871, 0.7871), (1.278, 1.278, 1.278), (1.0561, 1.0561, 1.0561), (0.7892, 0.7892, 0.7892), (0.7243, 0.7243, 0.7243), (0.7181, 0.7181, 0.7181), (1.2363, 1.2363, 1.2363), (0.8611, 0.6028, 0.8611), (0.7664, 0.7664, 0.7664), (0.6802, 0.4761, 0.6802), (1.0876, 1.0876, 1.0876), (0.9549, 0.9549, 0.9549), (0.771, 0.771, 0.771), (0.9043, 0.9043, 0.9043), (0.8666, 0.8666, 0.8666), (1.0537, 0.7376, 1.0537), (1.2106, 1.2106, 1.2106), (0.7487, 0.7487, 0.7487), (0.9952, 0.9952, 0.9952), (0.8786, 0.8786, 0.8786), (1.0359, 1.0359, 1.0359), (1.2273, 1.2273, 1.2273), (0.7948, 0.7948, 0.7948), (1.1658, 1.1658, 1.1658), (1.2705, 1.2705, 1.2705), (0.9687, 0.9687, 0.9687), (1.1194, 1.1194, 1.1194), (0.7186, 0.7186, 0.7186), (1.0675, 1.0675, 1.0675), (1.0264, 1.0264, 1.0264), (1.2682, 1.2682, 1.2682), (0.762, 0.762, 0.762), (0.8749, 0.8749, 0.8749), (1.0666, 1.0666, 1.0666), (0.8964, 0.8964, 0.8964), (0.7278, 0.7278, 0.7278), (0.9762, 0.9762, 0.9762), (1.0967, 1.0967, 1.0967), (1.0941, 1.0941, 1.0941), (0.6292, 0.4404, 0.6292), (1.0872, 1.0872, 1.0872), (0.9025, 0.9025, 0.9025), (1.0269, 0.7188, 1.0269), (1.2706, 1.2706, 1.2706), (0.7822, 0.7822, 0.7822), (1.0754, 1.0754, 1.0754), (1.1976, 1.1976, 1.1976), (1.1618, 1.1618, 1.1618), (0.7567, 0.7567, 0.7567), (0.8087, 0.8087, 0.8087), (0.9391, 0.9391, 0.9391), (1.1497, 1.1497, 1.1497), (0.8233, 0.8233, 0.8233), (1.1617, 1.1617, 1.1617), (0.7886, 0.7886, 0.7886), (0.8896, 0.8896, 0.8896), (0.8378, 0.5865, 0.8378), (1.0687, 1.0687, 1.0687), (1.0434, 0.7304, 1.0434), (0.7865, 0.7865, 0.7865), (0.7465, 0.7465, 0.7465), (0.9286, 0.9286, 0.9286), (0.9629, 0.9629, 0.9629), (0.7045, 0.7045, 0.7045), (0.7967, 0.7967, 0.7967), (0.888, 0.888, 0.888), (0.7187, 0.7187, 0.7187), (0.6052, 0.4237, 0.6052), (1.1393, 1.1393, 1.1393), (1.1591, 1.1591, 1.1591), (1.1441, 0.8009, 1.1441), (1.1991, 1.1991, 1.1991), (1.2002, 1.2002, 1.2002), (1.1148, 1.1148, 1.1148), (0.7041, 0.7041, 0.7041), (1.0857, 1.0857, 1.0857), (0.7568, 0.7568, 0.7568), (1.0098, 1.0098, 1.0098), (0.7583, 0.5308, 0.7583), (1.2442, 0.871, 1.2442), (0.8108, 0.8108, 0.8108), (0.8946, 0.8946, 0.8946), (0.9121, 0.9121, 0.9121), (0.9117, 0.9117, 0.9117), (0.9494, 0.9494, 0.9494), (0.8696, 0.8696, 0.8696), (0.7393, 0.7393, 0.7393), (0.9698, 0.9698, 0.9698), (0.7066, 0.7066, 0.7066), (1.1522, 1.1522, 1.1522), (0.7254, 0.7254, 0.7254), (0.8489, 0.8489, 0.8489), (1.1856, 1.1856, 1.1856), (0.8825, 0.8825, 0.8825), (1.1447, 1.1447, 1.1447), (1.0763, 1.0763, 1.0763), (0.7555, 0.7555, 0.7555), (1.1204, 1.1204, 1.1204), (1.2924, 1.2924, 1.2924), (0.7489, 0.7489, 0.7489), (1.0139, 1.0139, 1.0139), (1.1559, 1.1559, 1.1559), (1.1733, 1.1733, 1.1733), (0.7398, 0.7398, 0.7398), (0.9544, 0.9544, 0.9544), (1.1453, 1.1453, 1.1453), (1.1083, 1.1083, 1.1083), (1.2058, 1.2058, 1.2058), (0.8141, 0.8141, 0.8141), (1.2371, 1.2371, 1.2371), (1.146, 0.8022, 1.146), (0.8463, 0.8463, 0.8463), (1.1378, 1.1378, 1.1378), (0.7895, 0.7895, 0.7895), (1.2165, 1.2165, 1.2165), (1.1127, 0.7789, 1.1127), (0.9083, 0.9083, 0.9083), (0.8821, 0.8821, 0.8821), (0.9189, 0.9189, 0.9189), (0.6206, 0.4344, 0.6206), (1.1391, 1.1391, 1.1391), (1.2723, 1.2723, 1.2723), (1.0398, 1.0398, 1.0398), (0.8624, 0.8624, 0.8624), (0.8155, 0.5708, 0.8155), (0.9845, 0.9845, 0.9845), (1.0327, 1.0327, 1.0327), (1.2722, 1.2722, 1.2722), (0.6293, 0.4405, 0.6293), (0.8068, 0.5647, 0.8068), (1.0607, 1.0607, 1.0607), (0.7293, 0.7293, 0.7293), (1.0057, 1.0057, 1.0057), (1.0279, 1.0279, 1.0279), (0.9899, 0.9899, 0.9899), (1.2029, 1.2029, 1.2029), (1.2433, 1.2433, 1.2433), (0.7098, 0.7098, 0.7098), (0.9232, 0.9232, 0.9232), (1.0562, 1.0562, 1.0562), (1.005, 1.005, 1.005), (1.0029, 1.0029, 1.0029), (1.0628, 1.0628, 1.0628), (1.0828, 1.0828, 1.0828), (1.0116, 0.7081, 1.0116), (0.8669, 0.8669, 0.8669), (1.0576, 1.0576, 1.0576), (0.9162, 0.9162, 0.9162), (1.0922, 1.0922, 1.0922), (0.7597, 0.7597, 0.7597), (0.8438, 0.8438, 0.8438), (0.9792, 0.9792, 0.9792), (0.8264, 0.8264, 0.8264), (0.7379, 0.7379, 0.7379), (0.7487, 0.7487, 0.7487), (1.0823, 1.0823, 1.0823), (0.7773, 0.7773, 0.7773), (1.021, 1.021, 1.021), (0.9715, 0.9715, 0.9715), (0.8932, 0.8932, 0.8932), (0.8392, 0.8392, 0.8392), (0.8121, 0.8121, 0.8121), (0.7933, 0.7933, 0.7933), (0.8202, 0.8202, 0.8202), (1.2107, 1.2107, 1.2107), (0.8818, 0.8818, 0.8818), (1.0958, 1.0958, 1.0958), (1.28, 1.28, 1.28), (0.749, 0.749, 0.749), (0.952, 0.952, 0.952), (0.9378, 0.9378, 0.9378), (0.9594, 0.6716, 0.9594), (0.9643, 0.9643, 0.9643), (0.7295, 0.7295, 0.7295), (1.1534, 1.1534, 1.1534), (1.1861, 1.1861, 1.1861), (0.5775, 0.4042, 0.5775), (1.223, 1.223, 1.223), (1.0476, 1.0476, 1.0476), (0.987, 0.987, 0.987), (0.9955, 0.9955, 0.9955), (1.0476, 1.0476, 1.0476), (0.7887, 0.7887, 0.7887), (1.0746, 1.0746, 1.0746), (1.0529, 1.0529, 1.0529), (0.9424, 0.9424, 0.9424), (1.0565, 1.0565, 1.0565), (0.9599, 0.9599, 0.9599), (1.1859, 0.8301, 1.1859), (0.8854, 0.8854, 0.8854), (1.0837, 1.0837, 1.0837), (0.8689, 0.8689, 0.8689), (0.7224, 0.7224, 0.7224), (1.0154, 1.0154, 1.0154), (1.1073, 1.1073, 1.1073), (1.0273, 1.0273, 1.0273), (0.8011, 0.8011, 0.8011), (1.2474, 1.2474, 1.2474), (0.9447, 0.9447, 0.9447), (0.9576, 0.9576, 0.9576), (0.8782, 0.8782, 0.8782), (0.8996, 0.8996, 0.8996), (0.8572, 0.8572, 0.8572), (0.887, 0.887, 0.887), (1.2057, 1.2057, 1.2057), (1.0952, 1.0952, 1.0952), (1.2294, 1.2294, 1.2294), (1.0819, 1.0819, 1.0819), (0.7471, 0.7471, 0.7471), (1.0329, 0.723, 1.0329), (1.1462, 1.1462, 1.1462), (0.8377, 0.8377, 0.8377), (0.7164, 0.7164, 0.7164), (1.2795, 0.8957, 1.2795), (1.0556, 1.0556, 1.0556), (0.7197, 0.7197, 0.7197), (0.7477, 0.7477, 0.7477), (1.2499, 1.2499, 1.2499), (0.8169, 0.8169, 0.8169), (0.8779, 0.8779, 0.8779), (1.1015, 1.1015, 1.1015), (0.7095, 0.7095, 0.7095), (0.5435, 0.3805, 0.5435), (1.2169, 1.2169, 1.2169), (1.2935, 1.2935, 1.2935), (0.7819, 0.7819, 0.7819), (0.8174, 0.5722, 0.8174), (0.8831, 0.8831, 0.8831), (0.8559, 0.8559, 0.8559), (0.9039, 0.9039, 0.9039), (0.9525, 0.9525, 0.9525), (0.6618, 0.4632, 0.6618), (1.2925, 1.2925, 1.2925), (0.8642, 0.8642, 0.8642), (0.7819, 0.7819, 0.7819), (0.7683, 0.7683, 0.7683), (0.7373, 0.7373, 0.7373), (1.2057, 0.844, 1.2057), (0.8981, 0.8981, 0.8981), (0.937, 0.937, 0.937), (1.1206, 1.1206, 1.1206), (1.2811, 1.2811, 1.2811), (1.0537, 1.0537, 1.0537), (0.9402, 0.9402, 0.9402), (1.116, 1.116, 1.116), (0.81, 0.81, 0.81), (0.8856, 0.8856, 0.8856), (0.7746, 0.7746, 0.7746), (1.2732, 1.2732, 1.2732), (0.8376, 0.8376, 0.8376), (1.2059, 1.2059, 1.2059), (1.2359, 1.2359, 1.2359), (0.9249, 0.9249, 0.9249), (1.1872, 1.1872, 1.1872), (1.1915, 1.1915, 1.1915), (0.8067, 0.8067, 0.8067), (0.7591, 0.7591, 0.7591), (0.8781, 0.8781, 0.8781), (0.9881, 0.9881, 0.9881), (0.9202, 0.9202, 0.9202), (1.2348, 1.2348, 1.2348), (0.7154, 0.7154, 0.7154), (1.182, 1.182, 1.182), (0.7431, 0.7431, 0.7431), (1.2684, 1.2684, 1.2684), (1.158, 1.158, 1.158), (1.2734, 1.2734, 1.2734), (1.0861, 1.0861, 1.0861), (0.9569, 0.6698, 0.9569), (1.0173, 1.0173, 1.0173), (1.2923, 1.2923, 1.2923), (1.0241, 1.0241, 1.0241), (0.9543, 0.9543, 0.9543), (1.1859, 1.1859, 1.1859), (0.9556, 0.9556, 0.9556), (1.0989, 1.0989, 1.0989), (1.013, 0.7091, 1.013), (1.0489, 1.0489, 1.0489), (0.7469, 0.5228, 0.7469), (0.7852, 0.7852, 0.7852), (0.8974, 0.6282, 0.8974), (1.1815, 1.1815, 1.1815), (0.8355, 0.8355, 0.8355), (1.0654, 1.0654, 1.0654), (0.9133, 0.9133, 0.9133), (0.9421, 0.9421, 0.9421), (0.7668, 0.7668, 0.7668), (0.7353, 0.7353, 0.7353), (0.8295, 0.8295, 0.8295), (0.8298, 0.8298, 0.8298), (0.788, 0.788, 0.788), (0.8911, 0.8911, 0.8911), (0.814, 0.814, 0.814), (1.1434, 1.1434, 1.1434), (1.258, 1.258, 1.258), (0.7023, 0.4916, 0.7023), (1.032, 1.032, 1.032), (0.8594, 0.6016, 0.8594), (1.0423, 1.0423, 1.0423), (0.7781, 0.7781, 0.7781), (1.1157, 1.1157, 1.1157), (0.9765, 0.9765, 0.9765), (1.197, 1.197, 1.197), (1.1817, 1.1817, 1.1817), (0.7109, 0.7109, 0.7109), (1.1948, 1.1948, 1.1948), (1.066, 1.066, 1.066), (1.018, 1.018, 1.018), (0.727, 0.727, 0.727), (0.8706, 0.8706, 0.8706), (1.0991, 1.0991, 1.0991), (1.0627, 1.0627, 1.0627), (0.9305, 0.9305, 0.9305), (1.0301, 1.0301, 1.0301), (0.734, 0.734, 0.734), (0.8868, 0.6208, 0.8868), (0.811, 0.811, 0.811), (0.754, 0.754, 0.754), (1.155, 1.155, 1.155), (1.1308, 1.1308, 1.1308), (1.1429, 1.1429, 1.1429), (0.9727, 0.9727, 0.9727), (1.098, 1.098, 1.098), (0.7537, 0.7537, 0.7537), (1.0055, 1.0055, 1.0055), (0.8998, 0.8998, 0.8998), (1.207, 0.8449, 1.207), (1.0895, 1.0895, 1.0895), (0.797, 0.797, 0.797), (1.0909, 1.0909, 1.0909), (0.749, 0.749, 0.749), (1.2616, 1.2616, 1.2616), (1.157, 1.157, 1.157), (1.2098, 1.2098, 1.2098), (0.7088, 0.7088, 0.7088), (0.7321, 0.7321, 0.7321), (0.8305, 0.8305, 0.8305), (0.9438, 0.9438, 0.9438), (0.8434, 0.8434, 0.8434), (0.8898, 0.8898, 0.8898), (0.9133, 0.9133, 0.9133), (1.1015, 1.1015, 1.1015), (1.0001, 1.0001, 1.0001), (1.0202, 1.0202, 1.0202), (0.7131, 0.7131, 0.7131), (0.8483, 0.8483, 0.8483), (1.019, 1.019, 1.019), (0.8521, 0.5965, 0.8521), (0.9089, 0.9089, 0.9089), (1.1877, 1.1877, 1.1877), (0.8153, 0.8153, 0.8153), (0.9895, 0.9895, 0.9895), (1.2965, 1.2965, 1.2965), (0.7104, 0.7104, 0.7104), (0.9405, 0.9405, 0.9405), (0.843, 0.5901, 0.843), (0.7557, 0.7557, 0.7557), (0.8806, 0.6164, 0.8806), (0.5984, 0.4189, 0.5984), (0.8396, 0.8396, 0.8396), (1.2939, 1.2939, 1.2939), (0.8093, 0.8093, 0.8093), (0.8224, 0.5757, 0.8224), (1.0137, 1.0137, 1.0137), (0.7324, 0.7324, 0.7324), (0.8509, 0.5956, 0.8509), (0.8652, 0.8652, 0.8652), (1.0965, 1.0965, 1.0965), (0.5773, 0.4041, 0.5773), (0.8806, 0.8806, 0.8806), (1.2546, 1.2546, 1.2546), (1.2815, 1.2815, 1.2815), (0.7593, 0.7593, 0.7593), (0.9398, 0.9398, 0.9398), (0.8738, 0.8738, 0.8738), (0.9824, 0.9824, 0.9824), (0.9724, 0.9724, 0.9724), (1.0196, 1.0196, 1.0196), (0.7549, 0.7549, 0.7549), (1.0096, 1.0096, 1.0096), (0.9591, 0.9591, 0.9591), (1.0741, 1.0741, 1.0741), (1.2217, 1.2217, 1.2217), (0.8096, 0.8096, 0.8096), (1.1316, 1.1316, 1.1316), (0.8247, 0.8247, 0.8247), (1.1919, 1.1919, 1.1919), (0.842, 0.842, 0.842), (0.9669, 0.9669, 0.9669), (1.104, 1.104, 1.104), (0.8641, 0.8641, 0.8641), (0.8635, 0.8635, 0.8635), (0.5179, 0.3625, 0.5179), (0.9997, 0.6998, 0.9997), (0.7655, 0.7655, 0.7655), (1.2009, 1.2009, 1.2009), (1.2627, 1.2627, 1.2627), (0.7056, 0.7056, 0.7056), (0.9002, 0.9002, 0.9002), (1.2939, 1.2939, 1.2939), (0.9858, 0.9858, 0.9858), (0.7206, 0.7206, 0.7206), (1.0394, 1.0394, 1.0394), (1.0673, 1.0673, 1.0673), (0.9822, 0.9822, 0.9822), (0.8526, 0.8526, 0.8526), (0.8514, 0.5959, 0.8514), (1.225, 1.225, 1.225), (1.1942, 1.1942, 1.1942), (0.9844, 0.9844, 0.9844), (0.836, 0.836, 0.836), (0.7407, 0.7407, 0.7407), (0.773, 0.5411, 0.773), (0.9789, 0.9789, 0.9789), (1.2106, 1.2106, 1.2106), (0.7261, 0.7261, 0.7261), (0.905, 0.905, 0.905), (0.9136, 0.9136, 0.9136), (0.7782, 0.7782, 0.7782), (0.8273, 0.8273, 0.8273), (0.7141, 0.7141, 0.7141), (1.1712, 1.1712, 1.1712), (0.8881, 0.8881, 0.8881), (0.7184, 0.7184, 0.7184), (1.1954, 1.1954, 1.1954), (0.8276, 0.8276, 0.8276), (1.1534, 1.1534, 1.1534), (1.1165, 1.1165, 1.1165), (1.2581, 1.2581, 1.2581), (1.023, 1.023, 1.023), (0.7301, 0.511, 0.7301), (0.8335, 0.8335, 0.8335), (0.722, 0.722, 0.722), (0.8437, 0.5906, 0.8437), (0.9774, 0.9774, 0.9774), (0.9995, 0.9995, 0.9995), (1.1433, 1.1433, 1.1433), (1.155, 1.155, 1.155), (0.7026, 0.7026, 0.7026), (1.1203, 1.1203, 1.1203), (1.1345, 1.1345, 1.1345), (0.9493, 0.9493, 0.9493), (1.1521, 1.1521, 1.1521), (1.1986, 1.1986, 1.1986), (0.9379, 0.9379, 0.9379), (0.8453, 0.8453, 0.8453), (1.2708, 1.2708, 1.2708), (1.1118, 0.7783, 1.1118), (0.8479, 0.8479, 0.8479), (0.6791, 0.4754, 0.6791), (0.905, 0.905, 0.905), (0.8944, 0.8944, 0.8944), (1.0652, 0.7457, 1.0652), (1.138, 1.138, 1.138), (1.2517, 1.2517, 1.2517), (0.5391, 0.3774, 0.5391), (1.0783, 1.0783, 1.0783), (0.5218, 0.3653, 0.5218), (0.7764, 0.7764, 0.7764), (0.7116, 0.7116, 0.7116), (1.0709, 0.7496, 1.0709), (0.8446, 0.5912, 0.8446), (0.6095, 0.4266, 0.6095), (1.2122, 1.2122, 1.2122), (0.8927, 0.8927, 0.8927), (1.2758, 1.2758, 1.2758), (1.019, 0.7133, 1.019), (0.9317, 0.9317, 0.9317), (0.7988, 0.5592, 0.7988), (1.2541, 1.2541, 1.2541), (0.9938, 0.9938, 0.9938), (1.1083, 0.7758, 1.1083), (0.9065, 0.9065, 0.9065), (0.8371, 0.8371, 0.8371), (1.1923, 1.1923, 1.1923), (0.8391, 0.8391, 0.8391), (1.0543, 1.0543, 1.0543), (1.2356, 1.2356, 1.2356), (1.1271, 1.1271, 1.1271), (1.2736, 1.2736, 1.2736), (1.1529, 1.1529, 1.1529), (0.8066, 0.8066, 0.8066), (1.0199, 1.0199, 1.0199), (0.8794, 0.8794, 0.8794), (0.9629, 0.9629, 0.9629), (0.8206, 0.8206, 0.8206), (0.9145, 0.9145, 0.9145), (0.8714, 0.8714, 0.8714), (1.0848, 1.0848, 1.0848), (0.8467, 0.5927, 0.8467), (0.8529, 0.8529, 0.8529), (1.0096, 1.0096, 1.0096), (1.093, 1.093, 1.093), (1.1514, 1.1514, 1.1514), (0.7304, 0.7304, 0.7304), (1.2996, 1.2996, 1.2996), (0.9698, 0.9698, 0.9698), (1.1699, 1.1699, 1.1699), (0.7011, 0.7011, 0.7011), (0.7763, 0.5434, 0.7763), (1.1988, 1.1988, 1.1988), (0.7744, 0.5421, 0.7744), (1.2095, 1.2095, 1.2095), (1.266, 1.266, 1.266), (1.2726, 1.2726, 1.2726), (0.7589, 0.7589, 0.7589), (1.2106, 1.2106, 1.2106), (1.0032, 1.0032, 1.0032), (1.2054, 1.2054, 1.2054), (0.8963, 0.6274, 0.8963), (0.9478, 0.9478, 0.9478), (0.819, 0.819, 0.819), (0.692, 0.4844, 0.692), (0.7892, 0.7892, 0.7892), (0.9392, 0.9392, 0.9392), (1.0758, 1.0758, 1.0758), (1.0284, 1.0284, 1.0284), (1.2791, 0.8954, 1.2791), (0.7339, 0.7339, 0.7339), (0.7725, 0.7725, 0.7725), (0.7027, 0.4919, 0.7027), (1.0062, 1.0062, 1.0062), (1.0333, 1.0333, 1.0333), (1.259, 0.8813, 1.259), (1.2886, 1.2886, 1.2886), (1.0254, 1.0254, 1.0254), (0.9985, 0.9985, 0.9985), (0.745, 0.745, 0.745), (0.7635, 0.7635, 0.7635), (0.7335, 0.7335, 0.7335), (0.8736, 0.6115, 0.8736), (1.0899, 1.0899, 1.0899), (0.7469, 0.7469, 0.7469), (0.9707, 0.9707, 0.9707), (0.7707, 0.7707, 0.7707), (0.946, 0.946, 0.946), (0.7471, 0.7471, 0.7471), (1.0732, 1.0732, 1.0732), (1.1229, 1.1229, 1.1229), (1.2641, 1.2641, 1.2641), (1.104, 0.7728, 1.104), (0.9657, 0.9657, 0.9657), (0.8483, 0.5938, 0.8483), (1.1358, 1.1358, 1.1358), (1.0778, 1.0778, 1.0778), (1.266, 1.266, 1.266), (0.9905, 0.9905, 0.9905), (1.0021, 1.0021, 1.0021), (0.8476, 0.5933, 0.8476), (1.1499, 1.1499, 1.1499), (1.223, 1.223, 1.223), (1.0773, 1.0773, 1.0773), (1.1252, 1.1252, 1.1252), (1.1074, 1.1074, 1.1074), (0.5704, 0.3993, 0.5704), (0.8131, 0.8131, 0.8131), (1.0035, 1.0035, 1.0035), (0.7382, 0.7382, 0.7382), (0.7074, 0.7074, 0.7074), (0.9612, 0.9612, 0.9612), (0.8514, 0.8514, 0.8514), (0.8703, 0.6092, 0.8703), (1.1011, 1.1011, 1.1011), (1.0671, 1.0671, 1.0671), (0.6588, 0.4612, 0.6588), (1.2679, 1.2679, 1.2679), (1.0225, 1.0225, 1.0225), (1.0593, 1.0593, 1.0593), (1.0614, 1.0614, 1.0614), (0.8577, 0.8577, 0.8577), (1.0251, 1.0251, 1.0251), (1.2875, 1.2875, 1.2875), (0.8135, 0.8135, 0.8135), (0.8696, 0.8696, 0.8696), (0.8943, 0.626, 0.8943), (0.75, 0.75, 0.75), (0.9855, 0.9855, 0.9855), (1.0864, 1.0864, 1.0864), (0.5092, 0.3564, 0.5092), (1.1275, 1.1275, 1.1275), (1.0968, 1.0968, 1.0968), (0.9948, 0.9948, 0.9948), (0.7231, 0.7231, 0.7231), (1.0193, 1.0193, 1.0193), (1.1167, 1.1167, 1.1167), (1.1875, 1.1875, 1.1875), (1.1063, 1.1063, 1.1063), (1.2681, 1.2681, 1.2681), (1.1036, 1.1036, 1.1036), (0.7103, 0.4972, 0.7103), (0.7942, 0.7942, 0.7942), (0.8438, 0.8438, 0.8438), (0.7151, 0.7151, 0.7151), (1.2256, 0.8579, 1.2256), (0.8264, 0.8264, 0.8264), (0.7725, 0.7725, 0.7725), (1.2011, 1.2011, 1.2011), (0.6514, 0.4559, 0.6514), (1.0629, 1.0629, 1.0629), (0.8136, 0.8136, 0.8136), (0.7626, 0.7626, 0.7626), (0.7535, 0.7535, 0.7535), (0.8164, 0.8164, 0.8164), (1.2517, 1.2517, 1.2517), (1.2357, 1.2357, 1.2357), (0.7381, 0.7381, 0.7381), (1.062, 1.062, 1.062), (0.7437, 0.7437, 0.7437), (1.2101, 1.2101, 1.2101), (1.0793, 1.0793, 1.0793), (1.1745, 1.1745, 1.1745), (1.0519, 1.0519, 1.0519), (1.2588, 1.2588, 1.2588), (1.1951, 1.1951, 1.1951), (1.2675, 1.2675, 1.2675), (1.2261, 1.2261, 1.2261), (0.9919, 0.9919, 0.9919), (1.192, 1.192, 1.192), (1.0298, 1.0298, 1.0298), (0.9645, 0.9645, 0.9645), (1.0228, 0.716, 1.0228), (1.1432, 1.1432, 1.1432), (0.7779, 0.7779, 0.7779), (0.7533, 0.7533, 0.7533), (0.9367, 0.9367, 0.9367), (1.2172, 0.852, 1.2172), (0.79, 0.79, 0.79), (0.77, 0.77, 0.77), (1.1355, 1.1355, 1.1355), (1.1589, 0.8113, 1.1589), (0.7876, 0.7876, 0.7876), (0.7716, 0.7716, 0.7716), (1.1873, 0.8311, 1.1873), (0.853, 0.853, 0.853), (0.8832, 0.8832, 0.8832), (1.0688, 1.0688, 1.0688), (0.8802, 0.6162, 0.8802), (1.2153, 1.2153, 1.2153), (0.7768, 0.7768, 0.7768), (1.2633, 1.2633, 1.2633), (0.9065, 0.6346, 0.9065), (0.8187, 0.8187, 0.8187), (0.8655, 0.6058, 0.8655), (0.7245, 0.7245, 0.7245), (0.72, 0.72, 0.72), (0.906, 0.906, 0.906), (0.5813, 0.4069, 0.5813), (1.1405, 1.1405, 1.1405), (0.9778, 0.9778, 0.9778), (0.7114, 0.7114, 0.7114), (0.7823, 0.7823, 0.7823), (0.8172, 0.8172, 0.8172), (0.9251, 0.9251, 0.9251), (0.8063, 0.8063, 0.8063), (1.0056, 1.0056, 1.0056), (1.2417, 1.2417, 1.2417), (0.842, 0.5894, 0.842), (0.9469, 0.9469, 0.9469), (0.9434, 0.9434, 0.9434), (0.9172, 0.9172, 0.9172), (0.8492, 0.8492, 0.8492), (1.2637, 1.2637, 1.2637), (0.7717, 0.5402, 0.7717), (0.892, 0.892, 0.892), (0.8493, 0.8493, 0.8493), (1.1854, 1.1854, 1.1854), (0.5577, 0.3904, 0.5577), (1.2088, 1.2088, 1.2088), (0.8164, 0.8164, 0.8164), (0.9936, 0.6955, 0.9936), (1.1802, 1.1802, 1.1802), (1.258, 1.258, 1.258), (0.7516, 0.7516, 0.7516), (1.1413, 1.1413, 1.1413), (0.5941, 0.4158, 0.5941), (0.555, 0.3885, 0.555), (1.0185, 1.0185, 1.0185), (0.9045, 0.6332, 0.9045), (0.7204, 0.7204, 0.7204), (0.7685, 0.7685, 0.7685), (0.633, 0.4431, 0.633), (1.0431, 1.0431, 1.0431), (1.203, 1.203, 1.203), (1.1664, 1.1664, 1.1664), (1.0417, 1.0417, 1.0417), (0.9966, 0.9966, 0.9966), (1.1177, 0.7824, 1.1177), (0.7238, 0.7238, 0.7238), (0.9258, 0.9258, 0.9258), (1.2335, 1.2335, 1.2335), (0.7427, 0.5199, 0.7427), (0.9878, 0.6915, 0.9878), (1.0935, 1.0935, 1.0935), (1.1637, 1.1637, 1.1637), (1.0244, 1.0244, 1.0244), (0.7211, 0.7211, 0.7211), (1.1364, 1.1364, 1.1364), (0.8169, 0.8169, 0.8169), (0.7701, 0.7701, 0.7701), (1.2702, 1.2702, 1.2702), (0.893, 0.893, 0.893), (1.046, 1.046, 1.046), (0.9295, 0.9295, 0.9295), (0.8554, 0.8554, 0.8554), (0.9303, 0.6512, 0.9303), (0.8268, 0.8268, 0.8268), (0.993, 0.993, 0.993), (0.7947, 0.7947, 0.7947), (1.1856, 1.1856, 1.1856), (0.7803, 0.5462, 0.7803), (0.9229, 0.9229, 0.9229), (1.1726, 1.1726, 1.1726), (1.0346, 1.0346, 1.0346), (1.2009, 1.2009, 1.2009), (1.177, 1.177, 1.177), (0.9807, 0.9807, 0.9807), (0.8903, 0.8903, 0.8903), (1.1995, 1.1995, 1.1995), (1.0019, 1.0019, 1.0019), (1.1981, 1.1981, 1.1981), (0.8868, 0.8868, 0.8868), (0.8622, 0.6035, 0.8622), (1.2898, 1.2898, 1.2898), (1.0822, 1.0822, 1.0822), (1.0451, 1.0451, 1.0451), (0.8589, 0.8589, 0.8589), (1.1528, 0.8069, 1.1528), (0.9431, 0.9431, 0.9431), (0.5165, 0.3615, 0.5165), (0.8133, 0.8133, 0.8133), (1.2121, 1.2121, 1.2121), (1.1553, 1.1553, 1.1553), (0.8743, 0.8743, 0.8743), (0.8244, 0.8244, 0.8244), (0.9564, 0.9564, 0.9564), (1.2645, 1.2645, 1.2645), (1.0512, 1.0512, 1.0512), (1.225, 1.225, 1.225), (1.113, 1.113, 1.113), (1.1596, 1.1596, 1.1596), (0.7322, 0.7322, 0.7322), (0.9061, 0.9061, 0.9061), (1.2803, 1.2803, 1.2803), (1.2064, 1.2064, 1.2064), (1.0721, 0.7504, 1.0721), (1.0427, 0.7299, 1.0427), (0.7758, 0.7758, 0.7758), (1.1293, 1.1293, 1.1293), (0.7231, 0.7231, 0.7231), (0.7546, 0.7546, 0.7546), (1.0694, 1.0694, 1.0694), (0.9913, 0.9913, 0.9913), (1.0938, 1.0938, 1.0938), (1.0713, 1.0713, 1.0713), (0.745, 0.745, 0.745), (1.064, 1.064, 1.064), (0.9254, 0.9254, 0.9254), (1.1375, 1.1375, 1.1375), (0.8743, 0.8743, 0.8743), (0.8586, 0.601, 0.8586), (1.2431, 1.2431, 1.2431), (0.7275, 0.7275, 0.7275), (1.0934, 1.0934, 1.0934), (0.6296, 0.4407, 0.6296), (0.9156, 0.9156, 0.9156), (1.2862, 0.9003, 1.2862), (1.0543, 1.0543, 1.0543), (0.7626, 0.7626, 0.7626), (1.0859, 1.0859, 1.0859), (0.7707, 0.7707, 0.7707), (0.7662, 0.7662, 0.7662), (0.8789, 0.8789, 0.8789), (1.1856, 1.1856, 1.1856), (0.9706, 0.9706, 0.9706), (1.1057, 1.1057, 1.1057), (1.0443, 1.0443, 1.0443), (1.2539, 0.8778, 1.2539), (1.0953, 1.0953, 1.0953), (1.0455, 1.0455, 1.0455), (1.1043, 1.1043, 1.1043), (1.0029, 1.0029, 1.0029), (1.1967, 1.1967, 1.1967), (0.9599, 0.9599, 0.9599), (1.1035, 0.7725, 1.1035), (1.1396, 1.1396, 1.1396), (0.8642, 0.6049, 0.8642), (1.2057, 1.2057, 1.2057), (1.2038, 1.2038, 1.2038), (0.7834, 0.7834, 0.7834), (0.9691, 0.9691, 0.9691), (1.0687, 0.7481, 1.0687), (1.0845, 1.0845, 1.0845), (1.1176, 1.1176, 1.1176), (0.8554, 0.8554, 0.8554), (0.8242, 0.8242, 0.8242), (0.8504, 0.8504, 0.8504), (0.8374, 0.8374, 0.8374), (0.8557, 0.8557, 0.8557), (0.7162, 0.7162, 0.7162), (0.7535, 0.7535, 0.7535), (1.0052, 1.0052, 1.0052), (1.2548, 1.2548, 1.2548), (0.7764, 0.7764, 0.7764), (1.2771, 1.2771, 1.2771), (1.296, 1.296, 1.296), (1.2346, 1.2346, 1.2346), (0.8633, 0.8633, 0.8633), (1.0886, 1.0886, 1.0886), (0.7671, 0.7671, 0.7671), (0.9309, 0.9309, 0.9309), (0.7992, 0.7992, 0.7992), (0.8309, 0.8309, 0.8309), (0.8049, 0.8049, 0.8049), (0.7909, 0.7909, 0.7909), (0.7801, 0.7801, 0.7801), (1.1469, 1.1469, 1.1469), (0.8812, 0.8812, 0.8812), (1.0114, 1.0114, 1.0114), (1.225, 0.8575, 1.225), (0.8896, 0.8896, 0.8896), (0.8525, 0.8525, 0.8525), (0.8222, 0.8222, 0.8222), (0.74, 0.74, 0.74), (1.2953, 1.2953, 1.2953), (0.9894, 0.9894, 0.9894), (1.0661, 1.0661, 1.0661), (1.0741, 1.0741, 1.0741), (0.9973, 0.9973, 0.9973), (1.1989, 1.1989, 1.1989), (0.7782, 0.7782, 0.7782), (1.0738, 1.0738, 1.0738), (0.7013, 0.7013, 0.7013), (0.7216, 0.7216, 0.7216), (1.024, 1.024, 1.024), (1.2328, 1.2328, 1.2328), (0.9548, 0.9548, 0.9548), (1.0275, 1.0275, 1.0275), (0.7159, 0.7159, 0.7159), (1.2889, 1.2889, 1.2889), (1.0427, 1.0427, 1.0427), (0.7182, 0.7182, 0.7182), (0.8944, 0.6261, 0.8944), (0.8264, 0.8264, 0.8264), (0.9327, 0.6529, 0.9327), (0.7201, 0.7201, 0.7201), (1.0764, 1.0764, 1.0764), (1.202, 1.202, 1.202), (1.2942, 1.2942, 1.2942), (0.7601, 0.7601, 0.7601), (1.2353, 1.2353, 1.2353), (1.1249, 1.1249, 1.1249), (0.7624, 0.7624, 0.7624), (0.7246, 0.7246, 0.7246), (1.0345, 1.0345, 1.0345), (1.1024, 1.1024, 1.1024), (1.2019, 1.2019, 1.2019), (0.8142, 0.8142, 0.8142), (0.5614, 0.393, 0.5614), (0.8507, 0.8507, 0.8507), (0.9362, 0.9362, 0.9362), (0.9662, 0.9662, 0.9662), (0.9064, 0.9064, 0.9064), (0.793, 0.793, 0.793), (0.8017, 0.5612, 0.8017), (0.5713, 0.3999, 0.5713), (1.1128, 0.779, 1.1128), (0.7289, 0.7289, 0.7289), (0.8123, 0.5686, 0.8123), (0.9287, 0.9287, 0.9287), (0.9908, 0.9908, 0.9908), (0.8432, 0.8432, 0.8432), (0.7193, 0.7193, 0.7193), (1.134, 1.134, 1.134), (0.914, 0.914, 0.914), (1.2563, 0.8794, 1.2563), (1.1619, 1.1619, 1.1619), (0.7568, 0.7568, 0.7568), (0.8566, 0.8566, 0.8566), (1.0116, 1.0116, 1.0116), (0.6051, 0.4236, 0.6051), (0.9918, 0.9918, 0.9918), (0.845, 0.845, 0.845), (0.7297, 0.7297, 0.7297), (0.8158, 0.5711, 0.8158), (0.7666, 0.5366, 0.7666), (0.7895, 0.7895, 0.7895), (1.1703, 1.1703, 1.1703), (1.0029, 1.0029, 1.0029), (1.1249, 1.1249, 1.1249), (1.1069, 1.1069, 1.1069), (1.0025, 1.0025, 1.0025), (1.1081, 1.1081, 1.1081), (0.8999, 0.8999, 0.8999), (0.8334, 0.8334, 0.8334), (1.26, 1.26, 1.26), (0.6511, 0.4558, 0.6511), (0.7092, 0.4964, 0.7092), (1.0896, 0.7627, 1.0896), (0.7189, 0.7189, 0.7189), (0.7035, 0.7035, 0.7035), (1.1965, 0.8375, 1.1965), (1.2029, 1.2029, 1.2029), (1.0067, 1.0067, 1.0067), (0.5074, 0.3552, 0.5074), (1.1501, 1.1501, 1.1501), (1.2857, 1.2857, 1.2857), (0.7037, 0.7037, 0.7037), (0.7058, 0.7058, 0.7058), (1.2065, 1.2065, 1.2065), (0.8623, 0.8623, 0.8623), (1.2815, 1.2815, 1.2815), (0.9986, 0.9986, 0.9986), (1.0516, 1.0516, 1.0516), (0.5514, 0.386, 0.5514), (0.8922, 0.8922, 0.8922), (1.2705, 1.2705, 1.2705), (0.9773, 0.6841, 0.9773), (0.8927, 0.8927, 0.8927), (1.1079, 1.1079, 1.1079), (1.069, 1.069, 1.069), (1.0595, 1.0595, 1.0595), (0.9931, 0.9931, 0.9931), (1.1037, 1.1037, 1.1037), (0.9811, 0.9811, 0.9811), (0.8885, 0.8885, 0.8885), (1.2889, 1.2889, 1.2889), (0.7468, 0.7468, 0.7468), (1.12, 1.12, 1.12), (0.7961, 0.7961, 0.7961), (0.7329, 0.7329, 0.7329), (0.8519, 0.8519, 0.8519), (0.8559, 0.5991, 0.8559), (1.1832, 1.1832, 1.1832), (0.7367, 0.7367, 0.7367), (0.9516, 0.9516, 0.9516), (0.9426, 0.9426, 0.9426), (0.5126, 0.3588, 0.5126), (0.9759, 0.9759, 0.9759), (0.8052, 0.8052, 0.8052), (1.1778, 1.1778, 1.1778), (0.6126, 0.4288, 0.6126), (1.0882, 1.0882, 1.0882), (0.7859, 0.7859, 0.7859), (0.9494, 0.9494, 0.9494), (1.1101, 1.1101, 1.1101), (0.7853, 0.7853, 0.7853), (0.9792, 0.9792, 0.9792), (0.9099, 0.6369, 0.9099), (1.2571, 1.2571, 1.2571), (0.7538, 0.7538, 0.7538), (1.2871, 1.2871, 1.2871), (1.2475, 1.2475, 1.2475), (0.9031, 0.9031, 0.9031), (1.1821, 1.1821, 1.1821), (0.9052, 0.9052, 0.9052), (1.0544, 1.0544, 1.0544), (1.2392, 1.2392, 1.2392), (1.271, 1.271, 1.271), (0.8749, 0.8749, 0.8749), (0.9809, 0.9809, 0.9809), (1.0021, 1.0021, 1.0021), (1.2104, 1.2104, 1.2104), (1.1422, 1.1422, 1.1422), (0.7448, 0.7448, 0.7448), (1.069, 1.069, 1.069), (0.9851, 0.9851, 0.9851), (1.2179, 1.2179, 1.2179), (0.9749, 0.9749, 0.9749), (0.7091, 0.7091, 0.7091), (0.7448, 0.7448, 0.7448), (0.5306, 0.3714, 0.5306), (0.7999, 0.7999, 0.7999), (0.9724, 0.9724, 0.9724), (0.9458, 0.9458, 0.9458), (1.0455, 1.0455, 1.0455), (0.8399, 0.8399, 0.8399), (0.7788, 0.7788, 0.7788), (1.0709, 0.7496, 1.0709), (0.8621, 0.8621, 0.8621), (0.7457, 0.7457, 0.7457), (0.8067, 0.8067, 0.8067), (1.168, 1.168, 1.168), (0.7829, 0.7829, 0.7829), (0.9496, 0.9496, 0.9496), (1.0255, 1.0255, 1.0255), (1.1795, 0.8256, 1.1795), (1.2244, 1.2244, 1.2244), (1.256, 1.256, 1.256), (0.7898, 0.7898, 0.7898), (1.2517, 1.2517, 1.2517), (1.1993, 1.1993, 1.1993), (0.8933, 0.8933, 0.8933), (1.2057, 1.2057, 1.2057), (1.0064, 0.7045, 1.0064), (1.0904, 1.0904, 1.0904), (0.8699, 0.8699, 0.8699), (1.0468, 1.0468, 1.0468), (0.7129, 0.7129, 0.7129), (1.0029, 1.0029, 1.0029), (0.9124, 0.9124, 0.9124), (0.5392, 0.3775, 0.5392), (0.7362, 0.7362, 0.7362), (1.059, 1.059, 1.059), (0.9276, 0.9276, 0.9276), (1.1866, 1.1866, 1.1866), (1.2947, 1.2947, 1.2947), (1.2288, 1.2288, 1.2288), (1.1723, 0.8206, 1.1723), (1.0987, 1.0987, 1.0987), (1.2829, 0.898, 1.2829), (0.8351, 0.8351, 0.8351), (1.2726, 1.2726, 1.2726), (0.8587, 0.6011, 0.8587), (1.0548, 1.0548, 1.0548), (0.8077, 0.8077, 0.8077), (0.7417, 0.7417, 0.7417), (0.8946, 0.8946, 0.8946), (0.8428, 0.59, 0.8428), (0.9226, 0.9226, 0.9226), (1.099, 1.099, 1.099), (1.2212, 0.8548, 1.2212), (0.7894, 0.7894, 0.7894), (0.9168, 0.9168, 0.9168), (0.8305, 0.8305, 0.8305), (0.9472, 0.9472, 0.9472), (1.0611, 0.7428, 1.0611), (1.0133, 1.0133, 1.0133), (0.9161, 0.9161, 0.9161), (1.2062, 1.2062, 1.2062), (0.9726, 0.9726, 0.9726), (1.0508, 0.7356, 1.0508), (0.631, 0.4417, 0.631), (1.0334, 0.7234, 1.0334), (0.8313, 0.8313, 0.8313), (0.945, 0.945, 0.945), (1.1741, 1.1741, 1.1741), (0.96, 0.96, 0.96), (0.9092, 0.9092, 0.9092), (1.2575, 1.2575, 1.2575), (1.2299, 1.2299, 1.2299), (1.1171, 0.782, 1.1171), (0.8762, 0.8762, 0.8762), (0.7082, 0.7082, 0.7082), (0.7842, 0.7842, 0.7842), (0.9367, 0.9367, 0.9367), (1.2312, 0.8619, 1.2312), (0.7148, 0.7148, 0.7148), (0.8034, 0.8034, 0.8034), (1.1179, 1.1179, 1.1179), (1.0285, 1.0285, 1.0285), (1.0602, 1.0602, 1.0602), (0.8252, 0.8252, 0.8252), (1.1088, 1.1088, 1.1088), (1.0718, 1.0718, 1.0718), (0.9533, 0.9533, 0.9533), (1.0641, 1.0641, 1.0641), (0.958, 0.958, 0.958), (0.9771, 0.9771, 0.9771), (0.8527, 0.8527, 0.8527), (1.0985, 0.7689, 1.0985), (0.8749, 0.8749, 0.8749), (0.9499, 0.9499, 0.9499), (1.1082, 0.7757, 1.1082), (1.1084, 1.1084, 1.1084), (0.9697, 0.9697, 0.9697), (1.1534, 1.1534, 1.1534), (0.83, 0.581, 0.83), (0.9792, 0.9792, 0.9792), (1.132, 0.7924, 1.132), (0.8065, 0.8065, 0.8065), (1.2504, 1.2504, 1.2504), (1.243, 1.243, 1.243), (1.0879, 1.0879, 1.0879), (1.1606, 1.1606, 1.1606), (0.9733, 0.6813, 0.9733), (1.1488, 1.1488, 1.1488), (1.2893, 1.2893, 1.2893), (0.948, 0.948, 0.948), (0.8621, 0.8621, 0.8621), (1.0324, 1.0324, 1.0324), (1.1762, 0.8234, 1.1762), (0.8996, 0.8996, 0.8996), (0.955, 0.6685, 0.955), (1.2064, 1.2064, 1.2064), (0.9854, 0.9854, 0.9854), (1.0635, 1.0635, 1.0635), (1.0185, 1.0185, 1.0185), (0.8908, 0.8908, 0.8908), (0.7704, 0.7704, 0.7704), (0.7849, 0.7849, 0.7849), (1.0234, 1.0234, 1.0234), (1.0233, 1.0233, 1.0233), (1.053, 1.053, 1.053), (0.9222, 0.9222, 0.9222), (1.1472, 1.1472, 1.1472), (1.113, 1.113, 1.113), (0.8273, 0.8273, 0.8273), (1.2521, 1.2521, 1.2521), (0.8648, 0.6053, 0.8648), (1.2009, 1.2009, 1.2009), (1.0917, 1.0917, 1.0917), (0.7067, 0.7067, 0.7067), (0.7835, 0.5484, 0.7835), (0.8899, 0.8899, 0.8899), (0.8554, 0.8554, 0.8554), (1.2762, 1.2762, 1.2762), (1.1984, 0.8389, 1.1984), (0.7981, 0.7981, 0.7981), (1.1763, 1.1763, 1.1763), (1.1257, 1.1257, 1.1257), (1.1622, 1.1622, 1.1622), (1.1714, 1.1714, 1.1714), (0.7883, 0.7883, 0.7883), (0.9599, 0.9599, 0.9599), (1.1538, 1.1538, 1.1538), (0.8848, 0.8848, 0.8848), (0.8231, 0.5762, 0.8231), (1.2558, 0.879, 1.2558), (0.6563, 0.4594, 0.6563), (1.2425, 1.2425, 1.2425), (1.156, 1.156, 1.156), (0.8253, 0.8253, 0.8253), (1.2224, 1.2224, 1.2224), (0.718, 0.5026, 0.718), (0.8561, 0.8561, 0.8561), (1.2782, 0.8947, 1.2782), (0.9764, 0.9764, 0.9764), (1.1803, 0.8262, 1.1803), (1.1453, 0.8017, 1.1453), (1.12, 1.12, 1.12), (0.8861, 0.8861, 0.8861), (0.7115, 0.7115, 0.7115), (1.1388, 1.1388, 1.1388), (0.7148, 0.7148, 0.7148), (1.2146, 1.2146, 1.2146), (0.9311, 0.9311, 0.9311), (0.819, 0.819, 0.819), (1.2944, 1.2944, 1.2944), (0.8193, 0.8193, 0.8193), (0.7239, 0.7239, 0.7239), (0.9802, 0.9802, 0.9802), (1.2498, 1.2498, 1.2498), (0.5743, 0.402, 0.5743), (1.0979, 1.0979, 1.0979), (1.2616, 0.8831, 1.2616), (1.0772, 1.0772, 1.0772), (0.9825, 0.9825, 0.9825), (0.7276, 0.7276, 0.7276), (0.9535, 0.9535, 0.9535), (0.6488, 0.4541, 0.6488), (1.0896, 1.0896, 1.0896), (0.723, 0.723, 0.723), (0.7773, 0.5441, 0.7773), (0.8322, 0.8322, 0.8322), (0.5823, 0.4076, 0.5823), (1.2384, 1.2384, 1.2384), (0.8089, 0.8089, 0.8089), (1.1448, 1.1448, 1.1448), (0.9339, 0.9339, 0.9339), (1.0995, 1.0995, 1.0995), (1.2442, 0.871, 1.2442), (0.6247, 0.4373, 0.6247), (0.5538, 0.3877, 0.5538), (0.9574, 0.9574, 0.9574), (1.0464, 1.0464, 1.0464), (0.7083, 0.7083, 0.7083), (1.1253, 1.1253, 1.1253), (0.9094, 0.9094, 0.9094), (0.8293, 0.8293, 0.8293), (1.0614, 1.0614, 1.0614), (0.7394, 0.7394, 0.7394), (0.9287, 0.9287, 0.9287), (1.0047, 1.0047, 1.0047), (0.922, 0.922, 0.922), (1.132, 1.132, 1.132), (1.1607, 1.1607, 1.1607), (0.9681, 0.9681, 0.9681), (0.8994, 0.6296, 0.8994), (0.9163, 0.9163, 0.9163), (0.8324, 0.8324, 0.8324), (0.91, 0.91, 0.91), (0.7271, 0.509, 0.7271), (1.1029, 1.1029, 1.1029), (1.1497, 1.1497, 1.1497), (0.9932, 0.6952, 0.9932), (1.1933, 0.8353, 1.1933), (0.9023, 0.9023, 0.9023), (0.8116, 0.8116, 0.8116), (1.0526, 1.0526, 1.0526), (1.1387, 1.1387, 1.1387), (0.7105, 0.7105, 0.7105), (1.1515, 0.806, 1.1515), (1.1153, 1.1153, 1.1153), (1.2588, 1.2588, 1.2588), (1.2238, 0.8566, 1.2238), (1.193, 1.193, 1.193), (1.1154, 1.1154, 1.1154), (0.8846, 0.8846, 0.8846), (0.854, 0.854, 0.854), (0.8813, 0.8813, 0.8813), (1.153, 1.153, 1.153), (1.0541, 1.0541, 1.0541), (0.7041, 0.7041, 0.7041), (1.1253, 1.1253, 1.1253), (0.9927, 0.9927, 0.9927), (1.0395, 1.0395, 1.0395), (1.1788, 1.1788, 1.1788), (0.7656, 0.7656, 0.7656), (0.8939, 0.8939, 0.8939), (1.1675, 1.1675, 1.1675), (1.1911, 1.1911, 1.1911), (0.9617, 0.9617, 0.9617), (1.188, 1.188, 1.188), (1.0528, 1.0528, 1.0528), (0.9671, 0.677, 0.9671), (0.619, 0.4333, 0.619), (1.1842, 1.1842, 1.1842), (1.0988, 1.0988, 1.0988), (1.2514, 1.2514, 1.2514), (1.271, 1.271, 1.271), (1.034, 1.034, 1.034), (0.9664, 0.9664, 0.9664), (1.1924, 1.1924, 1.1924), (1.1386, 1.1386, 1.1386), (0.7989, 0.7989, 0.7989), (0.7339, 0.7339, 0.7339), (0.9842, 0.9842, 0.9842), (0.8266, 0.8266, 0.8266), (0.777, 0.777, 0.777), (0.8644, 0.8644, 0.8644), (1.0235, 1.0235, 1.0235), (1.0963, 1.0963, 1.0963), (0.8699, 0.8699, 0.8699), (0.9869, 0.9869, 0.9869), (0.7382, 0.7382, 0.7382), (1.1024, 1.1024, 1.1024), (1.0186, 1.0186, 1.0186), (1.0791, 1.0791, 1.0791), (0.8834, 0.8834, 0.8834), (1.0403, 0.7282, 1.0403), (1.0066, 1.0066, 1.0066), (0.9491, 0.9491, 0.9491), (1.2069, 1.2069, 1.2069), (1.0985, 1.0985, 1.0985), (0.7822, 0.7822, 0.7822), (1.0648, 1.0648, 1.0648), (0.9168, 0.9168, 0.9168), (1.121, 0.7847, 1.121), (1.2689, 1.2689, 1.2689), (0.7207, 0.7207, 0.7207), (0.9542, 0.9542, 0.9542), (0.7573, 0.7573, 0.7573), (1.2129, 1.2129, 1.2129), (0.8898, 0.8898, 0.8898), (1.1386, 1.1386, 1.1386), (0.9258, 0.9258, 0.9258), (1.0964, 0.7674, 1.0964), (0.9197, 0.9197, 0.9197), (1.0363, 1.0363, 1.0363), (1.2183, 1.2183, 1.2183), (0.9218, 0.9218, 0.9218), (1.0712, 1.0712, 1.0712), (1.2381, 1.2381, 1.2381), (1.1865, 1.1865, 1.1865)]

        def Scope "Prototypes"
        {
            def Xform "Pine"
            {
                def Mesh "Trunk"
                {
                    point3f[] points = [(0.08, 0, 0), (0.0566, 0, 0.0566), (0, 0, 0.08), (-0.0566, 0, 0.0566), (-0.08, 0, 0), (-0.0566, 0, -0.0566), (0, 0, -0.08), (0.0566, 0, -0.0566), (0.08, 0.5, 0), (0.0566, 0.5, 0.0566), (0, 0.5, 0.08), (-0.0566, 0.5, 0.0566), (-0.08, 0.5, 0), (-0.0566, 0.5, -0.0566), (0, 0.5, -0.08), (0.0566, 0.5, -0.0566)]
                    int[] faceVertexCounts = [4, 4, 4, 4, 4, 4, 4, 4, 8, 8]
                    int[] faceVertexIndices = [1, 0, 8, 9, 2, 1, 9, 10, 3, 2, 10, 11, 4, 3, 11, 12, 5, 4, 12, 13, 6, 5, 13, 14, 7, 6, 14, 15, 0, 7, 15, 8, 0, 1, 2, 3, 4, 5, 6, 7, 15, 14, 13, 12, 11, 10, 9, 8]
                    uniform token subdivisionScheme = "none"
                }
                def Mesh "Crown"
                {
                    point3f[] points = [(0.55, 0.4, 0), (0.445, 0.4, 0.3233), (0.17, 0.4, 0.5231), (-0.17, 0.4, 0.5231), (-0.445, 0.4, 0.3233), (-0.55, 0.4, 0), (-0.445, 0.4, -0.3233), (-0.17, 0.4, -0.5231), (0.17, 0.4, -0.5231), (0.445, 0.4, -0.3233), (0, 1.3, 0), (0.42, 0.9, 0), (0.3398, 0.9, 0.2469), (0.1298, 0.9, 0.3994), (-0.1298, 0.9, 0.3994), (-0.3398, 0.9, 0.2469), (-0.42, 0.9, 0), (-0.3398, 0.9, -0.2469), (-0.1298, 0.9, -0.3994), (0.1298, 0.9, -0.3994), (0.3398, 0.9, -0.2469), (0, 1.7, 0), (0.28, 1.4, 0), (0.2265, 1.4, 0.1646), (0.0865, 1.4, 0.2663), (-0.0865, 1.4, 0.2663), (-0.2265, 1.4, 0.1646), (-0.28, 1.4, 0), (-0.2265, 1.4, -0.1646), (-0.0865, 1.4, -0.2663), (0.0865, 1.4, -0.2663), (0.2265, 1.4, -0.1646), (0, 2.1, 0)]
                    int[] faceVertexCounts = [3, 3, 3, 3, 3, 3, 3, 3, 3, 3, 10, 3, 3, 3, 3, 3, 3, 3, 3, 3, 3, 10, 3, 3, 3, 3, 3, 3, 3, 3, 3, 3, 10]
                    int[] faceVertexIndices = [1, 0, 10, 2, 1, 10, 3, 2, 10, 4, 3, 10, 5, 4, 10, 6, 5, 10, 7, 6, 10, 8, 7, 10, 9, 8, 10, 0, 9, 10, 0, 1, 2, 3, 4, 5, 6, 7, 8, 9, 12, 11, 21, 13, 12, 21, 14, 13, 21, 15, 14, 21, 16, 15, 21, 17, 16, 21, 18, 17, 21, 19, 18, 21, 20, 19, 21, 11, 20, 21, 11, 12, 13, 14, 15, 16, 17, 18, 19, 20, 23, 22, 32, 24, 23, 32, 25, 24, 32, 26, 25, 32, 27, 26, 32, 28, 27, 32, 29, 28, 32, 30, 29, 32, 31, 30, 32, 22, 31, 32, 22, 23, 24, 25, 26, 27, 28, 29, 30, 31]
                    uniform token subdivisionScheme = "none"
                }
            }

            def Xform "Stone"
            {
                def Mesh "Rock"
                {
                    point3f[] points = [(0, -0.21, 0), (0.175, -0.1819, 0), (0.1416, -0.1819, 0.1029), (0.0541, -0.1819, 0.1664), (-0.0541, -0.1819, 0.1664), (-0.1416, -0.1819, 0.1029), (-0.175, -0.1819, 0), (-0.1416, -0.1819, -0.1029), (-0.0541, -0.1819, -0.1664), (0.0541, -0.1819, -0.1664), (0.1416, -0.1819, -0.1029), (0.3031, -0.105, 0), (0.2452, -0.105, 0.1782), (0.0937, -0.105, 0.2883), (-0.0937, -0.105, 0.2883), (-0.2452, -0.105, 0.1782), (-0.3031, -0.105, 0), (-0.2452, -0.105, -0.1782), (-0.0937, -0.105, -0.2883), (0.0937, -0.105, -0.2883), (0.2452, -0.105, -0.1782), (0.35, 0, 0), (0.2832, 0, 0.2057), (0.1082, 0, 0.3329), (-0.1082, 0, 0.3329), (-0.2832, 0, 0.2057), (-0.35, 0, 0), (-0.2832, 0, -0.2057), (-0.1082, 0, -0.3329), (0.1082, 0, -0.3329), (0.2832, 0, -0.2057), (0.3031, 0.105, 0), (0.2452, 0.105, 0.1782), (0.0937, 0.105, 0.2883), (-0.0937, 0.105, 0.2883), (-0.2452, 0.105, 0.1782), (-0.3031, 0.105, 0), (-0.2452, 0.105, -0.1782), (-0.0937, 0.105, -0.2883), (0.0937, 0.105, -0.2883), (0.2452, 0.105, -0.1782), (0.175, 0.1819, 0), (0.1416, 0.1819, 0.1029), (0.0541, 0.1819, 0.1664), (-0.0541, 0.1819, 0.1664), (-0.1416, 0.1819, 0.1029), (-0.175, 0.1819, 0), (-0.1416, 0.1819, -0.1029), (-0.0541, 0.1819, -0.1664), (0.0541, 0.1819, -0.1664), (0.1416, 0.1819, -0.1029), (0, 0.21, 0)]
                    int[] faceVertexCounts = [3, 3, 3, 3, 3, 3, 3, 3, 3, 3, 4, 4, 4, 4, 4, 4, 4, 4, 4, 4, 4, 4, 4, 4, 4, 4, 4, 4, 4, 4, 4, 4, 4, 4, 4, 4, 4, 4, 4, 4, 4, 4, 4, 4, 4, 4, 4, 4, 4, 4, 3, 3, 3, 3, 3, 3, 3, 3, 3, 3]
                    int[] faceVertexIndices = [0, 1, 2, 0, 2, 3, 0, 3, 4, 0, 4, 5, 0, 5, 6, 0, 6, 7, 0, 7, 8, 0, 8, 9, 0, 9, 10, 0, 10, 1, 1, 11, 12, 2, 2, 12, 13, 3, 3, 13, 14, 4, 4, 14, 15, 5, 5, 15, 16, 6, 6, 16, 17, 7, 7, 17, 18, 8, 8, 18, 19, 9, 9, 19, 20, 10, 10, 20, 11, 1, 11, 21, 22, 12, 12, 22, 23, 13, 13, 23, 24, 14, 14, 24, 25, 15, 15, 25, 26, 16, 16, 26, 27, 17, 17, 27, 28, 18, 18, 28, 29, 19, 19, 29, 30, 20, 20, 30, 21, 11, 21, 31, 32, 22, 22, 32, 33, 23, 23, 33, 34, 24, 24, 34, 35, 25, 25, 35, 36, 26, 26, 36, 37, 27, 27, 37, 38, 28, 28, 38, 39, 29, 29, 39, 40, 30, 30, 40, 31, 21, 31, 41, 42, 32, 32, 42, 43, 33, 33, 43, 44, 34, 34, 44, 45, 35, 35, 45, 46, 36, 36, 46, 47, 37, 37, 47, 48, 38, 38, 48, 49, 39, 39, 49, 50, 40, 40, 50, 41, 31, 42, 41, 51, 43, 42, 51, 44, 43, 51, 45, 44, 51, 46, 45, 51, 47, 46, 51, 48, 47, 51, 49, 48, 51, 50, 49, 51, 41, 50, 51]
                    uniform token subdivisionScheme = "none"
                }
            }
        }
    }
}
